1,PETER MAYA üá∫üá∏,"Food constitutes 54% of household expenditures in Kenya, the Government prioritized reducing the cost of living through agricultural reforms. The focus shifted from subsidizing consumption to subsidizing production and enhancing agricultural productivity.

 #AgricultureScorecard https://t.co/PXDREXTXCt",Thu Sep 12 10:42:45 +0000 2024,13,13
2,Monicah Sey üá∞üá™üá∫üá∏,"In just 2 years of his administration, the Kenya Kwanza government has managed to lower significantly, the cost of food and the cost of living. 
Kazi Iendelee 
#OnwardKenya https://t.co/5eLBTEODMb",Wed Sep 18 06:56:05 +0000 2024,17,12
3,#EndAbductionsKE,"The key factors driving the high cost of living in Kenya, including inflation, unemployment, housing costs, energy expenses, and food prices.#FOODSovereigntyNOW 
#NJAARevolution 
#LandFoodAndFreedom 
@KilimoKE
@Article43Rights
@WomenHRDs
@UhaiWetu https://t.co/wp7wm3aETN",Sat Oct 21 08:04:34 +0000 2023,9,9
4,The Dawn (Jossy..y Murage)üá∞üá™üá±üá∑,"By recognizing that food constitutes 54% of household expenditures in Kenya, President  @WilliamsRuto's government prioritized reducing the cost of living through agricultural reforms by subsidizing production other than consumption
#AgricultureScorecard 
Ruto Delivers 
The Plan https://t.co/IoGr63MyvC",Thu Sep 12 08:30:27 +0000 2024,33,12
5,Kenyans.co.ke,We want to better the economy of Kenya by helping reduce the cost of food production - CCCC Chairman Wang Tongzhou https://t.co/b3mX4o1GsU,Tue Sep 03 14:04:36 +0000 2024,17,90
6,Czar Toreto,"Food accounts for 54% of household expenses in Kenya. To reduce the cost of living, the Govt has focused on agricultural reforms, shifting from consumption subsidies to production subsidies &amp; boosting agricultural productivity Ruto Delivers 
#AgricultureScorecard 
The Plan https://t.co/bOykT1rp9M",Thu Sep 12 06:59:32 +0000 2024,23,15
7,Mary‚ô•Ô∏è,"Food accounts for 54% of household expenditures in Kenya. To ease the cost of living, the Government has prioritized agricultural reforms, shifting focus from consumption subsidies to production subsidies, boosting productivity, and reducing food costs
#AgricultureScorecard https://t.co/6HUTr8uIwe",Thu Sep 12 07:07:36 +0000 2024,0,0
8,Monicah Sey üá∞üá™üá∫üá∏,"President Ruto in a bid to boost Kenya's food security initiated the subsidy on fertilizer and other farm inputs, thus increasing food production and cutting the cost of production.
#BETAProgress 
Breaking News kitengela https://t.co/k61fwiXkKp",Tue Jul 30 12:30:29 +0000 2024,11,15
9,NTV Kenya,"President Ruto: Global economic dynamics slowed down our economic performance, resulting in increased commodity prices.

Fertilisers and cereals experienced significant price hikes, contributing to the rise in food prices and the overall cost of living.

#NTVWeekendEdition https://t.co/n2sY3W34Pw",Sun Dec 31 18:23:46 +0000 2023,5,25
10,@TisaKenya,"Dr. @Liz_Kimani of @aphrc presented the much-awaited UPR Report on the Right to Food, shedding light on Kenya's current standing. Key highlights include the impact of austerity measures on food access, the rising cost of living, and the growing challenge of malnutrition. The https://t.co/orACiRGnaS",Fri Sep 27 10:18:21 +0000 2024,12,28
11,PETER MAYA üá∫üá∏,"President William Ruto‚Äôs administration has made several efforts to address the high cost of living in Kenya, with mixed results.
1.Subsidized Fertilizers and Agricultural Support
2.Hustler Fund
3.Reduction of imports taxes on food
4. Energy reforms 
#OnwardKenya
Kazi Iendelee https://t.co/DDTt2luxu9",Wed Sep 18 09:36:08 +0000 2024,7,8
12,NTV Kenya,"THE MEMO: 

The prevailing high cost of living and unemployment have sunk millions into abject poverty. 
The KNBS report says that two in five Kenyans were poor in 2022 with one in every three unable to meet their minimum food requirements.

#NTVTonight https://t.co/EYgSalHok5",Mon Nov 18 18:10:50 +0000 2024,16,39
13,H.E President William Ruto (Commentary),"A random Kenyan just shared this with happiness and can't believe the drastic drop in the cost of a 2kg packet of unga. Back in 2022, the same packet was costing KES 230, but vitu kwa ground leo ni KES 93. Just imagine! #KaziInafanyika and Kenyans are happy. Ruto delivers ‚úîÔ∏è https://t.co/TFXpOQcxMB",Fri Nov 15 13:04:24 +0000 2024,155,912
14,Kibet Benard,"The economy of Kenya is growing,the cost of food is falling.
It's a new country for all .
Welcome home 
#DeliveringThePlan #RutoEmpowers https://t.co/lr8jV2aO2r",Fri Apr 05 03:47:23 +0000 2024,6,10
15,K. Baffour¬Æ,"The price of 1kg of tomatoes is 110 shillings in Kenya.

110Kenyan Shillings = 13 cedis

Ghanaians are OK paying GH 20 cedis for 3-4 üôÉ https://t.co/LH3m7Z5nJ4",Tue Jun 25 17:11:37 +0000 2024,423,883
16,H.E President William Ruto (Commentary),"The government of Kenya is ensuring that fertilizer reaches the farmers in time so that during the planting season, they can be able to plant without fail. This will help the country in enhancing food security, reduced cost of living, and management of inflation so as to grow out https://t.co/DN5mHofrO6",Sun Oct 27 15:19:04 +0000 2024,10,34
17,Kenya Daily Online,"""The transformation of our country is well underway. The economy has stabilized, food production has significantly increased, the cost of living has substantially reduced and the entire Bottom-Up Economic Transformation Agenda is on course"" President William Ruto. https://t.co/y2uxDzXyVP",Thu Nov 14 04:26:21 +0000 2024,45,48
18,NTV Kenya,"William Ruto: Kenya is spending KSh. 360B to import food and food items.

'Every Kenyan knows that the price of a 2kg packet of unga is now KSh. 230, up from KSh. 75 in 2018.'

#KenyaKwanzaManifestoLaunch #Maamuzi2022 https://t.co/aYgtxmo4N7",Thu Jun 30 16:38:39 +0000 2022,106,503
19,Citizen TV Kenya,"President Ruto: My administration has worked hard and consistently so that the price of essential commodities like ‚Äòunga‚Äô has dropped from Ksh.240 to Ksh.100. We reduced the cost of fertilizer from Ksh.7,500 to Ksh.2,500. The Shilling has also strengthened against the Dollar https://t.co/xExJiGBTSc",Wed Jun 26 13:44:24 +0000 2024,202,1131
20,KTN News,"CS John Mbadi: The calculation of inflation is based on the adjustment in the cost of basic commodities. In Kenya, what drives inflation is largely food and energy.

#NewsHour  @KenMijungu https://t.co/Sx5KvnOWfq",Wed Nov 27 18:35:39 +0000 2024,3,25
21,Kithure Kindiki (Commentary),Tanzanians recognize Kenya's success in keeping food prices affordable. The Kenya vs Tanzania comparison showcases Kenya's strategic efforts to reduce the Cost of Living effectively. https://t.co/yX9aXUAy1T,Wed Dec 11 04:33:14 +0000 2024,2,2
22,Czar Toreto,"Food accounts for 54% of household expenses in Kenya. To reduce the cost of living, the Govt has focused on agricultural reforms, shifting from consumption subsidies to production subsidies &amp; boosting agricultural productivity
#RutoDelivers
 The Plan https://t.co/dqsscIrL6J",Sat Sep 14 09:56:47 +0000 2024,11,8
23,Institute For Food Justice And Development,"The cost of therapeutic nutrition products in Kenya is unbearably high, leaving vulnerable, patients with minimal support. When access to life-sustaining foods are priced out of reach, it‚Äôs a food injustice. #HealthEquity #RightToFood #Nutrition https://t.co/3GJ3BRidMh",Fri Nov 01 10:27:18 +0000 2024,5,14
24,Kibet Benard,"@MlimaVirtual Food production through subside fertilizer has lowered the cost of food in Kenya .
Unga prices have dropped,Sugar prices have also dropped
#Vision2030 
#MTPIV
BETA Objectives https://t.co/Di9Sw7eieB",Thu Mar 21 08:32:04 +0000 2024,9,9
25,mwariri hassan,"In the Spirit #KaziBilaBreak the  government has reduced the cost of fertilizer from Ksh 7,000 to Ksh 2,500 to support farmers.

This has resulted in increased agricultural productivity, increased food production, reducing food prices enhance cost of living in Kenya. https://t.co/zwYZgYLVMo",Sun Feb 09 09:11:04 +0000 2025,4,2
26,KTN News,"President Ruto: Over the past two years, our government has rallied Kenya behind the bottom up economic transformation agenda. We have achieved significance progress in increasing food production and lowering the cost of living https://t.co/f6J66rnhvc",Thu Jul 11 12:30:28 +0000 2024,3,18
27,NTV Kenya,"Cost Of Living:

""We have high inflation which is driven by non-food items. It's a fact that food products have come down and they normally do come down because of the rains"" Prof Alfred Omenya 

#AMLiveNTV @zeynabIsmail https://t.co/UFSckt6d2z",Thu Nov 23 04:27:05 +0000 2023,4,19
28,"United Democratic Alliance, UDA.","The Fertilizer Subsidy Program has increased food production and hence reduced the cost of food items like maize by up to 23 percent.
#AgricultureScorecard https://t.co/OZsuboIS4H",Thu Sep 12 09:36:18 +0000 2024,24,51
29,Kenya Kwanza Commentaryüá∞üá™,"Ruto Scorecard: Increased food security, lowered the cost of food and living, lowered inflation and stabilised the economy 
#RutoDelivers 
System ya facts 

Kilifi new year Iran Catholic Raila uhuru Gachagua haiti jayden Embu Stipe blessed Sunday Thanksgiving mt Kenya https://t.co/RJEnNMHLX7",Sun Nov 17 09:58:10 +0000 2024,8,3
30,NTV Kenya,"May Inflation Up

The cost of living rose slightly in May as the inflation rate edged higher to 5.1 percent from five percent in April due to costlier food and electricity.

#NTVBusiness https://t.co/Ep7vquDmgh",Fri May 31 19:22:38 +0000 2024,4,16
31,"Cyprian, Is Nyakundi","Kenyan consumers are bracing for increasing rice and wheat flour prices this month after the government slapped a 2% levy on cereal imports starting August 12, as traders voice frustrations over increased import costs that include a myriad of additional state charges‚Äîsuch as Ksh https://t.co/cDG4VWc97M",Mon Aug 26 05:47:06 +0000 2024,79,201
32,NTV Kenya,"Food System, Science And Policy Agenda:

Dr. Dennis Rangi: As a result of climate change, invasive species cost Africa 3% of its GDP.

#Kikao https://t.co/FMajH247OA",Wed Dec 06 17:06:44 +0000 2023,1,8
33,Dee Mwaniki,"It often comes as a surprise to new arrivals in Kenya that the cost of food and essential housing products is relatively high. @KilimoKE
@Article43Rights
@WomenHRDs
@UhaiWetu https://t.co/Yj1xKh22c7",Thu Nov 23 08:30:34 +0000 2023,13,13
34,big yinksüíî,"rice - 40 naira
spag - 20 naira 
beans - 10 naira
plantain - 10 naira
meat - 20 naira.

100 naira been dey buy food that year, we are finished.",Wed Oct 09 15:58:04 +0000 2024,1311,6805
35,Chelangat‚ù§Ô∏è,"With the focus on improving food security and reducing the cost of basic commodities, Kenya is poised for better times ahead.
#RutoTheOvercomer 
Onwards https://t.co/Sljne4kSi8",Thu Feb 06 08:36:09 +0000 2025,2,1
36,Kenya Kwanza Commentaryüá∞üá™,"The implementation of the subsidized fertiliser program has significantly enhanced food security in our country, thus reducing cost of living 
#RutoDelivers 
System ya facts 

Kilifi Iran Catholic Raila uhuru Gachagua haiti jayden Embu Stipe blessed Sunday Thanksgiving mt Kenya. https://t.co/y5n9KS1ViI",Sun Nov 17 10:05:46 +0000 2024,6,2
37,EMPIRE MIKE‚Ñ¢,"The subsidized fertilizer program has significantly lowered the cost of farming inputs, boosting food production and making Kenya‚Äôs agriculture sector more competitive. #ResultsYouCanTouch, System Ya Facts https://t.co/ADYDIMB4Ym",Tue Dec 17 07:24:42 +0000 2024,3,3
38,NTV Kenya,"Kenya has slapped a two per cent levy on cereal imports in what could see an increase in the prices of maize, rice and wheat.
https://t.co/PV1KnvbT4i https://t.co/xO2tu6xcSP",Thu May 30 13:15:25 +0000 2024,28,218
39,Dee Mwaniki,"Increasing food prices in Kenya have continued to put households under pressure and raise the cost of living. @KilimoKE @ketreasury 
 @statehousekenya @1000currents
@UrgentAct
@AWID 
#FOODSovereigntyNOW
#NJAARevolution https://t.co/vjlNLTfLPe",Fri Sep 22 07:24:46 +0000 2023,10,11
40,Musalia W Mudavadi,The cost of living is becoming unbearable for a majority of Kenyans. The price of cooking oil and unga is at its highest. https://t.co/L5dW4rbj1b,Mon Jul 04 16:38:50 +0000 2022,156,1519
41,Ras Lone Walkerìâ°ìÅ• üá∫üá¨ ‚≠ê,"Karibuni huku Kenya üá∞üá™
I am much convinced that I can live in Kenya now, cost of housing is much more affordable and cost friendly than in Uganda my motherland. 

Secondly, it's only on food where the line is drawn ü•±, it's quite a price. Nevertheless ntarudi huku Kenya. https://t.co/c8KXZyfOg7",Sat Mar 30 15:11:16 +0000 2024,3,42
42,Usanifu News,"TODAY TODAY: FOOD FOR THOUGHT FESTIVAL AT NAIROBI NATIONAL MUSEUM

#HappeningNow: The Food For Thought Festival aimed at promoting Kenya's heritage through culinary tourism! 

Venue: National Museums of Kenya
Cost: Ksh 500

#IndigenousFoodFestival #CulinaryTourism https://t.co/C8CwHriYI4",Sat Oct 07 07:20:44 +0000 2023,1,2
43,rashid ramzi,"In the last regime a 50kg of fertiliser was retailing at 7000/= but today it's retailing at Ksh 2500 .The cost of food commodities is now affordable across the entire nation.Thank you Kenya kwanza administration
#DeliveringThePlan #SystemYaFacts https://t.co/2bj9yFMYQL",Fri Aug 02 06:41:36 +0000 2024,7,5
44,Monicah Sey üá∞üá™üá∫üá∏,"President Ruto in a bid to boost Kenya's food security initiated the subsidy on fertilizer and other farm inputs, thus increasing food production and cutting the cost of production.
#RutoDelivers
The Plan https://t.co/kO5L6X2drW",Sat Sep 14 11:31:23 +0000 2024,7,6
45,Linet Ida,"A strong economy isn‚Äôt just about numbers‚Äîit‚Äôs about jobs, affordability, and opportunity. A stable Kenya shilling ensures that the cost of essential imports, like fuel and food, remains manageable.#KaziBilaBreak
KBB https://t.co/s9nrbx3vL8",Sun Feb 09 09:28:40 +0000 2025,5,0
46,Hon Richard Wamalwa,"In all that we do, let's agree that Kenya Kwanza Govt has worked towards ensuring food is affordable and production cost is lowered. 

The dollar is stable at 128, and the cost of fuel is reasonable. https://t.co/RW86veY8LH",Fri Nov 15 05:44:22 +0000 2024,0,0
47,NTV Kenya,"Burdens Of The Economy:

Dr Abraham Rugo: Govt should support food production, support businesses not to close down by reversing some taxes...

The cost of credit is also too high right now. Govt should make credit available to businesses. 

#WADR @jamessmat https://t.co/vhWOhjLQEh",Tue Oct 31 19:36:33 +0000 2023,2,9
48,üí´üí•üá∞üá™EMMANUEL KEKEüá∞üá™üí•üí´,"The cost of food in Kenya has been a growing concern.Factors such as climate change, harvest losses contribute to increase of food prices. #PEOPLESASSEMBLYMOMBASA
#NJAARevolution
#FOODSovereigntyNOW @KilimoKE
@Article43Rights @UhaiWetu
@WomenHRDs @statehouseKenya @SJCcoastchapter https://t.co/VLPLx9x7Gq",Sat Dec 02 11:42:45 +0000 2023,12,14
49,ùêñùêÄùêçùêâùêàùêäùêî,"Comparing Kenya vs Tanzania, it‚Äôs clear that the Cost Of Living in Kenya is far more affordable, especially when you factor in expenses like food, rent, and transport. This makes Kenya a more attractive destination for those looking to manage their finances better. https://t.co/hm9RHb7rjV",Tue Dec 10 11:37:54 +0000 2024,2,0
50,Rufas Kamau ‚ö°,"In Kenya, the average price of goods and services for a typical household has gone up over 30% since Jan 2020. But somehow, the reported inflation today is 5.1% yoy. https://t.co/yaMJxht6AD",Sun Jun 09 13:03:01 +0000 2024,156,317
51,YWCA Kenya,"With an objective of promoting sustainable food security in urban areas, YWCA team engaged youths in field training on hydroponic farming. It ensures great volume, high quality of produce while reducing operating cost &amp; maximizing groups profitability.
#Inclusion4ClimateJustice https://t.co/ANV8yWHmkD",Fri Jul 28 08:10:31 +0000 2023,8,32
52,Lawrence Kitema,"Kenya is currently witnessing relatively stable rainfall, easing food inflation resulting to lower cost of living. Early this month, the Monetary Policy Committee (MPC) predicted inflation to moderate further in the near term. 

Overall inflation is expected to decline further in https://t.co/Xk3doX37k1",Wed Apr 17 13:16:19 +0000 2024,41,48
53,SHA'CCARI üåπ,"The government has cut the price of 2kg unga (flour) from KSh 260 to KSh 100-120, significantly reducing the cost of living and improving access to affordable food for families.
#KaziBilaBreak
Ruto Delivers https://t.co/pxOMYMZRnP",Mon Feb 17 07:59:40 +0000 2025,7,5
54,TSOE,"Food miles is a number to represent the cost of moving food around the world such as flying in beans from Kenya.

How about fuel miles?

Wood chipping biofuel from north America, gas from Malaysia.

I bought a tree trunk that was moved from just a few houses away. Zero miles",Tue Oct 17 05:26:28 +0000 2023,0,0
55,Nobody I swear:,"As per a client survey we've been conducting, supermarkets have been increasing the prices of food and essential items by approx. Kshs.15 every 2 weeks even on commodities whose global prices have been declining then blind you with 'offers'.
The Kenyan 'inflation' is very sus üòí!",Sun Apr 23 19:51:29 +0000 2023,404,858
56,Goddie,"President Ruto: 

""Our economy is out of debt distress. We have reduced the cost of food items in Kenya; we have brought down inflation from 9% to 6.8%; and our economy is growing at 5.4%. The World Bank says Kenya is the 29th fastest growing nation in the globe."" https://t.co/sL14yaU3XN",Sun Dec 17 17:13:14 +0000 2023,4,90
57,Muchiri Gichuri,"The Kenya Kwanza administration has made significant progress in enhancing food production in Kenya. 

The reduction of the cost of fertilizers making them more accessible to smallholder farmers was one of President Ruto's flagship projects and has led to increased crop yields. https://t.co/t0MEmCijGF",Tue Sep 10 07:26:39 +0000 2024,40,76
58,Gideon Kitheka Snr,"Promise Made, Promise Delivered. 

Within two years of taking office, President William Ruto @WilliamsRuto has made significant progress in lowering the cost of living in Kenya. #2YearScoreCard

Through strategic interventions, the price of unga (maize flour), a staple food, has https://t.co/cRelvx1rzR",Tue Sep 10 06:52:34 +0000 2024,46,56
59,CC,"Kenya's agricultural sector remains a cornerstone of its economy, with innovations in value addition and export strategies enhancing food security and trade earnings. Kenya VS Tanzania, Cost of Living.
 https://t.co/mK0tzwzSgu",Tue Dec 10 11:46:08 +0000 2024,0,1
60,Dr.Dennis Adison Ouma.,"-The cost of bread going up in the new Finance Bill, 2024 ,attracting a 16% VAT is nutritionally good news in Kenya.

-Bread consumption should be highly discouraged in Kenya,for better health of citizens. 

-White bread is the poorest choice of food ever embraced by Kenyans. https://t.co/RLeXFMLaS8",Sun May 12 06:34:12 +0000 2024,7,15
61,rashid ramzi,"Food security has been met by the act of subsidising production other than consumption,a bright idea under Kenya Kwanza government ‚úÖ.The cost of food commodities are affordable to common Wanjiku
#DeliveringThePlan #systemYaFacts https://t.co/Sdjmc9jewx",Fri Aug 02 05:02:17 +0000 2024,6,5
62,#EndAbductionsKE,"The cost of food in Kenya has been a growing concern. Factors such as climate change, erratic rainfall patterns, and post-harvest losses contribute to decreased agricultural productivity and increased food prices.
#LowerFoodPrices 
#NJAARevolution 
#FoodSovereigntyNOW 
@UhaiWetu https://t.co/oJrscDgII3",Fri Sep 22 08:55:14 +0000 2023,3,3
63,Maryann Kariuki,"The #SuperPriceDrop isn‚Äôt only focused on fuel; it‚Äôs also about decreasing the overall cost of living. The Kenya Kwanza government is actively working to bring down prices on everyday necessities like food.

Bei Ya Wanjiku https://t.co/8dgDHPz0r0",Tue Oct 15 04:34:26 +0000 2024,9,8
64,La General.,A comparison between Kenya and Tanzania from a Tanzanian politician indicating that Kenya is way far from Tanzania. Starting from affordable food prices. The Kenya VS Tanzania comparison highlights Kenya‚Äôs effective strategies to lower the Cost of Living https://t.co/JniOtg9FpA,Wed Dec 11 04:36:17 +0000 2024,0,0
65,Mary‚ô•Ô∏è,"The rising cost of living affects us all. Join me in a conversation about the economic challenges facing Kenya. From food prices to housing costs, let's discuss the real impact on our daily lives. 
#SautiYaWananchiKE https://t.co/XgFbtZtjWu",Mon Dec 11 10:44:59 +0000 2023,3,3
66,Rusinga Festival,"#HappeningNow: The Food For Thought Festival aimed at promoting Kenya's heritage through culinary tourism! 

Venue: National Museums of Kenya
Cost: Ksh 500

#IndigenousFoodFestival #CulinaryTourism #CelebratingDiversity https://t.co/SA9SHgpK6I",Sat Oct 07 07:08:02 +0000 2023,4,4
67,EMPIRE MIKE‚Ñ¢,"By providing subsidized fertilizer to 6.45 million farmers, the government has led to a 65% drop in maize imports. This initiative ensures Kenya remains food-secure while reducing the cost of living for citizens. #ResultsYouCanFeel. Ruto Delivers. https://t.co/jBCiSpqEof",Fri Jan 10 08:09:59 +0000 2025,4,3
68,OCTOPIZZO,"1/3

Import costs and inflation: Kenya currently rely heavily on imports for consumer goods, including food &amp; energy. Factors such as transportation costs, import taxes, &amp; currency fluctuations has significantly increased the prices of goods, making them more expensive for low https://t.co/xBPbDFn4Vk",Wed May 17 18:04:35 +0000 2023,76,466
69,ùêÉùê≤ùêßùêöùê¨ùê≠ùê≤_045 üá∞üá™üá∫üá∏,"President William Ruto's efforts to lower the cost of unga have been remarkable, with a 2kg packet now priced at only Ksh 97, down from Ksh 230. Kenya Kwanza commitment is to ensure affordable food access to many households in Kenya.
#RutoDelivers 
Promise Made
Promise Delivered https://t.co/H7YWYlN8Jr",Wed Sep 04 06:33:40 +0000 2024,15,13
70,JANE KYALO,"In all that we do, let's agree that Kenya Kwanza Govt has worked towards ensuring food is affordable and production cost is lowered. 

The dollar is stable at 128, and the cost of fuel is reasonable. https://t.co/ra9Z3vyxs5",Fri Nov 15 04:42:31 +0000 2024,22,77
71,I ‚ù§Ô∏è Kenya üá∞üá™,"Fertilizer prices have been slashed from Ksh 7,500 to Ksh 2,500, significantly boosting food production and lowering the cost of living for farmers and consumers alike.

#RutoMustGoForward
Progress You Can See
Kazi Inaonekana https://t.co/r0bDio6gd1",Fri Jan 24 07:01:50 +0000 2025,1,1
72,Joe Mbaka,"The Kenya Kwanza administration is delivering on its promises. 

The fertilizer subsidy has significantly reduced the cost of food production, making essentials like Unga more affordable for all Kenyans.

#AgendaKiambu
DP Kithure Kindiki
Economic Charters Review https://t.co/HJVQ66njVw",Mon Feb 10 12:03:52 +0000 2025,13,4
73,REPORTER,"Unga prices have more than halved, making food affordable for families across Kenya. The cost of living is finally manageable. Backwards Never #RutoMustGoOnwards Economy Is Stable https://t.co/OvGRPiqyC0",Fri Jan 31 05:57:08 +0000 2025,2,1
74,Muchiri Gichuri,"In just 2 years of his administration, the Kenya Kwanza government has managed to lower significantly, the cost of food and subsequently, the cost of living. Other efforts to make the #BETAProgress a success before 2027 include stabilising fuel prices and reducing the cost of https://t.co/Jrpc3yACas",Tue Jul 30 12:42:22 +0000 2024,28,46
75,Art fit ü™°,"The cost of a 2kg packet of maize flour has fallen from Ksh 260 to Ksh 100-120, making Kenya‚Äôs staple food more accessible to families and improving food security.#KaziBilaBreak
KBB https://t.co/7EXXgfgkWV",Sun Feb 09 10:40:08 +0000 2025,5,0
76,I ‚ù§Ô∏è Kenya üá∞üá™,"A stable economy, increased food production, and reduced inflation‚ÄîPresident Ruto‚Äôs leadership is lowering the cost of living while ensuring foreign exchange stability.

Progress you can feel.

#RutoDelivers
System Ya Facts https://t.co/eSqvE8yvvO",Sun Nov 17 09:51:58 +0000 2024,5,3
77,allAfrica.com,"Kenya's Cost of Living to Drop Further On Lower Food, Fuel Prices @Africa_newsday: https://t.co/3NGlmROoXl #Kenya https://t.co/tF4irCNGJz",Mon Apr 15 09:57:03 +0000 2024,0,0
78,Oscar Sudi Commentary,"Food security is attainable with the right policies. Kenya‚Äôs subsidised fertiliser programme has empowered millions of farmers, ensuring better yields, lower imports, and reduced cost of living.
#RutoMchapakazi
The Plan Is Working 
Visible Results https://t.co/BQ0PD8VKiN",Thu Jan 09 14:17:58 +0000 2025,3,3
79,SHA'CCARI üåπ,"Increased maize production has not only reduced reliance on imports but also lowered the cost of living. Families across Kenya are now enjoying affordable food prices. #RutoMchapakazi
The Plan Is Working
Visible Results https://t.co/rc7SJd8036",Thu Jan 09 15:02:27 +0000 2025,2,1
80,Ndegwa Njiru Adv.,"Kenya has contacted a strange deadly PANDEMIC called RUTO,symptoms are, corruption,abductions,extrajudicial killings, high cost of living,collapse of the health care system,collapse of the energy sector, collapse of the food security system,the doctors PRESCRIPTION is #RutoMustGo",Tue Sep 10 04:12:42 +0000 2024,1325,2477
81,Dr. Miguna Miguna,"The price of a power transformer in Kenya today is between $1,000.00 (Ksh. 120,000) to $20,000.00 (Ksh2,400,000) per piece.

The cost of fueling and operating Zakayo @WilliamsRuto‚Äôs entourage of 1,000 gas guzzlers, 20 helicopters, hiring crowds, security, accommodation and food",Sat Aug 17 23:09:42 +0000 2024,565,1666
82,Uzalendo News,"Raila Odinga: Giving People Fertilizers alone Will not Reduce The Cost Of Food 
#UzalendoNews | #Kenya https://t.co/4SJYRiHmlL",Fri Sep 15 13:50:17 +0000 2023,1,2
83,Linet Ida,"Kenya‚Äôs economy is no longer just surviving‚Äîit‚Äôs thriving. The low inflation rate of 2.7%, increased food production, and reduced cost of living are proof of sound leadership and strategic planning #RutoMchapaKazi
Kazi Inafanyika https://t.co/pFnpuK8YMI",Mon Nov 18 07:09:37 +0000 2024,3,1
84,Bold Perceptions Podcast,"Kenya cost of living 

About everyday I‚Äôm getting a buffet delivered to my place for $15, üá∞üá™ food isn‚Äôt that bad, especially the seafood 

My buddy went out with 2 locals, all had a big plate, some non alcohol drink, total for all 3 combined was $1.50",Sun Dec 01 08:39:59 +0000 2024,0,6
85,maureen,"Ruto‚Äôs reduction of fertiliser prices to KSh 2,500 directly supports millions of farmers, resulting in a bumper harvest and lower food prices, easing the cost of living across Kenya. #ListeningPresident Delivering The Promise",Mon Nov 25 06:19:04 +0000 2024,0,0
86,Ruto Stan!,"Kenya has improved its food production by reducing farm input costs, directly lowering the cost of living. 

The subsidized fertilizer program has been key to the reduced cost of living being experienced in the country currently. 

System Ya Facts!

#RutoDelivers https://t.co/hJ3eJ7wPQ5",Sun Nov 17 09:37:16 +0000 2024,3,0
87,Son Of Anarchy,"Kenya as it stands, is not working for anybody except all political thieves and the cement businessman who‚Äôs importing clinkers at no extra cost. Everyone else is doomed. From health to education to food security. Wake up! You will not OUT EARN bad governance!",Tue Jul 02 04:01:05 +0000 2024,924,825
88,Kenyan Wall Street,"Kenya's Cost of Living Rises in November üìâ

November data from the Kenya National Bureau of Statistics (@KNBStats) states the Inflation edged up to 2.8% from 2.7% in October, driven by a 0.6% increase in the Food &amp; Non-Alcoholic Beverages Index.

üî∫ Prices surged for:
Sugar: https://t.co/506DseeWRm",Tue Dec 03 08:51:14 +0000 2024,7,6
89,Magara,"President Ruto‚Äôs administration has significantly reduced the cost of living. The price of a 2kg pack of flour dropped from Ksh 260 to Ksh 100-120, providing much-needed relief to Kenyan households.#KaziBilaBreak
Ruto Delivers https://t.co/vcLizaU4Fx",Mon Feb 17 08:46:48 +0000 2025,1,1
90,soso‚ù§Ô∏è,"President Ruto emphasizes the undeniable truth that the cost of basic food commodities in Kenya has come down significantly. This reduction is a tangible benefit for all Kenyans, enhancing their daily lives.
#KenyasSuccessFacts
Delivering The Plan https://t.co/RWxUMXtAw5",Thu Dec 12 11:04:23 +0000 2024,0,0
91,I ‚ù§Ô∏è Kenya üá∞üá™,"The price of 2kg of maize flour (unga) has been reduced from Kshs. 230 to Kshs. 97 under Ruto, alleviating the cost of Kenya‚Äôs staple food. Promise Made
#RutoDelivers 
Promise Delivered https://t.co/wELD7SJYgr",Wed Sep 04 06:03:22 +0000 2024,0,0
92,Baluc_Mocha,"Kenya‚Äôs cost of living has skyrocketed, with rising fuel prices, electricity bills, and food costs leaving many struggling. While the government blames global factors like inflation and the Ukraine war, critics argue that poor planning and corruption play a big role.

The",Wed Dec 11 18:09:44 +0000 2024,1,40
93,JANE KYALO,"One thing about President William Ruto is that he is a go-getter. 

A man who doesnt back down until he gets what he wants. 

This man right here, with our support, is the one person who will deliver Kenya and steer the country to economic stability. 

The cost  of basic food https://t.co/nX4Whor9GF",Mon Mar 11 05:54:10 +0000 2024,5,43
94,Zoey,"The Kenyan government‚Äôs prioritization of the Big Four Agenda has brought measurable progress in housing, manufacturing, health care, and food security, transforming lives nationwide. Kenya VS Tanzania, Cost of Living.
 https://t.co/0uSbHXCDH6",Tue Dec 10 11:56:43 +0000 2024,11,0
95,Bianca‚Ñ¢,"President William Ruto is giving a giant of East Africa a new lease of life! Na #Tuliwashow The Kenya Kwanza government was the only antidote to the high cost of living! Most of the basic food commodities, including sugar, which was trading at around KES 500 per 2 kg and is now https://t.co/rSCjNHuapz",Wed Apr 17 06:19:17 +0000 2024,21,95
96,Kloppo - The Normal One,"Food production has increased, and the cost of food has gone down. Inflation is under control, and the economy is stable. System Ya Facts: Leading Kenya towards food security and stability. #RutoDelivers https://t.co/pa6ceAujm0",Sun Nov 17 09:31:33 +0000 2024,0,0
97,Kenya News Agency - Department of Information,"Most farmers in Kitui County have recorded bumper harvests in the  recent past two rainy seasons, which has resulted in a price decrease of  farm food produce.https://t.co/dBITGxRvHz @SpokespersonGoK https://t.co/xiizP7hMar",Mon Jun 03 07:11:35 +0000 2024,1,2
98,Impossible is Nothing ‚úçÔ∏èüá∞üá™,"Kenya's progress in lowering the cost of basic food commodities is undeniable. Today, families are spending less on essentials, ensuring better financial stability. 

#KenyasSuccessFacts
Delivering The Plan https://t.co/aH6cVLAWvd",Thu Dec 12 11:39:32 +0000 2024,0,0
99,ElyüçÇ,"Comparing Kenya vs Tanzania on the cost of living, Kenya's integrated markets ensure stable food prices across regions. Tanzania struggles with high transportation costs, which inflate prices in remote areas. https://t.co/bXQThiDM6i",Tue Dec 10 11:47:23 +0000 2024,8,0
100,Chelangat‚ù§Ô∏è,"Under President Ruto's administration, the cost of basic food commodities has decreased. This essential change means families across Kenya can now afford daily necessities without breaking the bank, enhancing overall living standards
#VituKwaGround 
Ruto Delivers https://t.co/EY1AETyu4C",Thu Dec 19 09:12:14 +0000 2024,0,1
101,Travis,"A Tanzanian politician highlights Kenya's remarkable success in keeping food prices affordable and effectively managing the cost of living. In a video, he praises Kenya's strategies for reducing the prices of essential commodities.  https://t.co/k5ASl1tS0h",Fri Dec 13 04:47:26 +0000 2024,3,1
102,Further Africa,"Kenya's cost of living 2023 |food prices aggravate inflation by The Exchange #africa #furtherafrica

https://t.co/fRP4DvO5XR",Wed Jan 17 12:47:13 +0000 2024,0,0
103,Oscar Sudi Commentary,"The government‚Äôs Subsidised Fertiliser Programme is driving down food prices while stabilizing the dollar is cutting the cost of imports. Combined with the recent fuel price drop, is Kenya finally on a path to affordability?
#SuperPriceDrop
Ruto Delivers https://t.co/S7pQpUb5zp",Tue Oct 15 05:05:34 +0000 2024,2,1
104,Mr. Kinuthia Pius.,"The man with the ART OF STABILIZATION. 

He has stabilized Bandit prone regions in Kenya. 

He has stabilized food prices in Kenya 

He has stabilized the cost of fertilizers in Kenya. 

He has stabilized the shilling against the dollar. 

And NOW, he has stabilized Haiti. https://t.co/ceOmFbfQPT",Tue Sep 24 09:08:37 +0000 2024,5,11
105,Africa Consumers,"From biodiversity loss to poisoned food chains, the cost of pesticide dependence is too high. Kenya must shift to farming systems that prioritize life over profit. #NoMoreToxicPesticides",Mon Dec 09 07:57:43 +0000 2024,3,4
106,Mzalendo,"A new report has revealed how the cost of living and unemployment sank millions of Kenyans into poverty, leaving two in five Kenyans poor in 2022, with one in every three citizens unable to meet their minimum food requirements.
https://t.co/aZeRAsOA4t
via @NationAfrica https://t.co/hpmZFupcSd",Mon Nov 18 03:47:37 +0000 2024,18,27
107,TheStarKenya,"President says cost of living can only drop by supporting farmers to generate enough food
https://t.co/BTa2bclNOU",Sat Jan 13 12:37:42 +0000 2024,10,177
108,JANE KYALO,"The Kenya Kwanza Govt has been working to reduce the cost of production for the last couple of months. 

This has made the cost of food products reduce immensely. 

With the laid plans, we expect the production costs to continue dropping and in turn the cost of food to be lower https://t.co/odcqnKFtZr",Tue Sep 24 10:47:16 +0000 2024,3,19
109,KeÕ•nnÕ£eÕ´·ñô‚ÑΩ‚Å∂ìÖì,The cost of unga (2kg flour) has reduced from KSh 260 to KSh 100-120. #KaziBilaBreak Ruto Delivers. https://t.co/9HIlVT3oQT,Mon Feb 17 08:15:08 +0000 2025,1,1
110,Shi Mutaleüáøüá≤,"Mwisho, the cost of eating potatoes has escalated from K99.99 in January to an astonishing K219 in May.

This is for a 10kg kasaka.

How will people feed families and manage to make salads by december on christmas day? https://t.co/WpyyGRXR6r",Wed May 15 11:31:52 +0000 2024,48,405
111,Stephen „ÄΩÔ∏è,"Small-scale traders and open markets in Kenya keep food prices lower in Kenya vs Tanzania, ensuring a better cost of living for citizens.https://t.co/c8t8FhQueC",Tue Dec 10 11:47:54 +0000 2024,0,0
112,Missy G ü©∑üíØüí•üí´,"With 95 million bags of maize and other food stocks, Kenya has achieved food security. This progress has brought down maize prices, reducing the cost of living for millions. #ResultsThatTouchLives Feel The Impact https://t.co/rVcVcaDT7c",Sun Jan 19 13:03:22 +0000 2025,1,0
113,Pig Man Bazu,"With affordable cost of living, food, transport, healthcare and business can really thrive thus promoting our economy. #PowerInPeople
Peoples Economy Townhalls

@ActionAid
@Activista047
@GP_Kenya
@Actionaid_Kenya
@YouthAliveKenya
@UhaiWetu
@OkoaUchumi_KE
@Oxfam
@MzalendoWatch https://t.co/Y1GN5WGhMg",Wed Dec 13 08:48:57 +0000 2023,5,2
114,ùêÉùê≤ùêßùêöùê¨ùê≠ùê≤_045 üá∞üá™üá∫üá∏,"The #SuperPriceDrop isn't just about fuel. it's helping lower the overall cost of living. The Kenya Kwanza government has taken strong steps to reduce prices on everyday essentials like food.
#SuperPriceDrop
Cost of Living https://t.co/LJhh9JF2ik",Tue Oct 15 04:50:35 +0000 2024,13,6
115,Recgroop,"üá∞üá™ Kenya: Nov '23 sees food inflation at 7.8%. ü•ó In Kenya, this influences staples like ""Ugali"" &amp; ""Nyama Choma,"" influencing the cost of key food items. #Kenya #FoodCosts üçö",Wed Dec 27 07:45:29 +0000 2023,0,0
116,KERUBO,"Kenya‚Äôs food markets remain stable due to agricultural investments. In Kenya vs Tanzania, Cost of Living, Tanzania lacks similar stability, impacting household expenses. https://t.co/pls3WnlC0l",Tue Dec 10 11:23:34 +0000 2024,0,0
117,U D A - Official Fans Page.,"A man on a mission, with no luxury to surrender.

Just a quick scan:

1. 6kg Gas is now between 900-1050/- today 

2. 1L of cooking oil is retailing at 200 - 250/-

3. 2kg of Unga is retailing at 109-130/-

4. 1kg of sugar is now at Ksh. 110-160/-

5. Bei ya mafuta nayo inashuka. https://t.co/MVGjUoO4Nb",Sun May 12 13:32:02 +0000 2024,52,595
118,Joel Mulwa jr,"President William Ruto's plan of subsidizing fertilizer remains a game changer in food security course ,now Kenya is food secure bringing even the cost of food prices down .
#RutoMchapakazi
The Plan Is Working 
Visible Results https://t.co/zpUgwyqH66",Thu Jan 09 13:40:34 +0000 2025,12,4
119,BenzeeüóΩ,"To tackle the high cost of living in Kenya, where food represents 54% of household expenses, the government is implementing agricultural reforms that emphasize production subsidies over consumption subsidies and aim to boost agricultural productivity.#AgricultureScorecard 
Ruto https://t.co/9PNfIEaQ4K",Thu Sep 12 07:02:12 +0000 2024,5,4
120,The Kenyan Vigilante,Hassan Omar Kenya Kwanza SG says Government has lowered the cost of food prices in the country! https://t.co/iXeYAe4seC,Thu Nov 07 09:12:49 +0000 2024,0,5
121,NTV Kenya,"Starting this week, a 400 gramme loaf of bread will cost Sh5 more:

Cooking oil, bread, milk price rise signals expensive Christmas.
https://t.co/N235d7pz8k https://t.co/wEOlETPyet",Tue Nov 16 15:42:34 +0000 2021,213,470
122,Duke of Mbooni‚Ñ¢üá∞üá™,"The reduction in fuel prices will have a ripple effect on the economy, lowering the cost of transportation, food production, and other essential goods. Kenya Kwanza is committed to lowering living costs!
 #SuperPriceDrop
Ruto Delivers https://t.co/VYaOMRs0QV",Tue Oct 15 04:18:34 +0000 2024,2,2
123,Social Justice Centres Working Group,"The rising cost of living in Kenya is pushing the people into poverty with rising debts, inability to meet basic needs and food insecurity yet the government is doing totally nothing to combat the looking crisis. #NjaaRevolution #FoodSovereigntyNow
@Article43Rights https://t.co/nELXCRcty3",Thu Nov 16 09:25:31 +0000 2023,17,25
124,State House Spokesperson - Kenya,"Unga prices have started going down just as President @WilliamsRuto had assured Kenyans over the weekend. Prices have dropped to Ksh159 and Ksh 160, depending on the millers. When the President assumed office last year, a 2kg packet was retailing at approximately Ksh230. https://t.co/9eJh45CTBM",Mon Apr 17 12:28:47 +0000 2023,78,307
125,ùóûùóúùó£ùó•ùó¢ùóßùóúùóñùóõ ùó¶ùó°ùó•,"In Kenya vs Tanzania, food affordability makes a huge difference in the cost of living. Kenya's fertilizer subsidies and agricultural investments keep food prices stable, while Tanzanians face higher food costs due to limited input support

https://t.co/SdzFDtk7qW",Tue Dec 10 11:12:05 +0000 2024,0,0
126,SHA'CCARI üåπ,"The government has sustained its commitment to food security by reducing fertilizer prices from KSh 7,500 to KSh 2,500. This has boosted agricultural productivity, ensuring more affordable food for all Kenyans.
#KaziBilaBreak
Ruto Delivers https://t.co/ZChROktAYb",Mon Feb 17 07:27:49 +0000 2025,1,0
127,Nation Breaking News,PRESIDENT KENYATTA orders Agriculture CS Munya to increase price of unprocessed rice from Sh45 to Sh85 per kg after complaints by farmers. https://t.co/R8uJ0wbRTN,Sat Feb 01 14:01:15 +0000 2020,172,763
128,Janet Machuka,"As a Kenyan, buying a loaf of bread nowadays is a waste of money! I‚Äôd rather cook maandazi to be eaten for 5 days than spending Ksh. 239 for 1.5Kg for 2 days!",Mon May 06 06:56:30 +0000 2024,189,1402
129,Bianca‚Ñ¢,"President William Ruto has performed exceptionally well, but if you're clouded by HATE , you can't see. The price of fertiliser went from KES 7500 to KES 2500; Unga went from KES 240 to less than KES 140; and the Kenyan shilling that many expected to hit KES 200 against the https://t.co/zppJ2l45Ja",Sun Jun 30 13:58:15 +0000 2024,97,461
130,KERUBO,"In Kenya vs Tanzania, Cost of Living, Kenya‚Äôs policies lower food costs, showing how agricultural subsidies create direct benefits for citizens compared to Tanzania https://t.co/APklWJbxjB",Tue Dec 10 11:22:03 +0000 2024,1,0
131,KERUBO,"The Kenya vs Tanzania, Cost of Living comparison underscores Kenya's commitment to affordable food through subsidies, unlike Tanzania‚Äôs costly production ecosystem. https://t.co/fAd4EafYtG",Tue Dec 10 11:37:16 +0000 2024,0,0
132,KERUBO,"Kenya demonstrates the power of subsidies in reducing food costs. In Kenya vs Tanzania, Cost of Living, Tanzanians grapple with higher prices driven by costly inputs. https://t.co/pls3Wnl4aN",Tue Dec 10 11:30:11 +0000 2024,1,0
133,Mr. Kinuthia Pius.,"I promised to do a live video inside a supermarket showing prices of various commodities. 

Several supermarkets have declined to authorise that.

However, I managed to take some photos..

‚úÖÔ∏è2KG Unga=Ksh. 149 from Ksh. 230
‚úÖÔ∏è5Ltrs of Cooking oil=Ksh. 1245 from Ksh 2300 https://t.co/EMJ8XpuLec",Thu Sep 14 16:20:00 +0000 2023,88,522
134,MUHAMMAD ONYANGO,"A plate of large fish in Lwang'ni beach in Kisumu is Kshs 1000, the same dish is Kshs 400 in a decent Nairobi restaurant... Explain (10mks) https://t.co/KCz57jUKsi",Sat Jun 27 05:58:36 +0000 2020,202,909
135,ùêÉùê≤ùêßùêöùê¨ùê≠ùê≤_045 üá∞üá™üá∫üá∏,"We Have Reasons, Kenya has reached a historic milestone of 95 million bags of maize and other food reserves through President Ruto, ensuring stability in food supply and lowering the cost of living.

#WhyKumiBilaBreak 
Ruto Must Go Onwards 
USAID PAYE Al-Shabaab https://t.co/dB1krnDF4F",Tue Feb 04 08:58:12 +0000 2025,4,6
136,H.E President William Ruto (Commentary),"Dear Kenyans, here's a reminder: 

‚Ä¢ 1Kg Sugar is Khs 110 frm 240

‚Ä¢ Dollar is Khs 129 frm 160

‚Ä¢ 6kg Gas is Kshs 1000 frm 1500

‚Ä¢ 1L cooking oil is Kshs 200 frm 400

‚Ä¢ 2kg unga is Kshs 97 frm 230
        
‚Ä¢ Fertilizer is Kshs 2500 frm 7000

President Ruto listens to all. https://t.co/yJBAy8u3hl",Mon Feb 10 04:01:55 +0000 2025,116,1290
137,H.E President William Ruto (Commentary),The drop in Unga prices from Ksh 260 to Ksh 100-120 means more affordable food for households across Kenya. A clear demonstration of #RutoTheOvercomer‚Äôs commitment to improving the cost of living and impacting lives positively. This is impact you can feel that we have not seen https://t.co/eVaQDI1GuF,Mon Jan 20 05:31:56 +0000 2025,66,73
138,BenzeeüóΩ,"Kenya and Tanzania both feel the impact of global economic pressures, but Kenya‚Äôs focus on stabilizing food prices and reducing inflation sets it apart. These policies are driving Kenya‚Äôs path to economic recovery.Kenya VS Tanzania 
Cost of Living",Tue Dec 10 12:06:30 +0000 2024,1,3
139,KERUBO,"Kenya‚Äôs food security strategies make staples more accessible. In Kenya vs Tanzania, Cost of Living, Tanzanians contend with expensive food due to minimal input subsidies. https://t.co/lD873jE9pW",Tue Dec 10 11:32:09 +0000 2024,0,0
140,KERUBO,"The Kenya vs Tanzania, Cost of Living debate shows Kenya‚Äôs proactive agricultural approach ensuring food affordability, leaving Tanzania trailing in high prices. https://t.co/lD873jE9pW",Tue Dec 10 11:19:36 +0000 2024,0,0
141,KERUBO,"In Kenya vs Tanzania, Cost of Living, Kenya takes the lead by ensuring affordable food through fertilizer subsidies. Tanzanians feel the pinch of higher grocery prices. https://t.co/fAd4EafYtG",Tue Dec 10 11:40:20 +0000 2024,1,0
142,Liam,"The stabilization of the Kenya shilling at KSh129 per USD is reducing the cost of imports, making goods such as fuel, food, and electronics more affordable for Kenyans. Backwards Never. Economy Is Stable. #RutoMustGoOnwards https://t.co/HJgVDwZ8Ho",Fri Jan 31 06:25:44 +0000 2025,10,1
143,ùêñùêÄùêçùêâùêàùêäùêî,"Kenya vs Tanzania shows a stark difference in the Cost Of Living. In Kenya, everyday essentials like food and transport are significantly cheaper, making it easier for individuals and families to thrive without having to stretch their budgets too thin. https://t.co/fcpu3Do1EF",Tue Dec 10 12:03:09 +0000 2024,6,4
144,KERUBO,"Kenya‚Äôs subsidies for farmers reflect in lower food prices. In Kenya vs Tanzania, Cost of Living, Tanzania struggles with limited support, affecting affordability. https://t.co/fAd4Eagwje",Tue Dec 10 11:50:28 +0000 2024,3,0
145,Kelvin Omukungu,1 kg of bread now costs 5500shs-6000shs. Thank you m7 for the good leadership.,Wed Jul 06 05:04:37 +0000 2022,115,939
146,Bianca‚Ñ¢,"Kenyans have been grappling with the high cost of living for the past 3 years, occasioned by the high cost of fuel and food prices due to the high cost of importation given that Kenya is a net importer. The high importation costs were a result of the weakening of the Kenyan https://t.co/UUWdYMoKIM",Tue Apr 16 07:48:06 +0000 2024,6,23
147,Mkenya Halisi,"Kenya vs Tanzania: Looking at the Cost Of Living, Kenya‚Äôs affordability stands out. With cheaper housing, food, and transportation, the financial pressures are lower in Kenya compared to Tanzania, where costs have surged in recent years. https://t.co/DsEwx3svnU",Tue Dec 10 12:04:19 +0000 2024,0,0
148,Phannie A. Kwegah üá∞üá™,"Nmeingia kibanda nikapewa kuku kienyeji managu na ugali, all for 220/-while others would charge an arm and a leg for such an elite meal.

Karibu niitishe sosa nikaona it‚Äôs not good to burn!! https://t.co/8lZOPLZeZp",Mon Nov 07 09:41:25 +0000 2022,6,214
149,ElyüçÇ,"In Kenya vs Tanzania, food affordability makes a huge difference in the cost of living. Kenya's fertilizer subsidies and agricultural investments keep food prices stable, while Tanzanians face higher food costs due to limited input support. https://t.co/zNzEkMILA8",Tue Dec 10 11:10:44 +0000 2024,0,0
150,NTV Kenya,"President Ruto: When we say that the cost of basic food commodities has come down, it‚Äôs a fact‚Ä¶when we say that Kenyans who have registered for Taifa Care are receiving better services than before, it‚Äôs a fact. We encourage everyone, including our critics, to engage on the basis https://t.co/vHaw9GVdBG",Thu Dec 12 10:28:39 +0000 2024,6,22
151,Bianca‚Ñ¢,"Who said that everyone who supports the government is paid to do so? If, for example, the cost of Unga was KES 260 under Uhuru Kenyatta, yet he was channelling billions of dollars in the name of subsidies to maize millers, but under Ruto Unga is between KES 100 and 130 without https://t.co/Lurw45pcaD",Sun Jun 23 18:29:04 +0000 2024,118,814
152,Bianca‚Ñ¢,"My grandma is very happy that she can comfortably afford to buy sugar at KES 260 per 2 kg, unga at KES 110 per 2 kg packet, and fertiliser at KES 2500! She says the aforementioned products were costing KES 450, KES 230, and KES 7500, respectively, under Uhuru Kenyatta and people https://t.co/tk5A9QyyHW",Mon Jul 29 15:28:30 +0000 2024,78,517
153,OTIENO ONYANGO,"Kenya VS Tanzania: You can‚Äôt debate fuel na food security. Huku Kenya, Ruto ame-focus na afanye kweli.  Cost of Living lazima ionekane kwa mwananchi wa kawaida.

 https://t.co/kDKuz7yeWn",Wed Dec 11 04:15:42 +0000 2024,0,0
154,Minyi,"Tarmacking of this road will have a very huge impact
1. Areas around Rombo are the food basket of Kenya-easier transportation of foods to Nairobi and reducing their  cost in Nairobi 
2. Easier route to Mombasa",Wed Dec 25 08:48:45 +0000 2024,10,17
155,Midnight Snack,"12 slices of cheese cost almost K35.

A [decent] block of cheddar isn't less than K150.

A tray of eggs will set you back K70.

Proper margarine (forget butter) about K50.

Your current employer gives you Ricoffy, 5 Roses, and sugar, if at all.

But it's just food.",Mon Dec 12 05:13:54 +0000 2022,24,223
156,Senator Kiprotich Arap Cherargei,"UNGA PRICES
Handshake govt 2020-2022(Uhuru + Raila) =280/= per 2kg
H.E Ruto govt = 150/= per 2kg eventually cost of living will come down &amp; affordable to all Kenyans.

 The master stroke is subsidising the production over consumption thro farming / food security. https://t.co/fq7Yh7UdeC",Mon Apr 17 13:01:46 +0000 2023,96,699
157,ùêñùêÄùêçùêâùêàùêäùêî,"If you compare Kenya vs Tanzania, it‚Äôs obvious that the Cost of Living  in Kenya is lower, making it easier for Kenyans to afford essentials like food, transport, and housing. https://t.co/mZEsIMhZjP",Tue Dec 10 11:54:57 +0000 2024,7,0
158,Duke of Mbooni‚Ñ¢üá∞üá™,"Kenya and Tanzania both face global economic pressures, but Kenya is addressing the cost of living more effectively. By looking at Kenya vs Tanzania,policies like stabilizing food prices and lowering inflation are putting Kenya on the right path to economic recovery.",Tue Dec 10 12:00:59 +0000 2024,0,1
159,Shoba Gatimu,"America ni kama Kenya.
ü§£
Food is expensive, cost of living is through the roof, 'tribal/race' politics, and outsiders getting more money than residents. Makes sense why Biden and Ruto think they are the best thing since sliced bread. Script yao ni same.",Sun Oct 13 16:03:50 +0000 2024,29,41
160,EMPIRE MIKE‚Ñ¢,"With Kenya‚Äôs food exports thriving, local prices for staples remain lower than in Tanzania. Kenya VS Tanzania Cost of Living
 https://t.co/mDdSKruxfH",Tue Dec 10 11:47:52 +0000 2024,1,0
161,Donald B Kipkorir,"1. BREAD PRICES CHANGES IN KENYA &amp; US

Kenya (Kshs)                 US (us$)
2002: 18.                           1.58
2013: 48.                           1.42
2022: 60.                           1.61

Kibaki increased bread price of Moi by 266%. Uhuru of Kibaki by 125%.",Wed Apr 27 17:17:10 +0000 2022,57,237
162,Maximus Decimus Meridius.Kolade üòú,Putin was just sitting in Moscow then he hears he is responsible for high cost of food in Kenya.,Sun Dec 17 17:53:22 +0000 2023,0,0
163,Maryüá∞üá™,"Kenya VS Tanzania: When it comes to the cost of living, Kenya offers cheaper essential goods like food, making it a more affordable choice for residents. Cost of Living https://t.co/9rGaBHgiZA",Tue Dec 10 11:25:46 +0000 2024,4,0
164,Dr. Ho Yinsen,"Kenya Kwanza bragged about reducing food inflation with their fertilizer scam &amp; cost of power yet rain played the biggest part and the gods decided to show them who is boss. 
Now it is November and short rains aren't forthcoming. Did they invest in things like irrigation?",Mon Oct 28 16:25:53 +0000 2024,72,94
165,U D A - Official Fans Page.,"Kenyans! #ResultsYouCanSee

UHURU: 6kg Gas was Kshs. 1500.
RUTO: 6kg Gas is Kshs. 1000. 

UHURU: 1L cooking oil was Kshs.400.
RUTO: 1L cooking oil is Kshs. 200.

UHURU: 2kg unga was Kshs. 230. 
RUTO: 2kg unga is Kshs. 97.

UHURU: 1kg sugar was Kshs. 250. 
RUTO: 1Kg sugar is Kshs. https://t.co/cmW3zH6bf9",Wed Dec 18 06:40:55 +0000 2024,58,457
166,Rwakakamba Morrison,"Cost of living: Kenya is 7% more expensive than Uganda. Rwanda is 9% more expensive than Uganda. A basic meal with a drink costs $2.7 (Uganda) and $3.62 for Kenya. In Uganda, less money buys more. These things should factor in our discussions as we debate our wealth and poverty!",Wed Apr 28 07:47:48 +0000 2021,204,671
167,Bianca‚Ñ¢,"1. Unga is now at around KES 120, down from KES 240 per 2 kg.
¬†
2. The Kenya Shilling is currently the best-performing currency in Africa, from 162 to KES 128 against the dollar.

3. Sugar: from KES 400 per 2 kg to KES 280.
¬†
4. Cooking oil and sugar prices have dropped.

5. https://t.co/y1s1prGhEm",Tue Jun 18 19:36:00 +0000 2024,94,584
168,Nick Tsai,"Kenya‚Äôs food import bill contracted 12% to KSh266.4B, reflecting improved agroeconomic equilibrium, enhanced domestic agronomic productivity, and reduced dependency on exogenous alimentary commodities. @JosephMasta @Haajid_yassin @WilliamsRuto https://t.co/ggbfAOv3Vf",Thu Feb 13 04:28:52 +0000 2025,0,0
169,U D A - Official Fans Page.,"The cost of living is steadily coming down for all Kenyans. H.E President Ruto has managed to stabilise the economy.

i. Unga @ 2Kgs 154/=
ii. Ndovu @ 2kgs 179/=

iii. Taifa Gas 6kg @850/=
iv. 13Kg @1500 /=

v. Sugar 2kgs @270/=

vi. Bar soap @135/=

vii. Milk @49/= https://t.co/KQRZzK81VQ",Mon Feb 27 17:16:32 +0000 2023,39,293
170,BusinessDaily,"Kenya‚Äôs core inflation has remained unchanged despite fluctuations in the overall cost of goods and services over the last 18 months, indicating that households are under pressure from high prices of consumer items other than fuel and food. 
https://t.co/GquLwHR4l2",Mon Oct 14 05:00:09 +0000 2024,1,3
171,SHA'CCARI üåπ,"Food costs in Kenya are relatively lower, with affordable options for everyone from street food to supermarket groceries, making it easier for Kenyans to feed their families things 
Tanzanians dream of!
Kenya VS Tanzania 
Cost of Living 

https://t.co/WpOMJvAvOu",Tue Dec 10 12:05:03 +0000 2024,0,0
172,Bianca‚Ñ¢,"Within a week in government, CS Wycliffe Oparanya has realised that Ruto's administration has done a lot! When your heart is clouded by hate, bitterness, and ignorance, you don't realise that:

The cost of a 2 kg packet of Unga that was at KES 240 two years ago is now at KES 100! https://t.co/jjOe930wWq",Sat Aug 17 17:57:24 +0000 2024,41,269
173,Kenyans.co.ke,"Once approved for commercialisation, the item will trade at Ksh35, factoring in the cost of producing a kilogram of the flour (Ksh23 per kilo) plus other expenses.

https://t.co/xoiqqUC988",Mon Apr 24 14:14:26 +0000 2023,200,1402
174,Moe,"Maize prices in Kenya have increased by 9.9% to Sh57 per kg, and wheat by 10.9% to Sh106 per kg since August.

This is due to the implementation of a new 2% tax on cereal imports and a 0.3% tax on exports",Wed Sep 18 05:00:42 +0000 2024,152,407
175,Jo,"The Cost of Living in Kenya VS Tanzania is a clear indicator of Kenya's economic success. Everyday essentials such as food and building materials cost less in Kenya, making life more affordable for its citizens.",Tue Dec 10 12:28:42 +0000 2024,0,0
176,Dr. Toks ü¶á,"They are so quick to compare minimum wage, but they won't compare the cost of living. A litre of petrol in Kenya is 199KES = N2500. 

To study medicine in any of the top public universities in Kenya, you will need a minimum of  600,000KES, which is about N7.5m in a public https://t.co/u23ZEtiqFl",Fri Jul 19 13:17:47 +0000 2024,237,488
177,OTIENO ONYANGO,"#RutoIsDelivering
Kazi Inafanyika! The cost of fertiliser dropped from KSh 7,500 to KSh 2,500 under the Subsidised Fertiliser Programme. With 6.45M farmers supported, Kenya achieved record maize production‚Äî74M 90kg bags‚Äîcutting food prices &amp; easing the cost of living for all.",Tue Nov 26 06:28:31 +0000 2024,0,0
178,ùêñùêÄùêçùêâùêàùêäùêî,"Kenya vs Tanzania: In terms of the cost of living, Kenya is more budget-friendly, with lower prices for food, housing, and transport than Tanzania.
 https://t.co/jtfLzemZue",Tue Dec 10 11:13:03 +0000 2024,1,0
179,JaPrado.,"Ever wondered the true cost of training Medical Drs? Here's a breakdown:

Fee: 500k/yr. 6 yrs = 3M
Rent and Food: Minimum 15k/month
That's 1.08M in 6yrs
Amenities:500k. 
Total: Approx 5M

The brain drain is sad given most doctors wouldn't leave Kenya if conditions were right.",Fri Feb 09 04:51:36 +0000 2024,9,72
180,TheStarKenya,"Families in Western and Nyanza regions are technically living hand to mouth, spending close to 70 per cent of income on food, despite being one of the country's food baskets.

The Kenya Economic Report 2023 dubbed 'Cost of Living and the Role of Markets' by the Kenya Institute https://t.co/QkZMDVpr6H",Wed Oct 04 09:09:45 +0000 2023,1,3
181,Moe,"Tough times ahead as the prices of cooking oil, soap, and some cosmetics in Kenya are set to rise significantly starting this month after Kenya imposed a 10% import duty on crude palm oil.

1kg of cooking oil will now cost Sh359, up from Sh326",Tue Jul 02 02:30:00 +0000 2024,1854,2768
182,Moe,"Kenya's Food Inflation increased to 15.8% in October.

This is crazy:

Sugar ‚¨ÜÔ∏è36.3%
Cooking Oil ‚¨ÜÔ∏è33.6%
Unga ‚¨ÜÔ∏è33.5%
Potatoes ‚¨ÜÔ∏è32.6%",Tue Nov 01 05:36:12 +0000 2022,460,1098
183,Alinur Mohamed,Bread is Ksh 60. A 500ml packet of Milk is now Ksh. 65. 1 tomatoe is KSh. 25. For a single person breakfast now costs KSH. 125. How about a family that has 7 members? How will Kenyans survive in this country?,Sun Apr 11 12:30:32 +0000 2021,986,4567
184,Citizen TV Kenya,"When we came in the cost of unga was between Kshs 230-250, at that time there was a subsidy. We have worked very hard and now unga is between Kshs 170-191. We decided as a government that subsidizing consumption is foolish because it is not sustainable. Rigathi Gachagua https://t.co/cBD1bGtmAm",Sun Mar 12 19:19:59 +0000 2023,29,380
185,TheStarKenya,"A recent Mzalendo Trust survey reveals the concerns driving public dissatisfaction with Kenya‚Äôs direction. Topping the list is the high cost of living (49%), where soaring food have strained household budgets.

#StarInfographics https://t.co/hE5jfTWMfR",Tue Dec 10 07:59:26 +0000 2024,5,9
186,Sakawa Senior,"Tanzania residents living at Namanga boarder attest that indeed the cost of building materials and food is affordable in Kenya as compared to Tz. Kenya VS Tanzania 
Cost of Living

https://t.co/KKiuq9ZwSS",Tue Dec 10 11:40:36 +0000 2024,1,0
187,KeNHA üá∞üá™-üáπüáø-üá∫üá¨,"A friend took us to this place to chill and we bought a crate of Kilimanjaro 300ml at ksh 2000. That is 100 bob per bottle. 
And food 1 kg meat at ksh 700. 
The music kwa club is what you would hear in Kenya so no big difference.
Paid a waiter ksh 250 to hostpot us. https://t.co/n9K7lAujLw",Sat Jan 04 07:11:03 +0000 2025,13,217
188,Nation Africa,"A new report has revealed how the high cost of living and unemployment sank millions of Kenyans into poverty, leaving two in five Kenyans poor in 2022, with one in three citizens unable to meet their minimum food requirements. https://t.co/SZMKBCw3go",Mon Nov 18 07:00:11 +0000 2024,5,10
189,Bianca‚Ñ¢,"Andika hapo...

KUMI BILA BREAK.

Inflation is down from 9.6% in 2022 to 2.7%‚Äîthe lowest in 17 years.

Kenyan shilling has maintained its strength after making a major comeback against the dollar from KES 162 to 128.

76,928 teachers have been recruited in a span of two years. https://t.co/FN5hpFlo09",Tue Jan 21 17:28:33 +0000 2025,49,281
190,kikuyu_west_icon,"Take time and listen to this video, mambo Kenya iko way better as compared na TZ.

Tanzanians are impressed by Kenya's cost of living, where food prices like sugar are 40% cheaper than back home.Kenya VS Tanzania 
https://t.co/BSiNuoKKv7",Tue Dec 10 12:04:00 +0000 2024,1,0
191,Eric,"In Kenya, tallow is Ksh 50 per Kg at the Kenya Meat Commission. It is even cheaper at the local butchery.

Protect your health, medical bills are abnormally expensive. 

#BetterTogether",Wed Mar 16 16:02:53 +0000 2022,179,995
192,Moe,"The price of rice and wheat flour in Kenya is set to increase after the government introduced a 2% levy on the import value of cereals and a 0.3% levy on their export value, effective August 12.

Traders who fail to pay on time will face an additional 25% penalty on their",Sun Aug 25 02:31:12 +0000 2024,542,880
193,Bianca‚Ñ¢,"Tell me:

The cost of food items is drastically decreasing!

Due to enough rainfall, farmers are back on their farms!

The cost of sugar, Unga, cooking oil, electricity, and fuel is going down.

Why not give #ShukranYaKitaifa?

Tuombeni Kenya https://t.co/uVH38LL0pX",Mon Apr 15 09:52:42 +0000 2024,1,8
194,Linet Ida,"@WilliamsMkenya Fertilizer is the backbone of farming, and the government has made it more affordable than ever! Prices have dropped from Ksh 7,500 to Ksh 2,500, allowing farmers to increase productivity and lower food prices. #KaziBilaBreak
KBB
Ruto Must Go Forward",Tue Feb 11 10:26:03 +0000 2025,1,0
195,TheStarKenya,"Trade unions have called for protests over the high cost of food.
https://t.co/N0zZnKYgP7",Tue Feb 27 09:31:18 +0000 2024,0,4
196,Nelson Havi,"State of collapsed Kenyan economy as experienced by the farmer is disturbing. A 100kg bag of maize is selling at Ksh 800, a gorogoro at Ksh 20, fish at Ksh 1,000 and a jogoo at Ksh 1,000. In 1995, a gorogoro sold at Ksh 20, fish at Ksh 100 and a jogoo at Ksh 100. Who do we blame?",Fri Oct 26 16:15:53 +0000 2018,203,522
197,KBC Channel 1 News,"Kenya is food secure with significant gains made on reduction in the cost of living.  - PS Agriculture Dr. Kipronoh Ronoh
#KBCniYetu ^RO https://t.co/kl8nASsx4U",Thu Dec 19 15:58:08 +0000 2024,4,8
198,Gabriel Oguda,"The EACC National Corruption Survey found that hunger-stricken Kenyans have been paying an average of Ksh5,000 to benefit from Gov't relief food. Imagine being hungry cause you have no money to buy food, only to be asked for 5k bribe, and you people still say you have a country.",Thu Mar 28 19:26:06 +0000 2024,60,430
199,"Abuga Makori EGH, MBE","Give it to President Ruto. The cost of Unga has gone down. Unga is now retailing between Kshs180 to Kshs200 down from Kshs240. This is remarkable. With farmers harvesting maize, expect more affordable Unga regardless of the brand. Check Magunas Supermarkets and confirm. https://t.co/iahP4sHUfb",Wed Aug 09 15:41:40 +0000 2023,41,273
200,"Madoka Kibet, HSC","From next month a 2KG packet of Unga will go for Ksh 120-150. 

Thanks to subsidized fertilizer.

14 counties in Kenya contributes to 86% of maize production then we add supplies from Uganda and Tanzania.

We are heading somewhere as a nation.",Tue Jul 11 11:30:14 +0000 2023,36,273
201,Jayden,"Food security is no longer just a dream. Fertilizer prices dropped from KSh7,500 to KSh2,500, making farming more productive. With 95 million bags of maize available, Kenyans can expect a steady food supply. Ruto Must Go Forward #KaziBilaBreak",Tue Feb 11 10:47:31 +0000 2025,0,0
202,MAJIMAJI,"I join the #lowerfoodprices conversation justifying that
‚Ä¢5 ltrs Cooking oil  @ Ksh.1350
‚Ä¢2kgs Sugar  @ Ksh.285
‚Ä¢ 400 grams of Bread @ Ksh. 60 etc

Is not common and affordable for the common man in #Kenya. Something has to give!",Sun Feb 20 14:07:41 +0000 2022,94,188
203,Shikoh Kihika,"Bread - Ksh 55-60
Milk - Ksh65 
Literally basic breakfast will cost  nothing less than 120 kenya shillings 

For most Kenyans the salaries are below minimum wage ... Surviving is becoming even harder in this country ! üò≠",Sun Apr 11 09:02:58 +0000 2021,67,194
204,Bianca‚Ñ¢,"The cost of Unga has gone down from KES 240 to KES 100!

The cost of sugar and cooking oil is down.
The Kenyan shilling made a comeback against the dollar.

The Eurobond that almost plunged the country into an economic abyss has been CLEARED.

#PASSFINANCEBILL",Tue Jun 25 06:06:43 +0000 2024,103,559
205,"Abuga Makori EGH, MBE","Just a reminder. The cost of Unga reduced from Kshs240 and is now retailing at Kshs170 in parts of Riff Valley, Nyanza and Western Kenya. In places like Nairobi, Mt Kenya, Lower Eastern and Coast, the price could be lower than Kshs150. President William Ruto pledged to subsidize https://t.co/V73EySCupG",Thu Sep 28 04:15:36 +0000 2023,25,205
206,The Standard Digital,"Farmers predict the cost of food is headed for the skies and will balloon in the coming months as a result of the wave of destruction and huge losses on investments.

https://t.co/BZ9MdmHfoK",Wed May 08 07:15:13 +0000 2024,1,7
207,Rodgers Kipembe Mpuru,An egg is the cheapest form of protein a normal Kenyan can easily afford. A crate goes for Ksh. 580 now.,Thu Jan 26 09:17:37 +0000 2023,145,1501
208,The Standard Digital,"A drop in the cost of electricity, transport, and some food items brought inflation further down to 5.0 per cent in April, new data shows. 
https://t.co/K9I6hFeNDV",Thu May 02 06:30:19 +0000 2024,1,4
209,Moe,"Kenya's inflation hit 7-month high of 6.47% in April 

Commodities whose prices have risen most year on year include:

Cooking oil up 41%
Cooking gas up 38%
Wheat flour up 24%
Soap up 23%
Potatoes up 22%
Maize flour up 14%
Beef up 14%

‚Äî Business Daily",Fri Apr 29 03:40:00 +0000 2022,255,384
210,ADAEZEüë©‚Äçüç≥üë∏,"A lot of you need to come down from your high horses and understand that your reality isn‚Äôt everyone else‚Äôs.

The country is hard! A crate of egg is 3,000. 1 piece of medium sized onions is 100. Even the common man that opts for egg in mama put because the tiny meat is too costly",Wed Nov 29 09:04:33 +0000 2023,151,276
211,Ja Loka,"President Ruto has tried and is still trying. Turning around an economy that was in a dilapidated state when KK took over cannot be microwaved overnight. It will take time:
Inflation has come down from 9% to 2.7%
Unga is 95 bob from 230 bob
Fuel from 217 to 180
Dollar from 160 to",Thu Nov 07 10:16:43 +0000 2024,81,585
212,Stanley Gama,"1.@edmnangagwa this no longer making sense. The wheels have come off and its time to act. Check this out: 
Bread -  $50 x 2 per day =$3000 a month.
Mealie Meal - $400 per 20kg =$800 per month
An average family needs $3800 per month for these 2 items. How will your pple survive",Wed Jun 10 10:20:03 +0000 2020,56,218
213,TheStarKenya,"Prices of basic foodstuffs like maize flour, sugar and Sukuma Wiki (kale) rose by 25.6 per cent, 18.4 percent and 32.9 per cent respectively
https://t.co/doQq120WMQ",Fri Mar 31 15:30:00 +0000 2023,29,192
214,Gerald Bitok,"""Kenya will harvest about 1.3 Million bags of wheat this year, enough to feed the country for one year. Government has set prices of wheat at KSh 5,200 for grade one wheat and KSh 5,100 for grade 2. Government subsidized fertilizer has been attributed to this increase in",Mon Jul 31 11:23:39 +0000 2023,83,481
215,BusinessDaily,"The Kenya National Bureau of Statistics (KNBS) will from next month separate the price changes for fuel, food and transport from other consumer items in computing inflation figures in a move aimed at giving more clarity on the cost of living. 
https://t.co/sC1g2dGIM9",Wed Jan 22 16:30:07 +0000 2025,1,1
216,Bianca‚Ñ¢,"This story of Moses Kuria reminded me of Uhuru Kenyatta; he was once asked what the cost of a loaf of bread was, and the COOLKID said KES 500! I think common Mwananchi and our leaders live in two different worlds! There's a huge disconnect between Kenyans and their leaders.",Thu Sep 14 05:40:45 +0000 2023,44,318
217,Wambo,"President Uhuru Kenyatta, we are buying a 400 grms loaf of bread at ksh 55 to ksh 60.  A litre of cooking oil from ksh 120 to 200 today. A 1kg bar soap some from 80 Bob to 120, others from 150 to 170. Surely! Did we elect you to suffer the way we are suffering?",Sat May 08 05:08:58 +0000 2021,786,2811
218,BRAVIN YURI,"The government of Kenya has ordered for  maize flour to drop to Ksh. 100 from Ksh. 230.  The price of 2Kgs Unga will be going for ksh. 100, 1 Kg for Ksh. 52, 5Kgs will be going for Ksh. 250 and 10Kgs for Ksh. 490.",Mon Jul 18 12:51:43 +0000 2022,329,2200
219,SokoAnalyst,"A normal family in Nairobi needs At least KES 1500 to have breakfast for a couple of days: 

1Ô∏è‚É£Sugar KES 130 
2Ô∏è‚É£Milk KES 120 
3Ô∏è‚É£Bread KES 70
4Ô∏è‚É£Blueband KES 300 
5Ô∏è‚É£Tea Leaves KES 120

How are we honestly surviving? Why isn‚Äôt anyone discussing this? The cost of living is crazy!",Sun Feb 20 18:19:13 +0000 2022,292,783
220,ephraimnjegafan,"The claims that prices of goods have risen everywhere are not entirely true. A kg of maize is going for the equivalent of KShs 21 in Zambia. Even in Tanzania a kg of maize costs less than KShs 30. In Kenya, a kg of maize is costing KShs 64. 
THREAD üßµ",Sat Jun 18 16:17:19 +0000 2022,263,505
221,Juma G üá∞üá™,"A crate of soda in my village is Ksh 750. In Nairobi, it is Ksh 1,200. The soda in the village comes from the same place that of Nairobi comes from. Life in Nairobi is expensive indeed. A kilogram of beef is Ksh 400, in Nairobi, it is Ksh 650. üòä

~ Soko Directory",Tue Dec 27 16:42:16 +0000 2022,105,841
222,Kenyans.co.ke,"The fact-check by Citizen TV came against the backdrop of Hussein's announcement, in which, the State House Spokesman claimed that maize flour was retailing between Ksh159 to Ksh160 for select brands. 

https://t.co/grck21klo4",Wed Apr 19 11:27:57 +0000 2023,29,301
223,Eric,"@Spearman254 Lies!

Living healthy, in Kenya, is cheap.

Very cheap.

Do you know how much households spend buying disease-causing food?

40% of their income.

Do you know how much it costs to live healthy?

5% of your income.

#BetterTogether",Wed Feb 12 05:46:56 +0000 2025,11,53
224,Oscar Sudi Commentary,"@Linet_Onyi @JebetKe_ Kenya has never had a president this hands-on! Ruto is tackling the real issues lowering food prices, creating jobs, and improving healthcare. From maize flour dropping to Ksh 100-120.
#KaziBilaBreak
KBB
Ruto Must Go Forward",Tue Feb 11 10:52:04 +0000 2025,1,0
225,Peace Ambassador,"The cost of a 2kg pack of maize flour has significantly dropped from Ksh 260 to Ksh 100-120, easing the burden on Kenyan households. #KaziBilaBreak Ruto Delivers",Mon Feb 17 09:22:16 +0000 2025,0,0
226,Bianca‚Ñ¢,"By the way, starting next week, the cost of fertilizer will be KES 2,500! Down from Uhuru's KES 7,000! One of the practical ways of lowering the cost of living is by subsidizing production! Wearing Sufuria on the head or inviting Samia Suluhu and Ramaphosa to mediate between",Fri Jul 28 11:53:02 +0000 2023,182,1050
227,Moe,"Kenya to spend Sh79.6 billion per year on a new 3-month cover food reserve with 90,000 tonnes worth of food.

‚Äî Business Daily",Thu Apr 06 03:00:02 +0000 2023,70,328
228,Bianca‚Ñ¢,"Today I went back to the supermarket, and I'm happy to report that President Ruto is OVERWORKING! The cost of maize flour has significantly REDUCED. Budget: KES 175; Jogoo: KES 183; Soko: KES 188; Dola: KES 180; and Cosmo: KES 160.¬† In the handshake GOV'T, it was at KES 250.",Fri Mar 10 14:49:04 +0000 2023,130,836
229,Juma G üá∞üá™,"Woke up to the news that a 2-kg packet of maize flour is now at Ksh 175. Some brands at Ksh 199. But we r told it will come down in August if we ""elect"" right... A 90-kg bag of maize, for the first time in history in Bungoma is at Ksh 7,600. Not the best time to be alive in Kenya",Wed Jun 15 04:54:16 +0000 2022,89,253
230,John Odhiambo Onditi,"@mohwambu @Griezmax17 @EdwinNgany First,I don't take breakfast meaning first meal is lunch and sometimes my last.
Second, I am poor. Meals are quite expensive in Nairobi. Average dish going for 400.A daily bought meal translates to crate of eggs.",Wed Feb 12 15:05:10 +0000 2025,0,2
231,Bianca‚Ñ¢,"Azimio bloggers have an IQ of a banana!
The truth is, the cost of Unga has drastically decreased! from as high as KES 250 to as low as KES 130!

Yes, it's President William Ruto's intervention through subsidized fertilizer that has seen costs reduce drastically.
Whether it's",Sat Nov 25 05:26:20 +0000 2023,51,360
232,Dennis Itumbi CBS - Commentary,"Dear Kenyans,

 1Kg Sugar is Khs 110 frm 240

 Dollar is Khs 129 frm 160

 6kg Gas is Kshs 1000 frm 1500

 1L cooking oil is Kshs 200 frm 400

 2kg unga is Kshs 97 frm 230
        
 Fertilizer is Kshs 2500 frm 7000

Don't be mean to deny Our President a word of congratulations üëè",Thu Jan 30 17:46:49 +0000 2025,153,1370
233,FCPA Billow Kerrow,"Nairobi food prices this week...

Sugar  1 kg...sh 150
Wheatflour 2kg...sh 185
Milk O.5L...sh 70
Potatoes 10kg..sh 800
Meat mbuzu 1kg...sh 600
Chicken boneless 1kg....sh 70
Egg 1 tray....sh 400
Cooking oil 1L...sh 345
Maize flour 2kg...sh 177

All prices headed South!",Mon Apr 18 09:28:20 +0000 2022,43,188
234,Kemalist,That's like 600 Ksh at the current exchange rate. Kenyan casual workers earn about 400 a day. UK prisoners earn more than Kenyan free men,Tue Dec 19 16:11:22 +0000 2023,533,1547
235,TNS,"Kenya's government increased miraa prices: Grade 1, previously priced at Ksh700 per kilogram, now costs Ksh1,300; Grade 2 rose from Ksh350 to Ksh700; and Alele went from Ksh500 to Ksh1,000.",Sun Feb 16 09:33:46 +0000 2025,0,0
236,Gumboi,"@amenahuruemu Your daily life speaks to you about the govt of your country. After buying a sachet of water at N30, egg at N250, 1kg of chicken at N6500, a bag of rice at N118k... you need absolutely no campaign",Sat Feb 15 17:46:04 +0000 2025,0,0
237,Duncan Abigaba,"Ugandans, there is side B of Nairobi. There's no food in Nairobi.  If most of us lived here, we would be lucky to afford a meal a day. A Kenyan friend told me he spent 200 KES on a chicken meal + salad in Kampala. He said you need 2,000 KES to have that Nairobi. Let's thank Mzee.",Sun Jul 03 15:34:37 +0000 2022,35,251
238,Fafa Mukuru,I visited Nairobi Kenya 4 weeks ago. I wonder how people there survive. One fruits of tomato goes for $2.99. It's very tough there. No wonder malnutrition is rampant in Africa at large,Sat Feb 22 18:55:02 +0000 2020,98,493
239,David Ndii,"What do we have now? A Kenyatta cartel. When Uhuru took over as president, farmers were paid Sh30-35 per kg, consumers were paying Sh60. Where are we now. Farmers are paid Sh20-25 take it or leaving, consumers are paying Sh120.",Mon Jan 18 10:03:19 +0000 2021,193,538
240,Munjiru wa mbari ya Karanja,"It's funny how eggs can come from all the way in Uganda and arrive at a price of 200 bob a tray. A pig farmer in Kiambu finds it cheaper to send a truck to Uganda every week to get pig feeds. Kenya, agriculture is expensive.",Thu Mar 04 09:33:25 +0000 2021,428,1404
241,Ally clay üá©üá™üá™üá∫üá´üáÆüá∏üá¥,"@MwangoCapital I gave up on Kenya when they needed 20,000 USD for a container of Mitumba.",Tue Feb 11 17:24:20 +0000 2025,0,2
242,WizMelavin,@Mosesnjeru_1999 @MwangoCapital Watch YouTube videos za poor people in Asia and South America. Pia anagalia prices za items. Kama fridge ni 20k USA itakua 40k Kenya.,Tue Feb 11 17:25:43 +0000 2025,0,9
243,Africanus,"A litre of cooking oil now retail at ksh307 double what it costed few months ago. Cooking gas is almost double, sugar is ksh160, almost double, fertilizer is almost double.... Your income is the same.
Same income gets you half of last few months purchases.
You simply got POORER.",Fri Dec 03 13:53:49 +0000 2021,305,602
244,Dr.Abdikadir,"@DennisKirui_ @Scandals_Ke @SamuelAtandi Only to your foolish brain. Kenya can‚Äôt even feed itself. Your tomatoes and onion are from Ethiopia, maize from Tanzania, eggs and milk from Uganda and still the average Kenyan is lean and malnutritioned.If Kenya leaves AU, you‚Äôll have to survive on chewing miraa with coffee/tea",Sat Feb 15 22:31:02 +0000 2025,1,1
245,BIKO ONDITI üá∞üá™,@DudespostingWs ü§£ü§£ü§£ü§£ In Kenya you get all that for about $3..,Thu Feb 13 11:16:23 +0000 2025,0,0
246,Laisha,"Kenya and Tanzania both feel the heat of global economic pressures, but Kenya is making bold moves to tackle the cost of living. Policies like stabilizing food prices and targeting inflation reduction show promise. Kenya VS Tanzania 
Cost of Living
https://t.co/qoWpBQMnUL",Tue Dec 10 12:05:28 +0000 2024,0,0
247,Elvis,"One thing I realised about a few Kenyans abroad (and politicians), they convert anything they purchase to Ksh to give you an impression of how ‚Äúexpensive‚Äùcommodities are. 

What they hide from you is mentioning how much they earn an hour and how much stuff their hourly wages can",Tue Sep 19 05:56:15 +0000 2023,69,300
248,Oku,"@Gracymama1 Fruits : 1,200 naira
Palm oil rice + chicken = 1,000
Jollof + Chicken = 1,000 
Bottle water = 50 naira
Mayonnaise = 50 naira
Carrot = 100 naira
Cabbage = 50 naira worth
Chivita = 400 naira
Wine = 1,200 naira
Palm oil in plate = 50 naira
Tray = 200 naira

Total = 5,200 naira Only.",Fri Apr 24 08:27:18 +0000 2020,30,350
