1,FiLiA,"üßµ #Kakuma refugee camp: we are supporting a group in #Kenya &amp; a group who had to relocate to a nearby country for safety.

We work with #sisters from the US, Europe &amp; Australia to provide rent, food &amp; medical support, but this costs us more than ¬£1000pcm.

Please help if you https://t.co/2RazAtAqee",Sun Sep 15 14:16:47 +0000 2024,43,65
2,Global Platform Kenya,"The ordinary citizens of Kenya are still grappling with the soaring costs of fuel, food, and basic commodities

Tomorrow, we will be joining @ActionAid_Kenya for Peoples Economy Townhalls set to happen in 11 counties that we work in as captured below üëáüèæ. #PowerInPeople https://t.co/44NgdSOwF9",Wed Dec 13 14:04:59 +0000 2023,44,55
3,Citizen TV Kenya,"Kenya‚Äôs inflation rises to 3.3pc in January, 2025, up from 3.0pc in December due to higher food and transport costs, KNBS report shows https://t.co/xoWi0L72Ic",Fri Jan 31 16:45:38 +0000 2025,42,144
4,WSA,"On #WorldFoodDay, @WFP calls for action against food waste and hunger. Innovators like @AgrotechPlus reduce waste and costs with cold storage solutions in Kenya. Could your community benefit? Learn more &gt; https://t.co/pAfG5zr4yc #Connect4Impact #ZeroHunger @UN https://t.co/9NJ5apVGQV",Mon Oct 16 08:40:16 +0000 2023,1,9
5,#EndAbductionsKE,"The key factors driving the high cost of living in Kenya, including inflation, unemployment, housing costs, energy expenses, and food prices.#FOODSovereigntyNOW 
#NJAARevolution 
#LandFoodAndFreedom 
@KilimoKE
@Article43Rights
@WomenHRDs
@UhaiWetu https://t.co/wp7wm3aETN",Sat Oct 21 08:04:34 +0000 2023,9,9
6,OCTOPIZZO,"1/3

Import costs and inflation: Kenya currently rely heavily on imports for consumer goods, including food &amp; energy. Factors such as transportation costs, import taxes, &amp; currency fluctuations has significantly increased the prices of goods, making them more expensive for low https://t.co/xBPbDFn4Vk",Wed May 17 18:04:35 +0000 2023,76,466
7,H.E President William Ruto (Commentary),"A random Kenyan just shared this with happiness and can't believe the drastic drop in the cost of a 2kg packet of unga. Back in 2022, the same packet was costing KES 230, but vitu kwa ground leo ni KES 93. Just imagine! #KaziInafanyika and Kenyans are happy. Ruto delivers ‚úîÔ∏è https://t.co/TFXpOQcxMB",Fri Nov 15 13:04:24 +0000 2024,155,913
8,Norway in Kenya,"In Feb, üá≥üá¥ allocated 5B NOK (~$470M) for countries in Global South affected by Russia‚Äôs war in Ukraine. üá∞üá™ &amp; other African nations now battle soaring living costs &amp; food insecurity.

Today Min. @AnneBeathe_ announced 15M NOK to @UNKenya to improve food security &amp; value chains ü§ù https://t.co/PPoKBQg6rM",Tue Sep 05 09:39:40 +0000 2023,4,7
9,Kenyan Wall Street,"Jumia Technologies is set to shut down its food delivery business in Nigeria, Kenya, Uganda, Morocco, Tunisia, Algeria, and the Ivory Coast by the end of the year.

""The economics are tough in this market because the costs are very high and there is plenty of competition so there https://t.co/WGyQMGGiWB",Thu Dec 14 08:04:17 +0000 2023,99,127
10,Kalawa Stacey üá∞üá™üá∫üá≤,"STRENGTHENING KENYA | From boosting food production to lowering living costs and stabilizing the economy, fuel, and inflation, Ruto‚Äôs leadership is driving real progress. #RutoDelivers Rais Mchapakazi https://t.co/aRv5bUJlP5",Thu Nov 14 14:00:11 +0000 2024,2,1
11,NTV Kenya,"William Ruto: Kenya is spending KSh. 360B to import food and food items.

'Every Kenyan knows that the price of a 2kg packet of unga is now KSh. 230, up from KSh. 75 in 2018.'

#KenyaKwanzaManifestoLaunch #Maamuzi2022 https://t.co/aYgtxmo4N7",Thu Jun 30 16:38:39 +0000 2022,106,503
12,NCDs Youth Champion,"1 of 4 Setting trans fat limits in Kenya could save thousands of lives and cut costs
Experts urge food companies to commit to WHO goal of global ban by 2023
Thousands of deaths and heart attacks could be prevented *#TransFatFreeKenya #TransFatFreeEAC https://t.co/EJgtcILNq4",Wed Oct 18 05:31:10 +0000 2023,4,10
13,NTV Kenya,"Galana Food Security Project:

The Ministry of Water has opened up 5,000 acres of the Galana-Kulalu Irrigation Scheme to private companies under the private-public partnership (PPP) as the government scales up food production amid rising costs. #NTVAtOne https://t.co/UGDa1WlmTQ",Sat Aug 12 10:17:57 +0000 2023,12,29
14,ICED,"Update: ICED's East Africa @HortInnovLab team has been in the field, in Kisii County, Kenya, gathering food for thought on the costs &amp; benefits of integrated indigenous vegetables with staple foods.
For more context üëâüèæhttps://t.co/HmmrGGcVeP https://t.co/i97iY6xy6K",Tue Nov 21 11:08:47 +0000 2023,2,6
15,Citizen TV Kenya,"President Ruto: My administration has worked hard and consistently so that the price of essential commodities like ‚Äòunga‚Äô has dropped from Ksh.240 to Ksh.100. We reduced the cost of fertilizer from Ksh.7,500 to Ksh.2,500. The Shilling has also strengthened against the Dollar https://t.co/xExJiGBTSc",Wed Jun 26 13:44:24 +0000 2024,202,1131
16,"Maina,MD(son of a village nurse)","Oyaa waziri @DeboraBarasa what does Ksh 70k mean in Kenya today? Rent in most urban areas starts at Ksh 20k, transport takes Ksh 5k, food costs Ksh 15k, and don‚Äôt even mention loans from six years of medical school. What‚Äôs left? Nothing. Buana remunerate us properly ama ukae.",Fri Nov 29 06:36:56 +0000 2024,157,323
17,NTV Kenya,"Africa's Food Security:

Dr. Joy Kiiru: We will be staring at civil unrest if the rising costs are food are not controlled.

#Kikao https://t.co/MNTdqzA9ms",Wed Jan 17 17:38:30 +0000 2024,4,14
18,Ministry of Agriculture & Livestock Development,"Launch of the 2024 Study Report on Milk Production Costs and Profitability

The dairy industry is vital to Kenya‚Äôs economy, contributing to incomes, employment, and food security. With an annual output of 5.2B liters, Kenya produces 10% of Africa‚Äôs and https://t.co/0bL0TccKlx",Wed Nov 20 11:32:27 +0000 2024,3,16
19,Classic 105 Kenya,".@ItsMainaKageni: Do you understand what that means? These extra costs will be passed to consumers in the form of higher food prices, bus fares and electricity prices.

How prepared are you? #MainaAndKingangi https://t.co/AbPjxqfInc",Thu Jun 22 04:34:21 +0000 2023,11,61
20,Georgie Natembeya EBS (Commentary),"Trans-Nzoia County takes pride in being Kenya's food basket and top maize producer. In my agenda, I promised to prioritize agriculture and revitalize all agricultural sectors by keeping farm input costs moderate and making materials more accessible. https://t.co/dlFPtetwe3",Sun Apr 02 13:40:56 +0000 2023,43,356
21,favor‚ú®,"CS Andrew Karanja underscores that subsidized fertilizers are essential in lowering production costs for farmers, helping them remain competitive and sustainable. #SubsidizedFertilizer
Food Security Kenya https://t.co/BUjZUvKwvc",Mon Oct 14 12:43:14 +0000 2024,6,1
22,Anuale.,"CHALLENGING 1ST YEAR FOR KENYA‚ÄôS WILLIAM RUTO!
1/11.Kenya Bumpy first year in office for William Ruto Food costs and taxes are high, the opposition belligerent and Kenyans are angry. William Ruto has lost a lot of support at home. #KenyaKwanza #MosesKuria #FinanceAct2023 #Uhuru https://t.co/YVQqspFKls",Wed Sep 13 17:32:17 +0000 2023,1,2
23,IREENAHüá∞üá™,"Kenya‚Äôs maize imports dropped by 65% in 2024, thanks to increased domestic production under the Subsidised Fertiliser Programme.

More food security, reduced import costs, and a stronger economy.

#ResultsYouCanSee Feel The Transformation. https://t.co/suSrtp0GKW",Fri Feb 07 06:43:19 +0000 2025,5,1
24,Kloppo - The Normal One,"Indeed #RutoDelivers as agriculture receives critical support through reduced farm input costs, boosting food production across Kenya. Rais Mchapakazi‚Äôs initiatives have increased accessibility to food while supporting hardworking farmers. https://t.co/xzggCxAqh5",Thu Nov 14 14:15:01 +0000 2024,33,41
25,Gideon Kitheka Snr,"Delivering The Plan

One of the most significant outcomes of recent government efforts is the remarkable reduction in food imports into Kenya.
#ResultsYouCanSee

This success is driven by the government's bold decision to subsidize agricultural production.

Fertilizer costs have https://t.co/3FotLpdthy",Wed Dec 18 08:29:31 +0000 2024,4,9
26,K. Baffour¬Æ,"The price of 1kg of tomatoes is 110 shillings in Kenya.

110Kenyan Shillings = 13 cedis

Ghanaians are OK paying GH 20 cedis for 3-4 üôÉ https://t.co/LH3m7Z5nJ4",Tue Jun 25 17:11:37 +0000 2024,423,883
27,Activista Nairobi Chapter,"Previous research conducted by @ActionAid_Kenya unveiled that local communities were facing doubled, tripled, or nearly quadrupled costs for essentials like food, fuel, and fertilizers compared to pre-war prices.  This is as a result of effects of climate change. #FundOurFuture https://t.co/GK3etP4IOG",Fri Sep 01 09:46:50 +0000 2023,7,9
28,Global Alliance for the Future of Food,"The climate crisis and inflated costs have put pressure on smallholder farmers in Kenya. 

The Drylands Farmer Research Network (FRN), a partner of @McKnightFdn, is a community-led effort to combat these challenges. Their impact so far is remarkable.
https://t.co/ZN6DiH3Jiy",Wed Jun 12 04:45:11 +0000 2024,2,4
29,Gamos East Africa,"Join us for an upcoming #eCooking dialogue on Controlled Cooking Tests in Kenya, exploring the financial, energy, &amp; time costs of different food &amp; stove/Fuel combinations on 11th Dec 2023, at 11 am (EAT).Our speakers are @PerrosTash @miss__banda 
Register: https://t.co/DXyGWXvotN https://t.co/ARaSTGeLum",Tue Dec 05 16:32:49 +0000 2023,6,7
30,IREENAHüá∞üá™,"The subsidised fertiliser initiative aims to increase food production and lower costs. By investing in farmers, Kenya is strengthening its agricultural backbone, reducing imports, and making food more affordable for every household. RESILIENT #SOTN2024 #StateOfTheNationAddress https://t.co/FZ8YTvC3cD",Thu Nov 21 14:06:21 +0000 2024,0,1
31,The Eastleigh Voice,"Food and electricity costs pushes up Kenya's inflation rate to 6.9 per cent #InflationKenya #RoyalVisitKenya  #CostOfLivingCrisis 
https://t.co/76bReSjRsc https://t.co/mAXB2kZD7H",Wed Nov 01 15:10:19 +0000 2023,1,2
32,ùêñùêÄùêçùêâùêàùêäùêî,"President Ruto has transformed Kenya‚Äôs agricultural landscape, with lower fertiliser prices and increased food production. These reforms are helping to reduce food costs and provide for more Kenyan households. #RutoTheOvercomer 
Onwards https://t.co/xMAZ63NyIq",Thu Feb 06 09:06:31 +0000 2025,2,1
33,Citizen TV Kenya,"Electric motorbikes are increasing in Kenya among boda boda operators and riders for e-commerce and food delivery start-ups. 

Learn more about the bikes billed for their eco-friendliness, low running costs, energy efficiency and noise reduction: https://t.co/zIuRJno96y https://t.co/UZzLiYSIvI",Thu Sep 19 14:07:43 +0000 2024,0,9
34,COOLKID,"William Ruto's Bottom Up Economic Transformation Agenda is transforming Kenya. Through the National Fertilizer Subsidy Program, farmers have increased productivity, leading to higher food production and lower costs of living across the country.#ThePlan https://t.co/vTbC8dcfRX",Thu Jun 13 08:35:43 +0000 2024,5,0
35,soso‚ù§Ô∏è,"The rise in local food production, thanks to subsidised fertilisers, is helping bring stability to Kenya's food market and lower living costs for all.
#RutoMchapakazi
The Plan Is Working 
Visible Results https://t.co/06SY47U5M3",Thu Jan 09 14:57:54 +0000 2025,0,0
36,ùêñùêÄùêçùêâùêàùêäùêî,"Under President Ruto, Kenya‚Äôs agricultural sector has seen a massive transformation, with lower fertiliser costs and higher production rates. This has directly contributed to lower food prices and a more stable economy. #RutoTheOvercomer
 Onwards https://t.co/k1piZGGRev",Thu Feb 06 08:29:07 +0000 2025,3,2
37,Musalia W Mudavadi,The cost of living is becoming unbearable for a majority of Kenyans. The price of cooking oil and unga is at its highest. https://t.co/L5dW4rbj1b,Mon Jul 04 16:38:50 +0000 2022,156,1519
38,KAY,"By subsidizing fertilizers, the government is addressing one of the main bottlenecks to agricultural productivity: high input costs. CS Andrew Karanja, Food Security Kenya, #SubsidizedFertilizer.
https://t.co/PVC7TKfV5i",Mon Oct 14 13:38:43 +0000 2024,11,2
39,FarmbizAfrica,"Kenya facing acute food insecurity, food prices remain record high 
https://t.co/mfuJtdQkWj
Food prices remain unseasonably high, driven by four below-average production seasons, high fuel &amp; transport costs, high local demand, &amp; reduced cross-border imports from Uganda &amp; Tanzania https://t.co/FCbmBFkGYQ",Fri Feb 03 10:56:59 +0000 2023,1,2
40,NTV Kenya,"May inflation climbs to 8pc on rising food, energy costs

https://t.co/FotebGbUNt https://t.co/NkO73FitM6",Thu Jun 01 09:30:21 +0000 2023,11,136
41,AVSI Kenya,"#Innovative agriculture is contributing to a better education environment in @LittlePrinceSch, Kibera. #hydroponic is providing fresh food &amp; cutting on school running costs.
TuendePamoja project, thanks to #Fosit funding, #AVAID is contributing to the ongoing activities. https://t.co/WOQPwEw4eM",Tue Feb 07 08:32:28 +0000 2023,1,3
42,FRENCH GIRL.,"Tax exemptions for fertilizers, pest control products, and raw materials aim to lower production costs for farmers, improving food security and boosting agricultural productivity across Kenya.
#BetaFocusedBills
Delivering The Plan https://t.co/kpk7VLoKBy",Thu Nov 28 06:23:32 +0000 2024,7,1
43,Article 43 Committee ( SJCWG),"üì¢ Breaking News! üì¢
Recent research by the Central Bank of Kenya highlights concerning trends in food inflation. Agricultural stakeholders anticipate a rise in prices over the next three months due to increased costs of importing food. 
#NJAARevolution https://t.co/YHYZTWJHID",Wed Feb 07 13:16:21 +0000 2024,3,4
44,Samson Ogola,"Picture this...

- Kenya Power is making profits

- Kenya Airways is making profit

- KenGen is making profit

Companies that were struggling..

- Unga is 100/-

- Sugar is about 120/-

- Cooking gas is about 1k

- Cooking Oil is about 200/- per litre

Things that used to cost a",Wed Oct 30 18:29:53 +0000 2024,258,1104
45,big yinksüíî,"rice - 40 naira
spag - 20 naira 
beans - 10 naira
plantain - 10 naira
meat - 20 naira.

100 naira been dey buy food that year, we are finished.",Wed Oct 09 15:58:04 +0000 2024,1311,6807
46,hybrid,"Kenya's economy is on a steady recovery path. With inflation down to 2.7%, lower food prices bring relief to households. A 2kg packet of maize now costs KSh124, down from KSh176.
#CabinetBrief 
Delivering The Plan https://t.co/iNMtvBtQVr",Thu Nov 14 16:37:34 +0000 2024,7,3
47,Rufas Kamau ‚ö°,"In Kenya, the average price of goods and services for a typical household has gone up over 30% since Jan 2020. But somehow, the reported inflation today is 5.1% yoy. https://t.co/yaMJxht6AD",Sun Jun 09 13:03:01 +0000 2024,156,317
48,The Government Critic üá∞üá™,"President William Ruto claims Kenya would be very bad had he not become the President.
Oh, really? With skyrocketing fuel and electricity prices, soaring food costs, a weak currency, and a laundry list of other issues. Is that where Uhuru Kenyatta left us?
El Nino Mt Kenya https://t.co/EZAgHAytm8",Sun Oct 22 13:49:49 +0000 2023,1,12
49,Amref Health Africa in Kenya,"Africa is faced with unstainable debt burdens resulting in the lack of ability to mitigate rising food &amp; energy costs and #climatechange. How can we improve financial pathways and increase the efficiency of health systems?

Get insights at #AHAIC2023.

üîó https://t.co/ZtEpzW2dUf https://t.co/uOt5m8GvJP",Tue Feb 28 12:35:17 +0000 2023,2,5
50,IREENAHüá∞üá™,"Inflation at 2.7%, a twelve-year low, signifies that Kenya‚Äôs economy is stabilizing.

Essential food costs are dropping, providing Kenyans with much-needed financial relief and sparking hope for continued growth.

Prices Fall #RutoDelivers Plan Is Working https://t.co/IX2yTFsls5",Thu Nov 07 05:54:39 +0000 2024,0,0
51,Miss Smith‚ù§Ô∏è,"Inflation is down, farmers are thriving, and food costs have decreased. Kazi Imefanyika proves #KasongoDelivers on Kenya's journey to resilience and prosperity for all citizens. https://t.co/SC8GBv5t3S",Fri Dec 13 04:40:38 +0000 2024,2,1
52,Ste'phanoMtetezi üá∞üá™,"According to the Kenya National Bureau of Statistics (KNBS), prices across sectors have surged significantly, with transport costs rising by 13.1%, and the food and non-alcoholic beverages sector witnessing a 7.5% increase  leading to high Cost of Living 
#SautiYaWananchiKE https://t.co/AcwAfjwthf",Thu Dec 14 07:59:56 +0000 2023,12,6
53,ùêñùêÄùêçùêâùêàùêäùêî,"Kenya‚Äôs agricultural value chains are improving rapidly, with support for tea, dairy, rice, and cotton sectors ensuring farmers earn more and food costs drop.
 President William delivering The Plan and he is too young to retire buana. üëè
 #AgricultureScorecard 
Ruto Delivers https://t.co/HrkETf0zlX",Thu Sep 12 08:51:15 +0000 2024,3,2
54,"Cyprian, Is Nyakundi","Kenyan consumers are bracing for increasing rice and wheat flour prices this month after the government slapped a 2% levy on cereal imports starting August 12, as traders voice frustrations over increased import costs that include a myriad of additional state charges‚Äîsuch as Ksh https://t.co/cDG4VWc97M",Mon Aug 26 05:47:06 +0000 2024,79,201
55,Hope TV Kenya,"Kenya‚Äôs monthly inflation drops by 0.3% to 4.3% last month, helped by declining costs of food, electricity, housing, and fuel. https://t.co/rvzyYW8U3b",Fri Aug 02 09:11:06 +0000 2024,1,3
56,Umbita Shanüíú,"Affordable fertilizer, mechanization, and smart farming practices introduced by President Ruto are revolutionizing maize production and lowering food costs across Kenya. 

#AgricultureUnderWSR 
BETA Plan Progress https://t.co/t6ABHX1Q6F",Mon Sep 23 07:00:58 +0000 2024,0,0
57,Josh Spero,"It‚Äôs already ‚Äúworking‚Äù: I‚Äôm getting distraught texts from queer Ugandans asking for help to flee into Kenya. Thankfully people are still giving to our fundraiser, which we use for food and transport ‚Äî it costs about ¬£50 per refugee https://t.co/auWa6eX8Wa",Mon May 29 18:18:17 +0000 2023,12,10
58,Mkachala,"Food security is no longer a distant goal for Kenya. The Plan Is Working to increase maize production, cut imports, and deliver Visible Results in lower prices and reduced living costs. #RutoMchapakazi https://t.co/hbEMzF3rT6",Thu Jan 09 15:07:14 +0000 2025,9,2
59,Ruto Stan!,"Kenya has improved its food production by reducing farm input costs, directly lowering the cost of living. 

The subsidized fertilizer program has been key to the reduced cost of living being experienced in the country currently. 

System Ya Facts!

#RutoDelivers https://t.co/hJ3eJ7wPQ5",Sun Nov 17 09:37:16 +0000 2024,3,0
60,NTV Kenya,"Inflation falls to over 17-year low on declining food, energy costs
https://t.co/PCCgECW5uZ https://t.co/NoyRoBRwp6",Thu Oct 31 17:23:38 +0000 2024,8,50
61,Citizen TV Kenya,'Hungry academic giants': Rise in food costs at university cafeterias worries students https://t.co/vrfoIbHq5F https://t.co/4IgpF1IAo7,Fri Aug 25 19:45:12 +0000 2023,12,50
62,Nobody I swear:,"As per a client survey we've been conducting, supermarkets have been increasing the prices of food and essential items by approx. Kshs.15 every 2 weeks even on commodities whose global prices have been declining then blind you with 'offers'.
The Kenyan 'inflation' is very sus üòí!",Sun Apr 23 19:51:29 +0000 2023,404,858
63,Anonymous,"Russia's invasion of Ukraine behind rising costs of food prices in Kenya and across Africa.

Increasing economic and political instability. Russia, along with China, are alleged to be directly participating to spread disinformation and destabilization, to increase their https://t.co/o3HEi9748S",Mon Jul 08 04:17:57 +0000 2024,57,182
64,Oscar Sudi Commentary,"Sustainable food production transforms Kenya‚Äôs agricultural economy. High output reduces costs, supports families, and lays the foundation for prosperity. Strengthening agriculture secures Kenya‚Äôs position as a self-sufficient
#ResultsYouCanTouch
System Ya Facts https://t.co/YKYRzohC05",Tue Dec 17 07:11:41 +0000 2024,5,1
65,Africa Confidential,"#Kenya‚Äôs debt repayment costs are being exacerbated by around a 25% drop in the #shilling‚Äôs value against the US$ this year ‚Äì that is mostly because of higher western interest rates, spiralling fuel and food prices due to #Russia‚Äôs war on #Ukraine. #Ksh   https://t.co/2pUjJCHbHP",Fri Apr 28 17:02:11 +0000 2023,0,2
66,It's Ngugi,"Unlike past regimes, Ruto‚Äôs leadership has turned Kenya into a food-secure nation by investing in agriculture and reducing input costs for farmers.
#RutoTheOvercomer
Impact You Can Feel https://t.co/UrAJWEm2kx",Mon Jan 20 06:03:08 +0000 2025,3,2
67,Kithure Kindiki (Commentary),"By exempting pest control products and fertilizers for local manufacturers, the proposed amendments reduce costs for agricultural production, strengthening Kenya's food security. #BetaFocusedBills is centered on Delivering The Plan to benefit all. https://t.co/TwVulYUlzC",Thu Nov 28 06:09:28 +0000 2024,2,1
68,Rolex Rono Kirwogin.,"Kenya's inflation rate  dropped to 3.6%, marking its lowest level since 2012. This decline in inflation can be attributed to stable food prices, reduced fuel costs, and effective monetary policies by Rais Mchapa Kazi administration. 
#RutoIsOverworking 
Economy Iko Sawa https://t.co/8bsq9DGJhN",Thu Oct 31 08:28:31 +0000 2024,5,3
69,Tibor Nagy,US urging restraint by all sides in #Kenya protests - which turned violent as Kenyans upset over exploding food costs. If people want to protest over rising food prices the right target is Russian Czar Putin and his unprovoked attack on Ukraine - that is raising world food costs!,Wed Mar 29 20:07:58 +0000 2023,2,27
70,Faizafabz,"Good people, I need some help here.

A friend is traveling to Kenya soon and they tasked me with finding out how much food costs in Nairobi to be specific so if you‚Äôve been recently, please share a price range for theseüëáüèΩ

-Fast food
-Fine dining
-Average restaurant
-Street food",Sun Oct 08 18:18:54 +0000 2023,8,63
71,Jan,"Agricultural advancements and government subsidies reduced Kenya‚Äôs reliance on food imports. Increased local food production lowered costs, ensured self-sufficiency, and stabilized the nation‚Äôs food supply. 
#KaziBilaBreak KBB
 Ruto Must Go Forward",Tue Feb 11 10:36:36 +0000 2025,1,0
72,Bloomberg Africa,Kenya‚Äôs annual inflation rate climbed for a second successive month in December as food and transport costs increased https://t.co/qcHNlNCbMU,Tue Dec 31 07:31:18 +0000 2024,2,4
73,Duke of Mbooni‚Ñ¢üá∞üá™,"The reduction in fuel prices will have a ripple effect on the economy, lowering the cost of transportation, food production, and other essential goods. Kenya Kwanza is committed to lowering living costs!
 #SuperPriceDrop
Ruto Delivers https://t.co/VYaOMRs0QV",Tue Oct 15 04:18:34 +0000 2024,2,2
74,Linet,"The government has slashed fertilizer prices by 60%, reducing the cost from Ksh 6,500 to Ksh 2,500 per bag. This monumental shift is empowering farmers to increase food production, reduce costs, and enhance food security in Kenya. #EconomicOutlookKE https://t.co/vsKlhvpSyd",Thu Feb 06 09:27:40 +0000 2025,1,0
75,Morwani,"The Kenya Kwanza Government's Bottom-Up Economic Transformation Agenda has seen a significant boost in agriculture, with a 514% increase in the number of fertilizer bags disbursed to farmers, enhancing food production and reducing costs.
#2YearsAchievements
Ruto Delivers https://t.co/Z1OAxe0UNB",Fri Sep 13 05:25:01 +0000 2024,10,7
76,International Institute for Legislative Affairs,"Regulating trans fats will not only save lives but also reduce healthcare costs and protect communities across Kenya from cardiovascular disease. @MOH_Kenya @KEBS_ke, it's time to take action by regulating trans fats in our food supply.
.
.
.

#TransFatFreeKenya #TransFatFreeEAC",Tue Aug 06 16:27:00 +0000 2024,5,5
77,State House Spokesperson - Kenya,"Unga prices have started going down just as President @WilliamsRuto had assured Kenyans over the weekend. Prices have dropped to Ksh159 and Ksh 160, depending on the millers. When the President assumed office last year, a 2kg packet was retailing at approximately Ksh230. https://t.co/9eJh45CTBM",Mon Apr 17 12:28:47 +0000 2023,78,307
78,SHA'CCARI üåπ,"Kenya‚Äôs food production has increased through reduced farm input costs, contributing to lower food prices and an improved economy. #RutoMchapaKazi Kazi Inafanyika https://t.co/xmI6EDXPBF",Mon Nov 18 07:03:35 +0000 2024,0,0
79,International Institute for Legislative Affairs,"Regulating trans fats will protect heart health, save lives, reduce healthcare costs, and strengthen communities. As #WorldHeartDay approaches, we urge @MOH_Kenya @KEBS_ke to act and limit trans fats in our food supply.

#TransFatFreeKenya #TransFatFreeEAC",Tue Aug 06 15:57:50 +0000 2024,4,4
80,SHA'CCARI üåπ,"The government has cut the price of 2kg unga (flour) from KSh 260 to KSh 100-120, significantly reducing the cost of living and improving access to affordable food for families.
#KaziBilaBreak
Ruto Delivers https://t.co/pxOMYMZRnP",Mon Feb 17 07:59:40 +0000 2025,7,5
81,Morice Lukenya,"The subsidised fertiliser initiative aims to increase food production and lower costs. By investing in farmers, Kenya is strengthening its agricultural backbone, reducing imports, and making food more affordable for every household. RESILIENT #SOTN2024 #StateOfTheNationAddress https://t.co/yDzntaxlH7",Thu Nov 21 14:07:02 +0000 2024,0,0
82,REPORTER,"Inflation decline has reduced food costs, while financial reforms build Kenya‚Äôs resilience. Positive indicators highlight restored stability, showing Kenya‚Äôs determination to progress sustainably. #KasongoDelivers Kazi Imefanyika https://t.co/ZUUf56yjza",Fri Dec 13 05:28:36 +0000 2024,0,0
83,MickeyKE‚Ñ¢üá∞üá™,"Increased food production by reducing farm input costs. Feeding Kenya sustainably. #RutoDelivers
System Ya Facts https://t.co/0BKUSpov16",Sun Nov 17 09:36:02 +0000 2024,1,0
84,Alliance for Science,"‚ÄúOur research shows that adopting biotech potatoes resistant to this disease can reduce losses, lower costs and improve incomes significantly. It‚Äôs a win for farmers and a win for food security.‚Äù @SheilaAfrica  https://t.co/Nl9iVknhks #biotech @NationAfrica @mqhlay",Tue Jan 28 07:42:57 +0000 2025,4,11
85,Mary‚ô•Ô∏è,"Kenya‚Äôs maize production is at its highest in years, thanks to 6.45 million farmers receiving subsidised fertiliser. Food costs are lower, improving affordability for all. Feel The Transformation. #ResultsYouCanSee https://t.co/GvLqgt77Sk",Fri Feb 07 07:32:29 +0000 2025,2,0
86,Linet Ida,"Boosting Food Production! By cutting farm input costs, food production is on the rise. Lower food prices and improved food security contribute directly to Kenya‚Äôs economic stability and lower inflation. #RutoDelivers 
Rais Mchapakazi",Thu Nov 14 14:09:37 +0000 2024,0,0
87,EFG Hermes Kenya,"Dr Kamau Thugge, the new @CBKKenya Governor, will be pressured to reduce the Central Bank Rate (CBR). It‚Äôs a big challenge as global crude oil costs, the global sugar shortage, and fuel VAT increases will push up fuel and food prices. To learn more, click. https://t.co/oBIBgI50Tt",Fri Jul 07 06:15:08 +0000 2023,48,710
88,Astroüí•,"Kenya's food production has risen, thanks to lowered costs for farm inputs. Farmers are thriving, and more food on the market means lower food prices for everyone.  #RutoDelivers 
Rais Mchapakazi https://t.co/aVeOVq2Rdv",Thu Nov 14 13:37:35 +0000 2024,0,0
89,Chief Disruptor,"Save this for when the rains are gone, the sun‚Äôs out and food is scarce. Remind these idiots and clowns to take credit for the rising costs and empty shelves - they‚Äôre always quick to claim what they‚Äôve never done!! Kenya and East Africa has been blessed with rain... https://t.co/e7cbhATDMA",Fri Nov 15 11:11:22 +0000 2024,0,3
90,Citizen TV Kenya,'Hungry academic giants': Rise in food costs at university cafeterias worries students https://t.co/l4GmTbZzdx,Fri Aug 25 12:34:06 +0000 2023,34,176
91,Bloomberg Economics,Kenya‚Äôs annual inflation rate climbed for a second successive month in December as food and transport costs increased https://t.co/4uXgcubTUV,Tue Dec 31 08:01:01 +0000 2024,7,16
92,Kemoi ‚ú®Ô∏è,"The Kenya Kwanza Government's Bottom-Up Economic Transformation Agenda has seen a significant boost in agriculture, with a 514% increase in the number of fertilizer bags disbursed to farmers, enhancing food production and reducing costs.
#OnwardsKenya 
Delivering The Promise https://t.co/AICIPK1i9O",Thu Sep 19 10:10:48 +0000 2024,5,2
93,The Eastleigh Voice,"Subsidy programme helps cut Kenya's food import costs

https://t.co/LZLSHVaP2M",Thu Feb 13 17:06:14 +0000 2025,0,1
94,TERRYHILLARY‚Ñ¢üåπ,"Kenya's food import bill has decreased by 12.87% to approximately $2.065 billion, marking the first decline in four years. 

This reduction is attributed to improved local crop production, bolstered by government initiatives such as subsidized fertilizer programs and favorable https://t.co/opGnHqzPRh",Thu Feb 13 04:19:36 +0000 2025,24,23
95,SHA'CCARI üåπ,"The Kenya Kwanza administration has prioritized food security by reducing fertiliser costs and supporting farmers, which enhances agricultural output and ensures economic stability through a self-reliant food system. https://t.co/zNtLHPTFfW",Tue Jan 21 04:26:49 +0000 2025,0,0
96,SHA'CCARI üåπ,"Inflation fell to a remarkable 2.7% in October 2024, the lowest in over a ing to reduced food and fuel costs. Kenya‚Äôs economic policies are effectively delivering affordable living for all citizens. #RutoDelivers
Prices Fall
Plan Is Working. https://t.co/gTY1ZB2kmg",Thu Nov 07 05:57:05 +0000 2024,0,0
97,Magara,"President Ruto‚Äôs administration has significantly reduced the cost of living. The price of a 2kg pack of flour dropped from Ksh 260 to Ksh 100-120, providing much-needed relief to Kenyan households.#KaziBilaBreak
Ruto Delivers https://t.co/vcLizaU4Fx",Mon Feb 17 08:46:48 +0000 2025,1,1
98,Africanus,"Kenya's inflation is basically food &amp; fuel driven.

But Fuel prices are basically 45% taxes &amp; levies.

Then fuel prices feed into food prices through transport costs (that contribute  ~35% to food farm prices) https://t.co/6rVh8ygA1i",Wed May 31 21:19:53 +0000 2023,4,17
99,Onsase,Affordable fertilizer and reduced food costs are key indicators of Economic Stability. Kenya is building a stronger future for farmers and consumers alike,Tue Jan 21 04:44:16 +0000 2025,0,0
100,Miss Smith‚ù§Ô∏è,"Inflation is down, farmers are thriving, and food costs have decreased. Delivering The Plan proves Kenya's resilience and dedication to creating a prosperous future for every citizen. #KenyasSuccessFacts https://t.co/h3bxrLpFh6",Thu Dec 12 12:14:54 +0000 2024,2,0
101,Unknown Forces,"Rising geopolitical tensions, including the Russia-Ukraine war and Middle East instability, have affected global supply chains, impacting fuel, food, and transport costs in Kenya. #EconomicOutlookKE https://t.co/5hecoCsJdX",Thu Feb 06 08:43:51 +0000 2025,2,1
102,MOKIRI MOBIMBA,"CS Andrew Karanja is focusing on increasing local production of rice and oil to help Kenya save on food import costs and boost job opportunities in the agricultural sector.
#KilimoSuccessKE
Tea Bonus Increment https://t.co/uNk2su3zrg",Mon Sep 16 13:21:08 +0000 2024,0,0
103,Bloomberg Markets,Kenya‚Äôs annual inflation rate climbed for a second successive month in December as food and transport costs increased https://t.co/vYb1sJ6T8L,Tue Dec 31 07:31:00 +0000 2024,4,17
104,Klaus,"Lower inflation has stabilized fertilizer and input costs, boosting food security. Agriculture remains Kenya‚Äôs backbone, and the future looks promising! 
#RutoMustGoOnwards 
Backwards Never
Economy Is Stable https://t.co/oVRGm8EZdT",Fri Jan 31 05:39:51 +0000 2025,0,1
105,DCI Meru,"The government has implemented a farmer registration and fertilizer subsidy program, providing 5.5 million bags of fertilizer to farmers across Kenya. This has reduced production costs and ensured food security, resulting in lower prices of goods and services. https://t.co/IoKBujrWni",Mon May 06 04:21:02 +0000 2024,4,8
106,NTV Kenya,"Starting this week, a 400 gramme loaf of bread will cost Sh5 more:

Cooking oil, bread, milk price rise signals expensive Christmas.
https://t.co/N235d7pz8k https://t.co/wEOlETPyet",Tue Nov 16 15:42:34 +0000 2021,213,470
107,Joan Kanini,"In Kenya, the costs of the 3 basic Fs - Food, Fuel, and Fertilizer - have been on the rise, impacting households and businesses. Rising prices pose challenges to affordability and sustainability, emphasizing the need for proactive measures and resource management. @UN #UNCSO",Wed May 08 08:34:00 +0000 2024,0,0
108,NTV Kenya,Inflation rallies to two-month high on higher food costs https://t.co/sOowxwIL6X https://t.co/oi4sag3GX7,Fri Aug 30 20:45:18 +0000 2024,6,32
109,Nation Breaking News,PRESIDENT KENYATTA orders Agriculture CS Munya to increase price of unprocessed rice from Sh45 to Sh85 per kg after complaints by farmers. https://t.co/R8uJ0wbRTN,Sat Feb 01 14:01:15 +0000 2020,172,763
110,ElyüçÇ,"Comparing Kenya vs Tanzania on the cost of living, Kenya's integrated markets ensure stable food prices across regions. Tanzania struggles with high transportation costs, which inflate prices in remote areas. https://t.co/bXQThiDM6i",Tue Dec 10 11:47:23 +0000 2024,8,0
111,Wildüåπ,"Agriculture is the backbone of Kenya, and President Ruto has made it his top priority. By reducing fertilizer costs from Ksh 7,500 to Ksh 2,500, he has empowered farmers to produce more food for the nation. 
#RutoTheOvercomer 
Impact You Can Feel https://t.co/8ZJwbvHsbE",Mon Jan 20 07:06:17 +0000 2025,22,4
112,EMPIRE MIKE‚Ñ¢,"Under Ruto‚Äôs leadership, unga prices dropped to Ksh 100-120, petrol to Ksh 176/litre, and inflation to 2.7%. Fertiliser now costs Ksh 2,500, boosting food security. Kenya Power &amp; KQ are profitable, and peace reigns in Kerio Valley. #RutoTheOvercomer Impact You Can Feel https://t.co/N3dmzwkEoc",Mon Jan 20 07:01:27 +0000 2025,50,43
113,Femke Aliki üå∏,"With subsidised fertiliser reaching 6.45 million farmers, local maize production has surged. Food prices have dropped, reducing living costs and enhancing Kenya's food security.
#RutoMchapakazi The Plan Is Working, Visible Results https://t.co/BP0mQJgzPx",Thu Jan 09 14:11:55 +0000 2025,0,1
114,Kemoi ‚ú®Ô∏è,"KASONGO is doing a great job

‚úÖ Inflation significantly reduced, lowering costs of food &amp; essentials.
‚úÖ Strategic reforms in public finance ensuring sustainable growth.
‚úÖ Kenya‚Äôs resilience is restoring economic stability.
#KasongoDelivers 
Kazi Imefanyika https://t.co/3MAkmpjEk3",Fri Dec 13 06:25:48 +0000 2024,7,8
115,Linet Ida,"Fertilizer Subsidy Program: Farmers are now getting fertilizer at Ksh. 2,500 per 50kg bag, down from Ksh. 6,500. This has significantly reduced production costs and increased food output. Kenya is on the path to food security.#KaziBilaBreak
Ruto Delivers https://t.co/s306hWuhRD",Mon Feb 17 07:52:40 +0000 2025,0,1
116,Baluc_Mocha,"Kenya‚Äôs cost of living has skyrocketed, with rising fuel prices, electricity bills, and food costs leaving many struggling. While the government blames global factors like inflation and the Ukraine war, critics argue that poor planning and corruption play a big role.

The",Wed Dec 11 18:09:44 +0000 2024,1,40
117,Shi Mutaleüáøüá≤,"Mwisho, the cost of eating potatoes has escalated from K99.99 in January to an astonishing K219 in May.

This is for a 10kg kasaka.

How will people feed families and manage to make salads by december on christmas day? https://t.co/WpyyGRXR6r",Wed May 15 11:31:52 +0000 2024,48,405
118,TUKO.co.ke | The Heartbeat of Kenya,"Pastor Ezekiel is now protesting a police raid at his church which he says has led to losses of KSh 20 million.

He says his losses are in tithes, offerings, wasted food, and accommodation costs.
#tukonews
https://t.co/Dy8TsUw5ix",Sun May 07 13:26:43 +0000 2023,0,3
119,Bianca‚Ñ¢,"President William Ruto has performed exceptionally well, but if you're clouded by HATE , you can't see. The price of fertiliser went from KES 7500 to KES 2500; Unga went from KES 240 to less than KES 140; and the Kenyan shilling that many expected to hit KES 200 against the https://t.co/zppJ2l45Ja",Sun Jun 30 13:58:15 +0000 2024,97,461
120,Wildüåπ,"Empowering farmers to thrive: 1.4 million farmers have received subsidized fertilizer, boosting productivity and reducing food costs. Agriculture is being revitalized to secure Kenya‚Äôs food future and lift farmers‚Äô incomes.
#ResultsYouCanSee
Delivering The Plan https://t.co/sI8HXwN5o3",Wed Dec 18 10:51:48 +0000 2024,0,0
121,NG‚ÄôENDO MURUGU,"President @WilliamsRuto ‚Äòs Botton Up Economic Agenda is on high gear! 

In October 2024, Kenya‚Äôs inflation rate saw a significant decline, reaching 3.6%, marking the lowest level in 12 years. This decrease has been driven by lower costs in essential areas such as food, energy, https://t.co/VV0Y3IZlBJ",Thu Oct 24 07:13:53 +0000 2024,18,27
122,JANE KYALO,"The Kenya Kwanza Govt has been working to reduce the cost of production for the last couple of months. 

This has made the cost of food products reduce immensely. 

With the laid plans, we expect the production costs to continue dropping and in turn the cost of food to be lower https://t.co/odcqnKFtZr",Tue Sep 24 10:47:16 +0000 2024,3,19
123,KeÕ•nnÕ£eÕ´·ñô‚ÑΩ‚Å∂ìÖì,The cost of unga (2kg flour) has reduced from KSh 260 to KSh 100-120. #KaziBilaBreak Ruto Delivers. https://t.co/9HIlVT3oQT,Mon Feb 17 08:15:08 +0000 2025,1,1
124,The Standard Digital,"Tough life for farmers as proposed Bills spark fears of high food costs
https://t.co/brXAtQXnBj https://t.co/qsUIvvBCQA",Tue Nov 26 04:15:12 +0000 2024,5,7
125,Wildüåπ,"Strong farmers = a strong nation. üåΩ
Kenya's subsidised fertiliser program has:
üî∏ Empowered 6.45M farmers
üî∏ Reduced maize imports by 65%
üî∏ Lowered food costs for everyone
Together, we‚Äôre building a resilient, food-secure Kenya
#RutoMchapakazi
The Plan Is Working 
Visible Resu https://t.co/jFjDY1OJ4M",Thu Jan 09 14:46:49 +0000 2025,1,0
126,OTIENO ONYANGO,"From importing maize to having 95 million bags of maize and food stocks, Kenya has achieved self-sufficiency. Affordable unga, increased production, and lower costs prove that Ruto Must Go Onwards. We Have Reasons. #WhyKumiBilaBreak https://t.co/wOxI7VKrdG",Tue Feb 04 09:04:04 +0000 2025,2,0
127,Gideon Kitheka Snr,"Prices Fall
Plan Is Working

Inflation has dramatically dropped to 2.7% in October 2024, thanks to President William Ruto‚Äôs decisive economic strategies. 
#RutoDelivers

The reduction in food and fuel costs is providing tangible relief to Kenyans. The Kenya Kwanza government https://t.co/dYQReuBVTl",Thu Nov 07 06:00:11 +0000 2024,3,4
128,Fintech Association of Kenya,"Kenya's poverty crisis deepens: 20M+ Kenyans lived in poverty in 2022, with 16M unable to afford basic food. Rural areas are hardest hit. Soaring food &amp; living costs, coupled with stagnant wages, are to blame. 
https://t.co/x3wSTccfK1",Mon Nov 18 12:18:31 +0000 2024,0,0
129,Kemoi ‚ú®Ô∏è,"Under President William Ruto‚Äôs leadership, Kenya is achieving remarkable economic stability! Inflation has significantly reduced, leading to lower costs of food and essential commodities. 
#KasongoDelivers 
Kazi Imefanyika https://t.co/GTRnBqWAEO",Fri Dec 13 06:20:40 +0000 2024,7,8
130,Wildüåπ,"Domestic food production is key to Kenya‚Äôs future. 
With subsidised fertiliser, 6.45M farmers have boosted maize yields, cutting imports by 65% and reducing food costs. Together, we‚Äôre building a food-secure Kenya.
#RutoMchapakazi
The Plan Is Working 
Visible Results https://t.co/WQiiw1HZDU",Thu Jan 09 14:27:39 +0000 2025,1,0
131,ùóûùóúùó£ùó•ùó¢ùóßùóúùóñùóõ ùó¶ùó°ùó•,"In Kenya vs Tanzania, food affordability makes a huge difference in the cost of living. Kenya's fertilizer subsidies and agricultural investments keep food prices stable, while Tanzanians face higher food costs due to limited input support

https://t.co/SdzFDtk7qW",Tue Dec 10 11:12:05 +0000 2024,0,0
132,Africa Facts Zone,The average household in Kenya spends around 45% of their budget on food.,Fri Aug 06 08:37:45 +0000 2021,77,485
133,TUKO.co.ke | The Heartbeat of Kenya,"The prices of basic food commodities rose in March.

The Kenya National Bureau of Statistics indicated that housing, water, electricity, gas, and other fuel costs also increased.

#tukonews #business 

https://t.co/oFKU4FJvdj",Sat Apr 01 03:34:35 +0000 2023,1,2
134,Duke of Mbooni‚Ñ¢üá∞üá™,"Agriculture is thriving! Increased food production and reduced farm input costs are making Kenya food-secure while keeping costs down for families.#RutoDelivers 

System Ya Facts",Sun Nov 17 10:01:40 +0000 2024,0,0
135,Oscar Sudi Commentary,"Farmers win big as fertilizer prices drop from Ksh 7,500 to Ksh 2,500! Increased food production means lower costs, higher profits, and greater food security. Agriculture is thriving again in Kenya.  
#RutoTheOvercomer 
Onwards https://t.co/iSPk8gImmi",Thu Feb 06 08:50:55 +0000 2025,3,2
136,Breaking News,"[BUSINESS] Inflation rate slows to 4.3pc in July due to rising food, transport and housing costs: Kenya's year-on-year inflation rate slowed to 4.3 per cent in July, down from 4.6 per cent in June, according to .. https://t.co/rVhE1sckyH",Thu Aug 01 03:50:07 +0000 2024,0,0
137,World Bank Kenya,"That queasy feeling when we realize we may have eaten food that is going to make us sick. This is a global problem and the human costs are high. More than 600 million people fall ill and 420,000 die every year from eating contaminated food. https://t.co/xa9piFMAGV",Tue Jan 23 12:18:56 +0000 2024,1,2
138,MickeyKE‚Ñ¢üá∞üá™,"Kenya‚Äôs inflation has dropped significantly, reducing costs for food and essentials. Kazi Imefanyika, ensuring economic stability for all. #KasongoDelivers https://t.co/X6QwAD1tTS",Fri Dec 13 04:49:52 +0000 2024,2,0
139,Gideon Kitheka Snr,"The Kenya Kwanza administration remains resolutely committed to alleviating the burdens on Kenyan households.

In the face of economic challenges, their strategy encompasses targeted investments in food security, reductions in operational costs for businesses, and the expansion https://t.co/g0L7YtOZZG",Tue Nov 05 03:50:32 +0000 2024,1,1
140,Khusoko,"Food, Energy Costs Push Kenya Inflation to 6.9% in January https://t.co/yvm4wIkNO1",Tue Feb 06 16:21:57 +0000 2024,0,0
141,"Madoka Kibet, HSC","Kenyans are happy with the price of Unga as it starts reducing by August the price will be at 150 ksh as farmers are set to harvest maize from their farms. This is the  way to go, now the package of maize goes for up to 209/= from 232/= https://t.co/3MeO16KSnp",Sun Jul 23 12:25:59 +0000 2023,38,325
142,KERUBO,"In Kenya vs Tanzania, Cost of Living, Kenya‚Äôs policies lower food costs, showing how agricultural subsidies create direct benefits for citizens compared to Tanzania https://t.co/APklWJbxjB",Tue Dec 10 11:22:03 +0000 2024,1,0
143,H.E President William Ruto (Commentary),"Dear Kenyans, here's a reminder: 

‚Ä¢ 1Kg Sugar is Khs 110 frm 240

‚Ä¢ Dollar is Khs 129 frm 160

‚Ä¢ 6kg Gas is Kshs 1000 frm 1500

‚Ä¢ 1L cooking oil is Kshs 200 frm 400

‚Ä¢ 2kg unga is Kshs 97 frm 230
        
‚Ä¢ Fertilizer is Kshs 2500 frm 7000

President Ruto listens to all. https://t.co/yJBAy8u3hl",Mon Feb 10 04:01:55 +0000 2025,116,1290
144,KERUBO,"Kenya demonstrates the power of subsidies in reducing food costs. In Kenya vs Tanzania, Cost of Living, Tanzanians grapple with higher prices driven by costly inputs. https://t.co/pls3Wnl4aN",Tue Dec 10 11:30:11 +0000 2024,1,0
145,SHA'CCARI üåπ,"The government has sustained its commitment to food security by reducing fertilizer prices from KSh 7,500 to KSh 2,500. This has boosted agricultural productivity, ensuring more affordable food for all Kenyans.
#KaziBilaBreak
Ruto Delivers https://t.co/ZChROktAYb",Mon Feb 17 07:27:49 +0000 2025,1,0
146,Stephen Mutoro,"Inflation¬†fell in March compared with a month earlier, driven by falling prices of some food items and transport costs, @KNBStats has announced 
üìå Inflation dropped to 5.7% year-on-year in March from 6.3% in February ~ the Kenya National Bureau of Statistics https://t.co/LzJVEkiAey",Fri Mar 29 19:59:49 +0000 2024,2,22
147,WION,"Inflation rises in Kenya for the second straight month.

It rose by 3$ in December on high food costs.

@Mohammed11Saleh explains. https://t.co/XbY7mfxlgX",Sat Jan 04 16:37:00 +0000 2025,0,3
148,Senator Kiprotich Arap Cherargei,"UNGA PRICES
Handshake govt 2020-2022(Uhuru + Raila) =280/= per 2kg
H.E Ruto govt = 150/= per 2kg eventually cost of living will come down &amp; affordable to all Kenyans.

 The master stroke is subsidising the production over consumption thro farming / food security. https://t.co/fq7Yh7UdeC",Mon Apr 17 13:01:46 +0000 2023,96,699
149,Bianca‚Ñ¢,"My grandma is very happy that she can comfortably afford to buy sugar at KES 260 per 2 kg, unga at KES 110 per 2 kg packet, and fertiliser at KES 2500! She says the aforementioned products were costing KES 450, KES 230, and KES 7500, respectively, under Uhuru Kenyatta and people https://t.co/tk5A9QyyHW",Mon Jul 29 15:28:30 +0000 2024,78,517
150,NTV Kenya,"Kenya has slapped a two per cent levy on cereal imports in what could see an increase in the prices of maize, rice and wheat.
https://t.co/PV1KnvbT4i https://t.co/xO2tu6xcSP",Thu May 30 13:15:25 +0000 2024,28,218
151,Bianca‚Ñ¢,"Who said that everyone who supports the government is paid to do so? If, for example, the cost of Unga was KES 260 under Uhuru Kenyatta, yet he was channelling billions of dollars in the name of subsidies to maize millers, but under Ruto Unga is between KES 100 and 130 without https://t.co/Lurw45pcaD",Sun Jun 23 18:29:04 +0000 2024,118,814
152,"Cyprian, Is Nyakundi","The Central Bank of Kenya (@CBKKenya) has released a report warning of looming food price increases, citing high production costs, poor policies, unpredictable weather, and insufficient support for farmers.

Meanwhile, the economy continues to struggle under the weight of high",Tue Jan 14 06:07:31 +0000 2025,983,2552
153,Uhondo TV KENYA üá∞üá™,"President William Ruto of Kenya announces upcoming food exports and a comprehensive plan for increased production.
The government's strategy aims to surpass domestic food needs, reducing costs and bolstering food security.
#RutosLegacy https://t.co/9ryNSUhcPX",Thu Aug 17 17:21:27 +0000 2023,0,0
154,ùêñùêÄùêçùêâùêàùêäùêî,"Under President Ruto, unga prices have dropped from KSh260 to as low as KSh100. That‚Äôs real impact! By reducing production costs and ensuring affordable fertilizer, he‚Äôs made food security a reality, ensuring every Kenyan can afford a decent meal. #KaziBilaBreak
 Ruto Delivers https://t.co/EAFq057naw",Mon Feb 17 08:35:47 +0000 2025,1,0
155,"Madoka Kibet, HSC","After the fresh harvest hit the market, food costs in Kenya began to decline serikali ya kusema na kutenda",Wed Aug 16 03:54:39 +0000 2023,3,24
156,BusinessDaily,"Kenya‚Äôs consumer prices in September grew at the slowest rate in nearly 12 years, the statistics agency announced on Wednesday, citing easing pressure on food, energy and transportation costs. 
https://t.co/ptteY1zBea",Wed Oct 02 09:50:05 +0000 2024,1,5
157,The Standard Digital,"Inflation rate slows to 4.3pc in July due to rising food, transport and housing costs

https://t.co/50FN4oXw3C https://t.co/9ErVN6zWBB",Thu Aug 01 11:01:11 +0000 2024,1,5
158,NTV Kenya,"High food costs dominate Cabinet meeting as Govt vows to intensify efforts

https://t.co/FFJZyO1Kxq",Tue Apr 18 15:34:07 +0000 2023,12,133
159,TheStarKenya,"President William Ruto has said his government is keen on reducing the importation of food products by 50 per cent.

Ruto said the government is spending lots of resources on importing food products which in the end is resulting in more costs.

#starkenyanews https://t.co/2Uj8sOEuxv",Wed Feb 21 13:50:09 +0000 2024,1,6
160,Kelvin Omukungu,1 kg of bread now costs 5500shs-6000shs. Thank you m7 for the good leadership.,Wed Jul 06 05:04:37 +0000 2022,115,939
161,Maskani Ya Taifa üá∞üá™,"The reported 2.7% inflation in Kenya may feel disconnected from reality because essential costs like transport, energy, and some food items haven‚Äôt seen significant drops. 
While rains have boosted agricultural yields, leading to temporary relief in food prices, these effects may",Mon Nov 11 06:44:40 +0000 2024,1,4
162,Oven!,"The government‚Äôs strategic fertilizer distribution enhances food production, reduces costs, and secures a brighter agricultural future, a vision driven by CS Andrew Karanja. #SubsidizedFertilizer Food Security Kenya",Mon Oct 14 13:57:13 +0000 2024,3,1
163,Rongai Queen,"The Kenya Kwanza govt is strengthening agriculture in Kiambu through subsidized fertilizer, reducing production costs &amp; stabilizing food prices. Farmers are thriving! DP Kithure Kindiki Economic Charters Review #AgendaKiambu https://t.co/9Agxfs1vhl",Mon Feb 10 12:36:27 +0000 2025,3,2
164,U D A - Official Fans Page.,"The cost of living is steadily coming down for all Kenyans. H.E President Ruto has managed to stabilise the economy.

i. Unga @ 2Kgs 154/=
ii. Ndovu @ 2kgs 179/=

iii. Taifa Gas 6kg @850/=
iv. 13Kg @1500 /=

v. Sugar 2kgs @270/=

vi. Bar soap @135/=

vii. Milk @49/= https://t.co/KQRZzK81VQ",Mon Feb 27 17:16:32 +0000 2023,39,293
165,Citizen TV Kenya,"When we came in the cost of unga was between Kshs 230-250, at that time there was a subsidy. We have worked very hard and now unga is between Kshs 170-191. We decided as a government that subsidizing consumption is foolish because it is not sustainable. Rigathi Gachagua https://t.co/cBD1bGtmAm",Sun Mar 12 19:19:59 +0000 2023,29,380
166,PiQ,"‚ö†Ô∏è  KENYA'S INFLATION FALLS IN MARCH

Full Story ‚Üí https://t.co/9BTRuVZ3m6

Kenya's inflation fell in March compared with a month earlier, driven by falling prices of some food items and transport costs, the statistics office said on Friday. https://t.co/lCj3NMbYnf",Fri Mar 29 18:46:59 +0000 2024,0,1
167,Bianca‚Ñ¢,"1. Unga is now at around KES 120, down from KES 240 per 2 kg.
¬†
2. The Kenya Shilling is currently the best-performing currency in Africa, from 162 to KES 128 against the dollar.

3. Sugar: from KES 400 per 2 kg to KES 280.
¬†
4. Cooking oil and sugar prices have dropped.

5. https://t.co/y1s1prGhEm",Tue Jun 18 19:36:00 +0000 2024,94,584
168,Moe,"Tough times ahead as the prices of cooking oil, soap, and some cosmetics in Kenya are set to rise significantly starting this month after Kenya imposed a 10% import duty on crude palm oil.

1kg of cooking oil will now cost Sh359, up from Sh326",Tue Jul 02 02:30:00 +0000 2024,1854,2768
169,Bianca‚Ñ¢,"Within a week in government, CS Wycliffe Oparanya has realised that Ruto's administration has done a lot! When your heart is clouded by hate, bitterness, and ignorance, you don't realise that:

The cost of a 2 kg packet of Unga that was at KES 240 two years ago is now at KES 100! https://t.co/jjOe930wWq",Sat Aug 17 17:57:24 +0000 2024,41,269
170,Alinur Mohamed,Bread is Ksh 60. A 500ml packet of Milk is now Ksh. 65. 1 tomatoe is KSh. 25. For a single person breakfast now costs KSH. 125. How about a family that has 7 members? How will Kenyans survive in this country?,Sun Apr 11 12:30:32 +0000 2021,986,4567
171,Kenyans.co.ke,"Once approved for commercialisation, the item will trade at Ksh35, factoring in the cost of producing a kilogram of the flour (Ksh23 per kilo) plus other expenses.

https://t.co/xoiqqUC988",Mon Apr 24 14:14:26 +0000 2023,200,1402
172,Bianca‚Ñ¢,"Based on how the president William Ruto has managed the macroeconomics in the two years, I say #RutoMustGoForward! Kazi inaonekana.

Inflation is down from 9.6% in 2022 to 2.7%‚Äîthe lowest in 17 years.

Fuel prices down from as high as KES 210 to as low as KES 176!

The Kenyan https://t.co/7vtw2sQRfZ",Fri Jan 24 05:29:38 +0000 2025,149,213
173,Rwakakamba Morrison,"Cost of living: Kenya is 7% more expensive than Uganda. Rwanda is 9% more expensive than Uganda. A basic meal with a drink costs $2.7 (Uganda) and $3.62 for Kenya. In Uganda, less money buys more. These things should factor in our discussions as we debate our wealth and poverty!",Wed Apr 28 07:47:48 +0000 2021,204,671
174,DW News,"Food costs and taxes are high, the opposition belligerent and Kenyans angry. President William Ruto has lost a lot of support at home. 
https://t.co/ONlBqrvsG0",Wed Sep 13 03:25:41 +0000 2023,5,17
175,SHA'CCARI üåπ,"Food costs in Kenya are relatively lower, with affordable options for everyone from street food to supermarket groceries, making it easier for Kenyans to feed their families things 
Tanzanians dream of!
Kenya VS Tanzania 
Cost of Living 

https://t.co/WpOMJvAvOu",Tue Dec 10 12:05:03 +0000 2024,0,0
176,Roselyne Wanjiru ‚ö°,"Is there a war on wealth creation and distribution in Kenya? 

1. Incomes are shrinking; some job opportunities ""have to"" be paid for
2. Businesses are either stagnant or closing
3. Healthcare, education, food security &amp; energy costs are depleting people's wellbeing and savings",Wed Dec 11 20:20:27 +0000 2024,4,21
177,Gideon Kitheka Snr,"Kenya is now self-sufficient in maize and other key foodstuffs, thanks to the Kenya Kwanza government‚Äôs decision to subsidize production. Fertilizer now costs Ksh 2,500, down from Ksh 6,000, enabling farmers to produce more and achieve food security. https://t.co/51dp8HbOLb",Mon Dec 16 15:59:18 +0000 2024,2,6
178,H.E President William Ruto (Commentary),"By reducing fertiliser costs and improving local sugar production, #RutoTheOvercomer is directly impacting Kenya‚Äôs food security. Impact You Can Feel ‚úîÔ∏è https://t.co/vNzerXYdcL",Mon Jan 20 06:41:16 +0000 2025,1,2
179,Dr. Ho Yinsen,"I'd have supported it because of how problematic food quality is in Kenya but seeing it is supported by the US, I hope it fails. 
Also, GoK will use it to raise food costs in the name of registration fees yet we have a huge stunting problem.",Sun Sep 01 05:50:49 +0000 2024,18,18
180,Ruto Stan!,"The cost of living has eased significantly.

A 2kg packet of maize flour now costs KSh100-120, down from KSh260.

Fuel prices have dropped from KSh210+ to KSh176 per litre, reducing transport and commodity costs.

KBB | Ruto Must Go Forward
#KaziBilaBreak https://t.co/ooTi9gLVTv",Tue Feb 11 10:18:34 +0000 2025,2,0
181,Moe,"Kenya's Food Inflation increased to 15.8% in October.

This is crazy:

Sugar ‚¨ÜÔ∏è36.3%
Cooking Oil ‚¨ÜÔ∏è33.6%
Unga ‚¨ÜÔ∏è33.5%
Potatoes ‚¨ÜÔ∏è32.6%",Tue Nov 01 05:36:12 +0000 2022,460,1098
182,Kenya West,"Kenya's February inflation hits a 23-month low at 6.3%, driven by lower food costs and offering relief for many low-income households, says KNBS. https://t.co/lcFBZk4q4M",Fri Mar 01 08:19:48 +0000 2024,0,0
183,Nairobi News,"In his Labour Day 2023 speech, President William Ruto addressed the high costs of food in Kenya. He especially focused on the price of maize meal flour which cooks Ugali, the staple food in the country.

https://t.co/S5buyLgO9s",Tue May 02 07:30:00 +0000 2023,2,3
184,Moe,"Maize prices in Kenya have increased by 9.9% to Sh57 per kg, and wheat by 10.9% to Sh106 per kg since August.

This is due to the implementation of a new 2% tax on cereal imports and a 0.3% tax on exports",Wed Sep 18 05:00:42 +0000 2024,152,407
185,Donald B Kipkorir,"1. BREAD PRICES CHANGES IN KENYA &amp; US

Kenya (Kshs)                 US (us$)
2002: 18.                           1.58
2013: 48.                           1.42
2022: 60.                           1.61

Kibaki increased bread price of Moi by 266%. Uhuru of Kibaki by 125%.",Wed Apr 27 17:17:10 +0000 2022,57,237
186,H.E President William Ruto (Commentary),"Fertiliser costs dropped from Ksh 7,500 to Ksh 2,500 per bag, empowering farmers to boost agricultural productivity. #RutoTheOvercomer is improving Kenya‚Äôs food security. This is the only government that has made sure that there is a positive impact you can feel. https://t.co/RAxv8PmcFX",Mon Jan 20 06:03:07 +0000 2025,11,9
187,Nick Tsai,"Kenya‚Äôs food import bill contracted 12% to KSh266.4B, reflecting improved agroeconomic equilibrium, enhanced domestic agronomic productivity, and reduced dependency on exogenous alimentary commodities. @JosephMasta @Haajid_yassin @WilliamsRuto https://t.co/ggbfAOv3Vf",Thu Feb 13 04:28:52 +0000 2025,0,0
188,"Abuga Makori EGH, MBE","Give it to President Ruto. The cost of Unga has gone down. Unga is now retailing between Kshs180 to Kshs200 down from Kshs240. This is remarkable. With farmers harvesting maize, expect more affordable Unga regardless of the brand. Check Magunas Supermarkets and confirm. https://t.co/iahP4sHUfb",Wed Aug 09 15:41:40 +0000 2023,41,273
189,Nelson Havi,"State of collapsed Kenyan economy as experienced by the farmer is disturbing. A 100kg bag of maize is selling at Ksh 800, a gorogoro at Ksh 20, fish at Ksh 1,000 and a jogoo at Ksh 1,000. In 1995, a gorogoro sold at Ksh 20, fish at Ksh 100 and a jogoo at Ksh 100. Who do we blame?",Fri Oct 26 16:15:53 +0000 2018,203,522
190,Moe,"The price of rice and wheat flour in Kenya is set to increase after the government introduced a 2% levy on the import value of cereals and a 0.3% levy on their export value, effective August 12.

Traders who fail to pay on time will face an additional 25% penalty on their",Sun Aug 25 02:31:12 +0000 2024,542,880
191,"Abuga Makori EGH, MBE","Just a reminder. The cost of Unga reduced from Kshs240 and is now retailing at Kshs170 in parts of Riff Valley, Nyanza and Western Kenya. In places like Nairobi, Mt Kenya, Lower Eastern and Coast, the price could be lower than Kshs150. President William Ruto pledged to subsidize https://t.co/V73EySCupG",Thu Sep 28 04:15:36 +0000 2023,25,205
192,Shikoh Kihika,"Bread - Ksh 55-60
Milk - Ksh65 
Literally basic breakfast will cost  nothing less than 120 kenya shillings 

For most Kenyans the salaries are below minimum wage ... Surviving is becoming even harder in this country ! üò≠",Sun Apr 11 09:02:58 +0000 2021,67,194
193,Bianca‚Ñ¢,"Andika hapo...

KUMI BILA BREAK.

Inflation is down from 9.6% in 2022 to 2.7%‚Äîthe lowest in 17 years.

Kenyan shilling has maintained its strength after making a major comeback against the dollar from KES 162 to 128.

76,928 teachers have been recruited in a span of two years. https://t.co/FN5hpFlo09",Tue Jan 21 17:28:33 +0000 2025,49,281
194,MAJIMAJI,"I join the #lowerfoodprices conversation justifying that
‚Ä¢5 ltrs Cooking oil  @ Ksh.1350
‚Ä¢2kgs Sugar  @ Ksh.285
‚Ä¢ 400 grams of Bread @ Ksh. 60 etc

Is not common and affordable for the common man in #Kenya. Something has to give!",Sun Feb 20 14:07:41 +0000 2022,94,188
195,Waturi Wa Matu,Kenya‚Äôs food import bill drops 12pc to Sh266.4bn https://t.co/3MseCPBuFZ,Thu Feb 13 12:19:29 +0000 2025,0,0
196,Moe,"Kenya‚Äôs inflation rises in April by 6.5% up from 5.6% in March.

Rise in inflation driven by high food prices such as wheat and basic goods. 

‚Äî Bloomberg",Thu Apr 28 14:23:56 +0000 2022,204,613
197,Wildüåπ,"Kenya‚Äôs urban centers like Nairobi tend to have higher living costs, driven by housing, transport, and food prices. However, Kenya also has  broader access to services like electricity compared  to Tanzania.
Kenya VS Tanzania 
Cost of Living
https://t.co/zZVcusKP5I",Tue Dec 10 11:09:18 +0000 2024,1,0
198,TheStarKenya,Reducing dependence on imported rice can lower food import costs and strengthen local economies https://t.co/WEtHNetpII,Thu Jun 13 02:18:46 +0000 2024,0,1
199,"Madoka Kibet, HSC","From next month a 2KG packet of Unga will go for Ksh 120-150. 

Thanks to subsidized fertilizer.

14 counties in Kenya contributes to 86% of maize production then we add supplies from Uganda and Tanzania.

We are heading somewhere as a nation.",Tue Jul 11 11:30:14 +0000 2023,36,273
200,Capital FM Kenya,"Rising food, transport costs push Kenya‚Äôs Jan inflation to 3.3% https://t.co/e2YHxljMxg",Fri Jan 31 14:43:37 +0000 2025,0,1
201,Linet Ida,"@WilliamsMkenya Fertilizer is the backbone of farming, and the government has made it more affordable than ever! Prices have dropped from Ksh 7,500 to Ksh 2,500, allowing farmers to increase productivity and lower food prices. #KaziBilaBreak
KBB
Ruto Must Go Forward",Tue Feb 11 10:26:03 +0000 2025,1,0
202,H.E President William Ruto (Commentary),"Delivering The Plan
During the Jamhuri Day 2024, President William Ruto, through #KenyasSuccessFacts, affirms progress: reduced food costs, lower inflation, improved farmer productivity, and enhanced services for Taifa Care registrants. These achievements reflect Kenya‚Äôs https://t.co/z5AMIyEtot",Thu Dec 12 11:07:57 +0000 2024,2,3
203,Rodgers Kipembe Mpuru,An egg is the cheapest form of protein a normal Kenyan can easily afford. A crate goes for Ksh. 580 now.,Thu Jan 26 09:17:37 +0000 2023,145,1501
204,Ndung'u Wainaina,"Central Bank¬†of Kenya @CBKKenya report warns of food price increases, blaming high production costs, poor policies, unpredictable weather, and a lack of support for farmers

High debt servicing, hazardous high taxation and rent seeking regulatory impendments are killing economy",Mon Jan 13 03:59:03 +0000 2025,20,25
205,Bianca‚Ñ¢,"The cost of Unga has gone down from KES 240 to KES 100!

The cost of sugar and cooking oil is down.
The Kenyan shilling made a comeback against the dollar.

The Eurobond that almost plunged the country into an economic abyss has been CLEARED.

#PASSFINANCEBILL",Tue Jun 25 06:06:43 +0000 2024,103,559
206,Bianca‚Ñ¢,"I don't know why UNGA is costing as HIGH as KES 130 despite subsidizing production at the expense of consumption, yet under Uhuru Kenyatta, with billions of subsidies injected into maize milling companies, UNGA was costing as LOW as KES 250! This is unacceptable!

 RUTO MUST GO",Sun Feb 04 16:57:35 +0000 2024,102,744
207,Klaus,"The price difference starts with food items. A kilogram of sugar in Kenya costs KSh 140 compared to KSh 200 in Tanzania. For families, this is a significant saving!Kenya VS Tanzania 
Cost of Living
https://t.co/6JxSYc5pKq",Tue Dec 10 11:16:38 +0000 2024,1,0
208,BusinessDaily,"Kenya‚Äôs food import bill drops 12pc to Sh266.4bn 

Read more: https://t.co/uuwbC6hFS9 https://t.co/ISupelwrJL",Thu Feb 13 11:40:36 +0000 2025,1,1
209,Gabriel Oguda,"The EACC National Corruption Survey found that hunger-stricken Kenyans have been paying an average of Ksh5,000 to benefit from Gov't relief food. Imagine being hungry cause you have no money to buy food, only to be asked for 5k bribe, and you people still say you have a country.",Thu Mar 28 19:26:06 +0000 2024,60,430
210,Ja Loka,"President Ruto has tried and is still trying. Turning around an economy that was in a dilapidated state when KK took over cannot be microwaved overnight. It will take time:
Inflation has come down from 9% to 2.7%
Unga is 95 bob from 230 bob
Fuel from 217 to 180
Dollar from 160 to",Thu Nov 07 10:16:43 +0000 2024,81,585
211,TheStarKenya,"Prices of basic foodstuffs like maize flour, sugar and Sukuma Wiki (kale) rose by 25.6 per cent, 18.4 percent and 32.9 per cent respectively
https://t.co/doQq120WMQ",Fri Mar 31 15:30:00 +0000 2023,29,192
212,Moe,"Kenyan farmers shown not to benefit from food inflation.

In 2022, food inflation rose 12.9% but farmers made 7.1% more for their produce.

In 2021, food inflation was 8.9% but farmers only got 3.8% more.

In 2020, food prices rose 44.1% but farmers only made 6.4% more.",Thu Jan 18 06:02:00 +0000 2024,58,226
213,Stanley Gama,"1.@edmnangagwa this no longer making sense. The wheels have come off and its time to act. Check this out: 
Bread -  $50 x 2 per day =$3000 a month.
Mealie Meal - $400 per 20kg =$800 per month
An average family needs $3800 per month for these 2 items. How will your pple survive",Wed Jun 10 10:20:03 +0000 2020,56,218
214,Moe,"Kenya's inflation hit 7-month high of 6.47% in April 

Commodities whose prices have risen most year on year include:

Cooking oil up 41%
Cooking gas up 38%
Wheat flour up 24%
Soap up 23%
Potatoes up 22%
Maize flour up 14%
Beef up 14%

‚Äî Business Daily",Fri Apr 29 03:40:00 +0000 2022,255,384
215,ephraimnjegafan,"The claims that prices of goods have risen everywhere are not entirely true. A kg of maize is going for the equivalent of KShs 21 in Zambia. Even in Tanzania a kg of maize costs less than KShs 30. In Kenya, a kg of maize is costing KShs 64. 
THREAD üßµ",Sat Jun 18 16:17:19 +0000 2022,263,505
216,BRAVIN YURI,"The government of Kenya has ordered for  maize flour to drop to Ksh. 100 from Ksh. 230.  The price of 2Kgs Unga will be going for ksh. 100, 1 Kg for Ksh. 52, 5Kgs will be going for Ksh. 250 and 10Kgs for Ksh. 490.",Mon Jul 18 12:51:43 +0000 2022,329,2200
217,SokoAnalyst,"A normal family in Nairobi needs At least KES 1500 to have breakfast for a couple of days: 

1Ô∏è‚É£Sugar KES 130 
2Ô∏è‚É£Milk KES 120 
3Ô∏è‚É£Bread KES 70
4Ô∏è‚É£Blueband KES 300 
5Ô∏è‚É£Tea Leaves KES 120

How are we honestly surviving? Why isn‚Äôt anyone discussing this? The cost of living is crazy!",Sun Feb 20 18:19:13 +0000 2022,292,783
218,Juma G üá∞üá™,"A crate of soda in my village is Ksh 750. In Nairobi, it is Ksh 1,200. The soda in the village comes from the same place that of Nairobi comes from. Life in Nairobi is expensive indeed. A kilogram of beef is Ksh 400, in Nairobi, it is Ksh 650. üòä

~ Soko Directory",Tue Dec 27 16:42:16 +0000 2022,105,841
219,SokoAnalyst,"The Central Bank of Kenya (@CBKKenya) has sounded an alarm over impending food price hikes, pointing to skyrocketing production costs, haphazard policies, unpredictable weather, and inadequate farmer support. These issues stem from a government that prioritizes rhetoric over",Sat Jan 18 09:58:07 +0000 2025,2,1
220,Juma G üá∞üá™,"2kg maize flour now at Ksh 229 shillings. The highest since Kenya got independence. This has nothing to do with the war in Ukraine &amp; Russia. It is about weaponizing food &amp; hunger to manipulate the poor masses.  But we all seem to be okay. 

#SokoNews",Tue Jun 21 03:39:00 +0000 2022,105,280
221,Eric,"@Spearman254 Lies!

Living healthy, in Kenya, is cheap.

Very cheap.

Do you know how much households spend buying disease-causing food?

40% of their income.

Do you know how much it costs to live healthy?

5% of your income.

#BetterTogether",Wed Feb 12 05:46:56 +0000 2025,11,53
222,Kenyans.co.ke,"The fact-check by Citizen TV came against the backdrop of Hussein's announcement, in which, the State House Spokesman claimed that maize flour was retailing between Ksh159 to Ksh160 for select brands. 

https://t.co/grck21klo4",Wed Apr 19 11:27:57 +0000 2023,29,301
223,Gerald Bitok,"""Kenya will harvest about 1.3 Million bags of wheat this year, enough to feed the country for one year. Government has set prices of wheat at KSh 5,200 for grade one wheat and KSh 5,100 for grade 2. Government subsidized fertilizer has been attributed to this increase in",Mon Jul 31 11:23:39 +0000 2023,83,481
224,Jame,"The Central Bank of Kenya is warning of looming increase for food prices and among the reasons are: poor policies, unpredictable weather, high production costs, inadequate support for farmers.",Tue Jan 14 07:56:39 +0000 2025,8,26
225,Jayden,"Food security is no longer just a dream. Fertilizer prices dropped from KSh7,500 to KSh2,500, making farming more productive. With 95 million bags of maize available, Kenyans can expect a steady food supply. Ruto Must Go Forward #KaziBilaBreak",Tue Feb 11 10:47:31 +0000 2025,0,0
226,David Indeje,"The Kenya National Bureau of Statistics reported that Kenya's inflation rate increased to 3.3% in January 2025, driven by rising food and transportation costs.
https://t.co/myZ6w2Z9KB",Mon Feb 03 08:48:54 +0000 2025,0,1
227,Moe,"Kenya to spend Sh79.6 billion per year on a new 3-month cover food reserve with 90,000 tonnes worth of food.

‚Äî Business Daily",Thu Apr 06 03:00:02 +0000 2023,70,328
228,Bianca‚Ñ¢,"By the way, starting next week, the cost of fertilizer will be KES 2,500! Down from Uhuru's KES 7,000! One of the practical ways of lowering the cost of living is by subsidizing production! Wearing Sufuria on the head or inviting Samia Suluhu and Ramaphosa to mediate between",Fri Jul 28 11:53:02 +0000 2023,182,1050
229,Bianca‚Ñ¢,"Today I went back to the supermarket, and I'm happy to report that President Ruto is OVERWORKING! The cost of maize flour has significantly REDUCED. Budget: KES 175; Jogoo: KES 183; Soko: KES 188; Dola: KES 180; and Cosmo: KES 160.¬† In the handshake GOV'T, it was at KES 250.",Fri Mar 10 14:49:04 +0000 2023,130,836
230,Bianca‚Ñ¢,"This story of Moses Kuria reminded me of Uhuru Kenyatta; he was once asked what the cost of a loaf of bread was, and the COOLKID said KES 500! I think common Mwananchi and our leaders live in two different worlds! There's a huge disconnect between Kenyans and their leaders.",Thu Sep 14 05:40:45 +0000 2023,44,318
231,Fafa Mukuru,I visited Nairobi Kenya 4 weeks ago. I wonder how people there survive. One fruits of tomato goes for $2.99. It's very tough there. No wonder malnutrition is rampant in Africa at large,Sat Feb 22 18:55:02 +0000 2020,98,493
232,Juma G üá∞üá™,"Woke up to the news that a 2-kg packet of maize flour is now at Ksh 175. Some brands at Ksh 199. But we r told it will come down in August if we ""elect"" right... A 90-kg bag of maize, for the first time in history in Bungoma is at Ksh 7,600. Not the best time to be alive in Kenya",Wed Jun 15 04:54:16 +0000 2022,89,253
233,Peace Ambassador,"The cost of a 2kg pack of maize flour has significantly dropped from Ksh 260 to Ksh 100-120, easing the burden on Kenyan households. #KaziBilaBreak Ruto Delivers",Mon Feb 17 09:22:16 +0000 2025,0,0
234,SokoAnalyst,"One tomato is going for KES 50 in Mombasa. This is bound to increase to KES 75 each.

In Nairobi,  the price is KES 30 per tomato. This is increasing each day. 

Food prices are about to skyrocket,  it will be crazy. Mark this tweet. Too much rain, poor policies.",Thu Feb 13 19:55:51 +0000 2020,108,210
235,Oscar Sudi Commentary,"@Linet_Onyi @JebetKe_ Kenya has never had a president this hands-on! Ruto is tackling the real issues lowering food prices, creating jobs, and improving healthcare. From maize flour dropping to Ksh 100-120.
#KaziBilaBreak
KBB
Ruto Must Go Forward",Tue Feb 11 10:52:04 +0000 2025,1,0
236,Bianca‚Ñ¢,"Azimio bloggers have an IQ of a banana!
The truth is, the cost of Unga has drastically decreased! from as high as KES 250 to as low as KES 130!

Yes, it's President William Ruto's intervention through subsidized fertilizer that has seen costs reduce drastically.
Whether it's",Sat Nov 25 05:26:20 +0000 2023,51,360
237,FCPA Billow Kerrow,"Nairobi food prices this week...

Sugar  1 kg...sh 150
Wheatflour 2kg...sh 185
Milk O.5L...sh 70
Potatoes 10kg..sh 800
Meat mbuzu 1kg...sh 600
Chicken boneless 1kg....sh 70
Egg 1 tray....sh 400
Cooking oil 1L...sh 345
Maize flour 2kg...sh 177

All prices headed South!",Mon Apr 18 09:28:20 +0000 2022,43,188
238,John Odhiambo Onditi,"@mohwambu @Griezmax17 @EdwinNgany First,I don't take breakfast meaning first meal is lunch and sometimes my last.
Second, I am poor. Meals are quite expensive in Nairobi. Average dish going for 400.A daily bought meal translates to crate of eggs.",Wed Feb 12 15:05:10 +0000 2025,0,2
239,Munjiru wa mbari ya Karanja,"It's funny how eggs can come from all the way in Uganda and arrive at a price of 200 bob a tray. A pig farmer in Kiambu finds it cheaper to send a truck to Uganda every week to get pig feeds. Kenya, agriculture is expensive.",Thu Mar 04 09:33:25 +0000 2021,428,1404
240,Dennis Itumbi CBS - Commentary,"Dear Kenyans,

 1Kg Sugar is Khs 110 frm 240

 Dollar is Khs 129 frm 160

 6kg Gas is Kshs 1000 frm 1500

 1L cooking oil is Kshs 200 frm 400

 2kg unga is Kshs 97 frm 230
        
 Fertilizer is Kshs 2500 frm 7000

Don't be mean to deny Our President a word of congratulations üëè",Thu Jan 30 17:46:49 +0000 2025,153,1370
241,Africanus,"A litre of cooking oil now retail at ksh307 double what it costed few months ago. Cooking gas is almost double, sugar is ksh160, almost double, fertilizer is almost double.... Your income is the same.
Same income gets you half of last few months purchases.
You simply got POORER.",Fri Dec 03 13:53:49 +0000 2021,305,602
242,David Ndii,"What do we have now? A Kenyatta cartel. When Uhuru took over as president, farmers were paid Sh30-35 per kg, consumers were paying Sh60. Where are we now. Farmers are paid Sh20-25 take it or leaving, consumers are paying Sh120.",Mon Jan 18 10:03:19 +0000 2021,193,538
243,Duncan Abigaba,"Ugandans, there is side B of Nairobi. There's no food in Nairobi.  If most of us lived here, we would be lucky to afford a meal a day. A Kenyan friend told me he spent 200 KES on a chicken meal + salad in Kampala. He said you need 2,000 KES to have that Nairobi. Let's thank Mzee.",Sun Jul 03 15:34:37 +0000 2022,35,251
244,Gumboi,"@amenahuruemu Your daily life speaks to you about the govt of your country. After buying a sachet of water at N30, egg at N250, 1kg of chicken at N6500, a bag of rice at N118k... you need absolutely no campaign",Sat Feb 15 17:46:04 +0000 2025,0,0
245,WizMelavin,@Mosesnjeru_1999 @MwangoCapital Watch YouTube videos za poor people in Asia and South America. Pia anagalia prices za items. Kama fridge ni 20k USA itakua 40k Kenya.,Tue Feb 11 17:25:43 +0000 2025,0,9
246,Ally clay üá©üá™üá™üá∫üá´üáÆüá∏üá¥,"@MwangoCapital I gave up on Kenya when they needed 20,000 USD for a container of Mitumba.",Tue Feb 11 17:24:20 +0000 2025,0,2
247,Israel,"Kenya records lowest inflation rate in 10 months despite higher food and transport costs

#kenya #inflation #rate #food #transport

https://t.co/1X59og9PCe",Fri Jun 30 14:54:53 +0000 2023,0,0
248,Dr.Abdikadir,"@DennisKirui_ @Scandals_Ke @SamuelAtandi Only to your foolish brain. Kenya can‚Äôt even feed itself. Your tomatoes and onion are from Ethiopia, maize from Tanzania, eggs and milk from Uganda and still the average Kenyan is lean and malnutritioned.If Kenya leaves AU, you‚Äôll have to survive on chewing miraa with coffee/tea",Sat Feb 15 22:31:02 +0000 2025,1,1
249,BIKO ONDITI üá∞üá™,@DudespostingWs ü§£ü§£ü§£ü§£ In Kenya you get all that for about $3..,Thu Feb 13 11:16:23 +0000 2025,0,0
250,Elvis,"One thing I realised about a few Kenyans abroad (and politicians), they convert anything they purchase to Ksh to give you an impression of how ‚Äúexpensive‚Äùcommodities are. 

What they hide from you is mentioning how much they earn an hour and how much stuff their hourly wages can",Tue Sep 19 05:56:15 +0000 2023,69,300
