1,Aliyu ATK,"5th Feb 2025
Soba market, Soba LG, Kaduna State. 

Commodities and price per bag. 

Maize N50,000
Soya Beans N72,000
Beans N95000
Rice paddy N50,000
Guinea corn (dawa) N55,000
Millet (Gyero) N70,000
Dauro N70,000
Dry long pepper (barkono) ¬†N95,000
Short pepper (barkono) N140,000 https://t.co/GSf13TgdK1",Wed Feb 05 12:11:41 +0000 2025,142,347
2,James Hall,"Congrats Kenya: famous tea crop is 9% larger than last year, up to 412million kg from 379million kg in 2022. Better rains helped production. Prices fetched for Kenya tea are also higher this year, as the üåê‚ù§Ô∏èüá∞üá™‚òïÔ∏è. Pakistan is top buyer of Kenyan tea, followed by Egypt and the UK. https://t.co/2xpePwLqE5",Sat Dec 23 08:48:17 +0000 2023,112,223
3,Sen. Ledama Olekina,In 2023 don‚Äôt complain about Maize prices diversify into planting fodder. This is where the money is! Animal feeds is the new goldmine in Kenya. Give it a shot thank me later. This is my new year‚Äôs crop planted in Dec 2022 to be harvested in March 2023 as silage 15t per acre. https://t.co/eaviam2JG2,Thu Jan 05 04:39:12 +0000 2023,157,1341
4,The Integrated Food Security Phase Classification,"#KENYA üá∞üá™ @theIPCinfo Alert:
 
Around 2.1 million people are highly food insecure due to poor rainfall, below-average crop production &amp; high food prices. 

Full snapshot + analysis ‚û°Ô∏èhttps://t.co/aFWRk00Grk https://t.co/WfyrWjsEFv",Fri Sep 24 13:46:06 +0000 2021,2,2
5,Reuters,Kenya‚Äôs farmers are grubbing up their coffee bushes to plant other crops as low prices and climate change drive small growers to the brink of collapse https://t.co/4OeqqNAYfv https://t.co/08W2ihKoC4,Tue Dec 10 22:35:00 +0000 2019,35,49
6,aak-GROW/CropLife Kenya,Impairment of global imports operations will result to rise in staple food prices and mass hunger in Kenya as the country is still largely depended on food imports. Yet as a nation we have the capacity to produce enough food for the whole country #EveryCropCounts #KeepFarming https://t.co/5mhV44rjrI,Fri Jun 19 06:02:25 +0000 2020,1,4
7,Falcon Coffees,"To boost production, Kariuki, the manager of Mutitu washing station in Kirinyaga County, Kenya, has been working with coop members to improve their crop quality, installing a demo farm plot for training &amp; finding new markets to ensure he can pay prices that attract local farmers. https://t.co/YzBKWwBkWq",Fri Nov 30 13:21:54 +0000 2018,1,4
8,Reuters,"'Now we see so many diseases, some so severe that they dry up the coffee trees,' said Wambua Mutisya, a farmer in Kenya where coffee production has tumbled https://t.co/4OeqqNAYfv https://t.co/t9zgyThNkA",Wed Dec 11 06:00:00 +0000 2019,23,34
9,Mkulima Tips üá∞üá™,"#CABICropSprayerApp challenge is still on. üî• 
To win amazing prices next Monday,  answer the questions below beginning with #CABICropSprayerApp. 
*Below are the questions*:
1. What is the principal staple crop in Kenya, often considered a dietary staple for a large portion of https://t.co/c1YXs0iKwV",Fri Sep 22 16:43:03 +0000 2023,3,13
10,FarmbizAfrica,"Contract French bean farming in Kenya is largely done to satisfy the EU market. The crop is preferred by farmers for its quick growth, 49-60 days, yield; 4 to 6 T/acre. Prices vary, Sh50-100/Kg, peaking over the EU winter months, Sep-March, as EU countries cant produce their own. https://t.co/GSP73tLjg1",Wed Aug 05 05:28:40 +0000 2020,11,28
11,TheStarKenya,"The once-booming cashew nut industry is now at its deathbed and farmers are abandoning it for other high-yielding crops. This is due to low production, poor prices and the farmers feel the crop no longer has any economic value. https://t.co/eMByr82jpU",Tue Feb 02 08:39:16 +0000 2021,1,11
12,Reuters,"Kenyan coffee farmers are grappling with low prices and climate change. Average Kenyan temperatures have risen by 0.3 degrees per decade since 1985, and more erratic rainfall is reducing quality and yields https://t.co/4OeqqNjmQV https://t.co/8Tjfo4VBuO",Wed Dec 11 11:00:00 +0000 2019,22,31
13,Reuters,"Arabica coffee, the higher-quality variety that Kenya grows, ends up in specialty beverages from Berlin to San Francisco. But rising temperatures are scorching plants, making them susceptible to diseases such as coffee leaf rust https://t.co/4OeqqNAYfv https://t.co/0niHDIwwft",Wed Dec 11 02:00:00 +0000 2019,20,31
14,Kenya Climate Innovation Center (KCIC),"Tsimsaro Investments is a mixed farming business that deals with livestock keeping and crop farming. Through #AgriBiz, funded by @EUinKenya and @denmarkinkenya, the enterprise provides casual labour for neighbourhood farms and sells farm produce at low prices. https://t.co/q7pSqyZzQ1",Thu Dec 01 06:23:40 +0000 2022,1,6
15,CGIAR,"""In Kenya, I planted drought-tolerant seeds and used a mobile phone to monitor weather forecasts and local crop prices"" @BillGates @GatesNotes.

Read how he believes #OneCGIAR can help poor farmers counter the #ClimateCrisis and improve food security üëâ  https://t.co/8wT4WvhPfq https://t.co/Hwtf2c9ByB",Tue Feb 14 09:30:04 +0000 2023,4,18
16,The Standard Digital,President Ruto envisions increased crop yields as solution to rising food prices. https://t.co/jwb7WEGnnP,Sun Jul 02 15:32:58 +0000 2023,3,23
17,Joydeep Phukan,"Lots to learn from experiment by Kenya Govt to abolish certain prov in Tea Act in 2012,merge Kenya Tea Board with Agriculture through Crop Act 2013,increase of crop by 80% in 7yrs,stagnant tea prices &amp; labour unrest finally leading to re-establishing Kenya TeaBoard by Tea Act2020 https://t.co/K1Xc7ehbR5",Fri Sep 24 20:05:57 +0000 2021,1,7
18,Kenya Rugby,"Catch the next crop of African rugby stars in action at Nairobi's Nyayo National Stadium from 9th to 17th April 2022.

Ticket prices indicated in poster

#U20BarthesTrophyNairobi https://t.co/OSPzXUkGfj",Wed Apr 06 14:58:33 +0000 2022,19,66
19,ActionAid Kenya,Some of the community efforts to ease #HumanCost of #FoodCrisis include the adoption of #agroecology as a way to save on crop production and mitigate the impacts of #ClimateChange. They have chosen to make compost manure to offset the high prices of chemical fertilisers @hoskip https://t.co/hkHXePYZGi,Wed Jun 28 06:00:22 +0000 2023,10,30
20,CABI,"CABI's 'coffee king' Dr Charles Agwanda shares expertise on the climate change challenges faced by our beloved coffee in this article by @Reuters 'Kenya's coffee crop nosedives due to high temperatures, low prices' #coffee #foodvaluechain #climatechange https://t.co/5LucaQwvM1 https://t.co/qU1J2RfMzW",Wed Dec 11 13:14:02 +0000 2019,3,5
21,Kenya Climate Innovation Center (KCIC),"Tsimsaro Investments is a mixed farming business that deals with livestock keeping and crop farming. Through #AgriBiz, funded by @EUinKenya and @denmarkinkenya, the enterprise provides casual labour for the neighbourhood farms and sells farm produce at low prices. (Thread 1/2) üëá https://t.co/bqpNCoaN4i",Wed Jan 05 07:21:13 +0000 2022,0,3
22,TeaSigma,Kenya Tea Crop for the period Jan 2020 to April 2020 has been 76 million kg ahead of last year. While crops in North India are falling behind the excess in Kenya could impact Assam tea exports due to prices. @joyphukan @NidheshShah5 https://t.co/pgI0RyzmCZ,Fri Jul 10 07:00:45 +0000 2020,1,4
23,Aly-Khan Satchu,"Kenya's coffee crop nosedives due to high temperatures, low prices @ReutersAfrica @RichTvAfrica https://t.co/oqQQl5Xj7o But rising temperatures are scorching plants, making them susceptible to diseases such as coffee leaf rust. https://t.co/TB6UFUQ0oA https://t.co/Db9YFYmM1n",Wed Dec 11 17:12:10 +0000 2019,1,2
24,NTV Kenya,"William Ruto: Kenya is spending KSh. 360B to import food and food items.

'Every Kenyan knows that the price of a 2kg packet of unga is now KSh. 230, up from KSh. 75 in 2018.'

#KenyaKwanzaManifestoLaunch #Maamuzi2022 https://t.co/aYgtxmo4N7",Thu Jun 30 16:38:39 +0000 2022,106,503
25,Aliyu ATK,"4 August 2024
Soba Market, Soba LG, Kaduna state. 

Commodities and price per bag. 

Maize N83,000
New maize N52,000
Soya N115,000
Beans N180,000
Rice paddy N55,000
Millet¬† N86,000
Dry long pepper (barkono)¬† N280,000 https://t.co/WgwyyzPZwb",Wed Sep 04 13:48:06 +0000 2024,181,435
26,KAY,"Through ICTs, farmers in Kenya can access valuable information on weather patterns, crop management, and market prices, thus promoting climate-smart agriculture. #CAatMombasaShow https://t.co/vP7N56PdGG",Fri Sep 08 07:19:16 +0000 2023,0,1
27,NTV Kenya,"The Reign Of Expensive Tomatoes

Tomato prices have surged by as much as 50% after the heavy rains that Kenya has been receiving since October destroyed the crop leading to low yields.

#NTVTonight @Ben_Kitili https://t.co/sS2uUYp8vu",Thu May 23 18:49:47 +0000 2024,0,4
28,Citizen TV Kenya,"President Ruto: My administration has worked hard and consistently so that the price of essential commodities like ‚Äòunga‚Äô has dropped from Ksh.240 to Ksh.100. We reduced the cost of fertilizer from Ksh.7,500 to Ksh.2,500. The Shilling has also strengthened against the Dollar https://t.co/xExJiGBTSc",Wed Jun 26 13:44:24 +0000 2024,202,1131
29,Aliyu ATK,"25 September 2024
Soba Market, Soba LG, Kaduna state. 

Commodities and price per bag. 

Maize N67,000
New maize N43,000
Soya N115,000
New N110,000
Beans N185,000
Rice paddy N54,000
Guine corn (dawa) N88,000
Millet (Gyero) N78,000
Dry long pepper (barkono)¬†N250,000 https://t.co/isc0apjGKk",Thu Sep 26 10:42:33 +0000 2024,238,629
30,NTV Kenya,"Starvation Then Food Prices To Rise:

2 million Kenyans are facing starvation due to drought in parts of the country.

National Drought Management Authority warns of worse days to come due to the failed long rains season resulted in crop failures.

#NTVWeekendEdition @ZeynWandati https://t.co/TpIiZTjE8m",Sat Aug 14 18:20:18 +0000 2021,6,10
31,Getrude,"Maize Prices In Kenya Drop As Crop From Tanzania Streams

https://t.co/7MQlDD1Di8
#SokoNews https://t.co/NX8FrZOZBv",Wed May 12 06:45:57 +0000 2021,0,0
32,aak-GROW/CropLife Kenya,The government has made fertilizers available at affordable prices through Kenya National Trading Corporation (KNTC) and National Cereals and Produce Board (NCPB) stores across the country. #EveryCropCounts #KeepFarming #SaveLives https://t.co/L4WHy3PEUz,Sat Jul 11 08:00:09 +0000 2020,2,0
33,CABI PlantwisePlus,"Dr Charles Agwanda ‚Äì CABI‚Äôs ‚Äúcoffee king‚Äù ‚Äì shares his expertise on the #climatechange challenges faced by our treasured #coffee in this article from @Reuters:

Heat, low prices hit Kenya's coffee crop; farmers shift to banana, avocado

‚òïÔ∏è https://t.co/U9VXzfXLHf https://t.co/TuzkvQrWz5",Wed Dec 11 10:33:02 +0000 2019,0,2
34,China Xinhua News,High coffee prices in the global market in 2021 saw Kenya earn more from the crop despite a decline in the quantities exported https://t.co/sNQjmMn5ct https://t.co/g1bVT4vEeX,Wed Jan 26 13:16:20 +0000 2022,10,30
35,Amana Market Kenya,"In Kenya, farmers and traders often face unpredictable crop prices. This constant price volatility means farmers sometimes struggle to sell, often wasting produce, or losing valuable time trying to attract new buyers. This is where Amana Insights, a digital tool 1/5 https://t.co/9kwDIIsJis",Mon Nov 04 10:41:58 +0000 2024,0,0
36,Sugaronline,REPORT EXCLUSIVE! SUGARONLINE EASTERN &amp; SOUTHERN AFRICA REPORT BY Nick Kwolek - Ethiopia‚Äôs tender has finally been awarded while Kenya‚Äôs strong crop is set to wreak havoc on prices. https://t.co/dyIsO3tQYv. Don't fall behind your competition. Become a member today to get access! https://t.co/xJ6Sx7JlZm,Mon Jun 07 14:01:37 +0000 2021,0,0
37,In memoriam Robert Kimbell,"Why are we not importing this outsize crop?

üá∞üá™ In Kenya, too many farmers produce too much food. Record rains have delivered high harvest yields. Now, some Kenyan farmers are worried the glut in crops has driven prices down too far. https://t.co/78VHJFHylj https://t.co/aOHmcRr6af",Thu Sep 24 09:56:40 +0000 2020,16,25
38,Citizen TV Kenya,"Smart Farm:

Focus on finger millet farming in Kakamega. Small-scale farmers ditch maize for finger millet.

Crop is gaining traction due to better prices. Current production estimated at 70,000 tons annually #JKLive @KoinangeJeff https://t.co/Fy2YOHLdNE",Wed Oct 25 19:30:01 +0000 2023,1,13
39,"William Samoei Ruto, PhD","The Government is committed to put the shame of hunger behind us by supporting agricultural production. Today, a 2KG packet of maize flour is selling at between KSh145 and Ksh175 depending on the brand, down from Ksh250 while a Gorogoro of maize is retailing at an average of https://t.co/EVaHVKpF8v",Thu Nov 09 15:13:40 +0000 2023,274,2782
40,Aliyu ATK,"27 Nov 2024
Soba market, Soba LG, Kaduna state. 

Commodities and price per bag. 

Maize N62,000
Soya Beans N108,000
Beans N107,000
Rice paddy N60,000
Guine corn (dawa) N60,000
Millet (Gyero) N75,000
Dauro N77,000
long pepper (barkono) ¬†N100,000
Short pepper (barkono) N140,000 https://t.co/zitsMgNqwu",Wed Nov 27 15:16:17 +0000 2024,141,331
41,Paul Seward,Very encouraging to see despite prevailing high #fertilizer prices &amp; below average rainfall small-holder #farmers in Kiambu County #Kenya increasing their #coffee crop productivity whilst reducing their expenditure on inputs https://t.co/v05lSd3Sdt,Wed Jun 08 22:21:35 +0000 2022,2,21
42,Kenya National Farmers' Federation (KENAFF),"Dear farmers, staying informed with the latest weather forecasts, market prices, and crop management tips has never been more convenient. With the advent of mobile apps, you can access valuable information anytime, anywhere.

#CropManagement #agritech #agriculture https://t.co/ZptLUw1SCm",Fri Aug 18 07:48:52 +0000 2023,5,29
43,CMS Ireland,"KENYA
Please pray that 2019 will bring a more balanced climate for Kenya to enable sustainable farming. In 2018, Kenya experienced drought and downpours, leading to crop failures and steeply rising prices for the most important foodstuffs. https://t.co/SU71Fkn4gk",Mon Jan 07 10:00:41 +0000 2019,0,0
44,Goddie,"Unga is now retailing at kshs 89, sugar at Kshs 120 per kg and cooking oil at kshs 200 per litre - Isaac Mwaura. https://t.co/JKXgXTEhkx",Mon Nov 11 18:29:51 +0000 2024,89,913
45,Nation Africa,"'Wake up and smell the coffee,' Mt Kenya farmers tell DP over poor crop prices https://t.co/cr06Fi7xnk https://t.co/gVsuarDbIn",Thu Aug 29 05:13:40 +0000 2024,13,92
46,"Robert Saik, PAg, CAC, CEO üá®üá¶üá∫üá¶","EU ""arm twisting"" countries like Kenya into banning crop protection products that will drop production in the country by up to 40% and drive up food prices. 

When ideology is divorced from pragmatism you end up with ""Farm to F#*ked"". 
https://t.co/r0TPMFyRwi",Mon Jan 17 14:25:01 +0000 2022,1,11
47,The EastAfrican,"Kenya's coffee crop nosedives due to high temperatures, low prices https://t.co/DnbQ75O6aT https://t.co/dhAfli7CKD",Wed Dec 11 11:11:42 +0000 2019,4,1
48,Aliyu ATK,"5th December 2024
Tudun sebu market, Soba LG, Kaduna state. 

Commodities and price per bag. 

Maize N58,000
Soya Beans N107,000
Beans N95,000- N100,000
Rice paddy N63,000
Guine corn (dawa) N59,000
Millet (Gyero) N78,000
Dauro √ó√ó
Dry long pepper (barkono) ¬†N105,000
Short pepper https://t.co/eKpuyIbJN4",Thu Dec 05 13:36:22 +0000 2024,100,228
49,Consumer Grassroots,Kenyans should brace for high cost of avocado starting mid-this month as the regulator moves to impose a ban on harvesting of the crop; protecting immature crop from rush by traders seeking to capitalise on high prices of the commodity the international market. #ConsumersBeware https://t.co/hVTucf2zAs,Mon Nov 11 07:10:29 +0000 2019,3,1
50,Chelangat‚ù§Ô∏è,"With fertilizer subsidies, farmers in Kenya can access essential inputs at affordable prices, boosting crop yields and improving food security.
#MboleaMashinani

GOK Delivers 

Kahawa Ni Dollar https://t.co/BQuLtJ5Ldr",Thu Feb 08 08:37:43 +0000 2024,1,1
51,Uzalendo News,"Tea traders assures better prices in future, despite challenges facing the cash crop
.
#EATTA #Business #News #Kenya 
.
https://t.co/xmonQadSQX https://t.co/BDGDz38Lbm",Thu Sep 26 14:37:19 +0000 2019,7,1
52,Aliyu ATK,"2 October 2024
Soba Market, Soba LG, Kaduna state. 

Commodities and price per bag. 

Maize N65,000
New maize N53,000
Soya N105,000
New N100,000
Beans N170,000
Rice paddy N47,000
Guine corn (dawa) N80,000
Millet (Gyero) N77,000
Dry long pepper (barkono)¬†N150,000 https://t.co/MrJOKwDOWq",Thu Oct 03 08:22:47 +0000 2024,128,322
53,AMT,Impact of Low Crop Prices In Kenya | 28 Aug 2024 https://t.co/BmHpRaIJim via @YouTube,Wed Oct 30 10:50:49 +0000 2024,1,1
54,Ezra Muinde üá∞üá™,"Maize is the staple food in Kenya. A large percentage of the population depends on Maize farming as an income-generating crop.

Given the increased cost of production, unfavorable prices, pests and diseases, climatic hazards..., can maize still remain our staple food? https://t.co/EFdZs0N69v",Thu Jan 03 16:04:01 +0000 2019,11,24
55,chesinga'nga Kennedy‚Ñ¢KEüá∞üá™ üó®Ô∏èÛ±¢è,#WajingaNyinyi  Western Leaders allied to Dr William Ruto yesterday visited all ailing sugar factories and held a rally in Mumias. They've written a memo to the President seeking for revival of all industries in Western Kenya and crop prices https://t.co/I9cS5Gxi2D,Sun Jan 26 03:33:02 +0000 2020,3,38
56,SokoNews,"Maize Prices In Kenya Drop As Crop From Tanzania Streams In

https://t.co/pWnbBGRJIM
#SokoNews https://t.co/8kVna4BUjk",Wed May 12 07:11:11 +0000 2021,0,0
57,Musalia W Mudavadi,"I take note that the Abagusii people are hard working who depend on agriculture to economically empower themselves. To this end, the Kenya Kwanza government will ensure the tea farmers fetch good prices for their crop. https://t.co/M07RyPExge",Thu Feb 10 14:19:24 +0000 2022,11,27
58,Dolly Ogutu,"Encouraging, thank God- 'Maize prices drop as harvesting starts. Maize prices have dropped drastically below Sh5,000 for a 90Kg(kilogramme) bag for the first time in months as farmers in Kenya‚Äôs food basket, Uasin Gishu start harvesting the crop https://t.co/WhWLKFaUad #farmerstv https://t.co/MwutxH2v5L",Mon Oct 17 02:29:54 +0000 2022,8,11
59,Rigathi Gachagua,"We meet for #TheTeaSummitKE to reflect on the best reforms in the cash-crop to guarantee minimum returns to the smallholder farmer. 

Kenya produces one of the best tea globally but cannot attract the good prices for our farmer. 
We must come up with ideas to take advantage of https://t.co/5OsEsRRqRE",Thu Jul 06 10:22:00 +0000 2023,23,148
60,Aliyu ATK,"19 june 2024

Soba Market kaduna state 
Prices

Maize N81,000
Soya N78,000
Beans N165,000
Rice N55,000 https://t.co/3qXgTm86jn",Wed Jun 19 11:49:55 +0000 2024,155,320
61,No Cold War,"Countries in the Global South are facing price shocks and shortages. In Kenya and Lebanon, bread prices have risen by up to 40% and 70% respectively.

Meanwhile, Brazil, which purchases much of its fertiliser from Russia, faces reduced crop yields as fertiliser supplies dwindle. https://t.co/UTNpY8LgHE",Thu Mar 31 20:49:44 +0000 2022,26,36
62,Oxford Economics Africa,"#Kenya‚Äôs consumer price inflation edged higher in December as rainfall deficits stimulated food crop prices. At the same time, transport price inflation also increased on the back of an uptick in public transport fares. https://t.co/ccmP3JR9qt",Fri Jan 10 12:41:44 +0000 2020,1,0
63,ROYAL APPAREL KENYA,"Shop for T-shirts, Hoodies, Crop top hoodies Sweatpants &amp; Beanies online at Royal Apparel Kenya. Discover a great collection of quality clothing at the best prices|Save More |Lipa na Mpesa | Fast Delivery |https://t.co/Wj4Fwhlady

#Museveni #sonko #Griezmann #EURO2020 https://t.co/XplzubDkAN",Tue Jul 06 19:00:37 +0000 2021,0,1
64,TomorrowNow,"#WhyWeatherMatters
‚ÄúI planted drought-tolerant seeds, and used a mobile phone to monitor weather forecasts &amp; local crop prices‚Äù - @BillGates practically learning about local climate adaptation from a smallholder farmer during a recent trip to Kenyaüá∞üá™
https://t.co/mySdIUZnNH https://t.co/AzhLWTD5ba",Mon Feb 06 05:36:22 +0000 2023,3,6
65,Chelangat‚ù§Ô∏è,"With fertilizer subsidies, farmers in Kenya can access essential inputs at affordable prices, boosting crop yields and improving food security.
#MboleaMashinani

GOK Delivers 

Kahawa Ni Dollar https://t.co/WyRktHr03j",Thu Feb 08 08:29:41 +0000 2024,0,1
66,Farmers #Trend,"Macadamia Farming in Kenya Booms as Prices Shoot High

Macadamia nut processors have projected a rise in production in the next five years as farmers switch to the cash crop due to growing demand.
https://t.co/2iH9X9Bz5b https://t.co/D6nOvMCzKR",Fri Mar 15 09:01:02 +0000 2019,2,0
67,PEOPLE DAILY,Coffee roasters and buyers flocking to Kenya in their annual pilgrimage for pick of the crop drive average prices for the beans to the highest level in three years https://t.co/u83sozO6Zu #PDWikendi https://t.co/LPrWk5Ms4a,Sun Feb 18 03:22:22 +0000 2018,6,5
68,Solomon Ambuku,"#Cherangany MP  @HonKuttuny has told @ODP_kenya William Ruto not to expect votes from farmers for opposing better maize prices. Ruto on Sunday asked the farmers to diversify, saying it was the way to go. He said those opposed to crop diversification were fools. - @TheStarKenya üëä https://t.co/UmIQgNMRSh",Tue Dec 18 18:53:45 +0000 2018,8,7
69,SokoAnalyst,"Maize Prices In Kenya Drop As Crop From Tanzania Streams In.

In Bungoma, the price of a 90-kilogram bag of maize is now retailing between 2,400 and 2,800 shillings from 3,600 shillings two weeks ago.¬† https://t.co/WjRZ3LdVpc #SokoNews https://t.co/bvORYb487G",Sun May 16 06:17:21 +0000 2021,4,17
70,STOCKWATCH UK,"#CAM CAMELLIA ..AGM statement . Assam worker pay + 22.75% following recent election,a ¬£1m hit. High volumes of tea in Kenya, low prices. Avocado  crop looks good. Weather comments feature highly. Profit warning. Non core review brewing.",Thu Jun 03 12:19:15 +0000 2021,0,0
71,Aliyu ATK,"11 September 2024
Soba Market, Soba LG, Kaduna state. 

Commodities and price per bag. 

Maize N80,000
New maize N51,000
Soya N113,000
Beans N190,000
Rice paddy N55,000
Guine corn( dawa) N90,000
Millet new (Gyero) N82,000
Dry long pepper (barkono)¬† N320,000 https://t.co/F91OqSjqoi",Wed Sep 11 11:35:58 +0000 2024,143,255
72,Kenya News Agency - Department of Information,Coffee farmers in Murang‚Äôa have decried the low international prices of the cash crop occasioned by COVID-19 pandemic. https://t.co/FZkwDuQmzu @KBCChannel1 @SpokespersonGoK #KomeshaCorona https://t.co/zpsNQ5PZuF,Tue May 26 21:09:12 +0000 2020,0,0
73,Jay Arabica‚òï üáØüá≤,"Kenya's coffee crop nosedives due to high temperatures, low prices
#coffee  #specialtycoffee #climatechange #agricultureandfarming 
https://t.co/E4yhPa4B4t #USAid",Sun Dec 22 13:43:31 +0000 2019,0,2
74,Ukulima Space,"Market Price of bulb Onion per Kg is now Ksh 150, the best time to plant to get this market was 3 or 4 months ago, long gone are the days when farmers did blind agriculture. Do your research and time for the market.
üì∏ Kiawara Market in Nyeri County. https://t.co/QxCAhXAcLm",Mon Jul 24 04:10:41 +0000 2023,95,445
75,Nation Africa,"North Rift maize farmers eye good prices as crop harvesting begins
https://t.co/cPsqzRNNWr https://t.co/1JSFbOH2x5",Tue Nov 01 15:42:13 +0000 2022,5,25
76,BusinessDaily,Mount Kenya banana farmers book gains as Twiga doubles prices for crop https://t.co/yjfGnRlZkF https://t.co/RaDY7cR0d3,Tue Jun 05 05:50:17 +0000 2018,2,3
77,NTV Kenya,"'Wake up and smell the coffee,' Mt Kenya farmers tell DP over poor crop prices https://t.co/4lZwZcEQ3g",Thu Aug 29 03:36:39 +0000 2024,19,139
78,Jay Arabica‚òï üáØüá≤,#CoffeeRoasters and buyers flocking to #Kenya in their annual pilgrimage for the pick of the crop have driven average prices for the beans to the highest level in three years. #SpecialtyCoffee  https://t.co/67l3JQPyPL,Mon Feb 26 14:28:17 +0000 2018,0,4
79,Aliyu ATK,"5th September 2024
Tudun sebu Thursday market, Soba LG, Kaduna state. 

Commodities and price per bag. 

Maize N81,000
New maize N50,000
Soya N118,000
Beans N195,000
Rice paddy N53,000
Millet¬† N85,000
Dry long pepper (barkono)¬† N290,000 https://t.co/bAQ7bluUgd",Thu Sep 05 11:06:41 +0000 2024,129,271
80,Moe,"Maize flour prices expected to ease in August when western Kenya farmers expect to harvest their crop. 

The country's maize production is 3.2 million tons against a demand of 3.8 million tons with the deficit covered by Tanzanian imports.

‚Äî Business Daily",Sat Jul 09 03:00:02 +0000 2022,227,827
81,Haki Nawiri,#Drought leads to rising #food #prices and increased frequencies of #crop failure @nanodo2001 @thefacipulator @Didara @Afsafrica @agcconnect @EDFUFoundation @DaubyVincent @CSM4CFS @UN_CFS @hlpe_cfs @GRAIN_org @ActionAid_Kenya @sbrnnafisa @falubbe @KLandalliance @WorldPulse https://t.co/5Vp74tMYJM,Wed Jun 08 17:37:12 +0000 2022,3,2
82,NTV Kenya,"'Wake up and smell the coffee,' Mt Kenya farmers tell DP over poor crop prices https://t.co/d7NiQuU4p6 https://t.co/TmyNoN6RYr",Thu Aug 29 09:28:43 +0000 2024,14,156
83,Amana Market Kenya,"Diversification in agriculture can reduce risk of crop failure and income loss due to weather extremes, pests and diseases or low market prices. 

#amanamarket #Abuja #Kenya #Freshfarmproduce #digitization #Agro #Agriculture #modern #cashcrop #AgricultureinNairobi #Nairobi https://t.co/VEEydpcMDd",Fri Aug 25 08:06:39 +0000 2023,0,0
84,Improving Incomes,"If the current prices of #dairy &amp; #pig #farming feed in #Kenya are hurting you, grow tropicalized sugar beet fodder at one-tenth the cost.
Reduce feed costs by 90%. Increase milk yields and income by up to 60%.
6 kgs crop at 4 months old.  Ndeiya, Kiambu.
https://t.co/qyMcn34VBG https://t.co/UesntwFOm9",Sun Apr 17 09:22:16 +0000 2022,1,2
85,PEOPLE DAILY,Coffee roasters and buyers flocking to Kenya in their annual  pilgrimage for the pick of the crop have driven average prices for the  beans to the highest level in three years  https://t.co/u83sozO6Zu https://t.co/dEPxIjK0mQ,Fri Feb 16 12:37:14 +0000 2018,2,3
86,Alliance for Science,Kenya‚Äôs farmers are loving their new Bt cotton but they want the government to pay more for the crop and ensure seed integrity.  https://t.co/Lhca1fKFfm,Sat Jun 26 20:19:17 +0000 2021,4,7
87,Aliyu ATK,"2 December 2024
Pambegua Market, Kubau LG, Kaduna state.

Commodities and price per bag

Cereal Maize (garan-gajiya) ‚Ç¶57,000
Maize Hybrid ‚Ç¶64,000 
Red Maize ‚Ç¶62,000 
Guinea corn (Dawa)  ‚Ç¶61,000 
Soybeans  ‚Ç¶108,000 
White beans (ZAFA): ‚Ç¶115,000
White beans (Iron): ‚Ç¶125,000 https://t.co/2VTxzVzUAI",Mon Dec 02 14:57:32 +0000 2024,120,316
88,Aliyu ATK,"30 October 2024
Soba market, Soba LG, Kaduna state. 

Commodities and price per bag. 

Maize N70,000
New maize N53,000
Soya N83,000
Beans N130,000
Rice paddy N50,000
Guine corn (dawa) N75,000
Millet (Gyero) N77,000
Dry long pepper (barkono)¬†N65,000 https://t.co/IA4GZ6HRtx",Thu Oct 31 19:16:55 +0000 2024,109,243
89,Aliyu ATK,"06 November 2024
Soba Market, Soba LG, Kaduna state. 

Commodities and price per bag. 

Maize old &amp; new N65,000
Soya N90,000
Beans N130,000
Rice paddy N55,000
Guine corn (dawa) : Not Available 
Millet (Gyero) N73,000
Dry long pepper (barkono) N150,000 https://t.co/NsBO52E7qu",Wed Nov 06 13:50:54 +0000 2024,151,388
90,CGTN Africa,"High coffee prices in the global market in 2021 saw Kenya earn more from the crop despite a decline in the quantities exported, the government statistics agency says in a report https://t.co/xRPrmgOtna https://t.co/34RDqYEsde",Tue Jan 25 18:54:33 +0000 2022,5,6
91,Abu bakar,"The Prices of Food stuff is significantly dropping in the Market. In Kamfanin Zango Market - 10/2/2025
‚Ä¢Maize: 50,000 / 48,000
‚Ä¢Red Maize: 50,000
‚Ä¢White Beans: 90,000 /85,000
‚Ä¢Milled Rice: 55,000 / 50,000
‚Ä¢Qaura (Guinea Corn): 501,000
‚Ä¢Soybeans: 75,000
1/2 https://t.co/7gvx1thaOH",Tue Feb 11 11:10:24 +0000 2025,106,430
92,Aliyu ATK,"13 November 2024
Soba market, Soba LG, Kaduna state. 

Commodities and price per bag. 

Maize N60,000
Soya Beans N100,000
Beans N110,000
Rice paddy N55,000-N60,000
Guine corn (dawa) N85,000
Millet (Gyero) N75,000
Dauro N80,000
Dry long pepper (barkono) New¬†N115,000 https://t.co/TkvhfSIaqy",Wed Nov 13 14:35:37 +0000 2024,130,275
93,James Colquhoun,"üá∑üá∫üåæRussia #wheat prices soar to 6-month high

üá∞üá™üçû #Kenya maize flour prices hit 2-year high on drought damaged corn crop

üáµüá≠üåæPhilippines seeks 165,000 mt in Feed Wheat tender as ASF moves focus to poultry from pork

üá´üá∑üåΩ France #corn harvest at 46% v 30% last week (91% in '18)",Fri Oct 25 08:58:22 +0000 2019,2,6
94,World Grain,"Wheat and corn production in #Kenya is expected to increase in 2023-24 as farmers respond to high crop prices by planting more. ‚Üí https://t.co/wt9oxLss5X

#agriculture #grain #Africa",Thu Mar 23 21:05:12 +0000 2023,2,3
95,Miss Rono,"I love how Kikuyu business men and women operate .They are currently purchasing freshly harvested maize from farmers in Rift Valley at an average cost of Ksh 40-50K per acre .Come January ,they will resell them to us at Ksh 8,000 per bag .In the next life ,I want to be a Kikuyu.",Fri Jul 28 09:21:31 +0000 2023,40,242
96,stkenya,"The cash crop, which accounts for the highest foreign exchange earnings  for Kenya has been hit by declining prices that have now cast a dark  cloud over the country‚Äôs export revenues and farmers‚Äô bonuses going  forward.  #RaslimaliKEForTeaFarmers",Fri Oct 26 05:47:34 +0000 2018,2,4
97,Sokodirectory.com,Maize Prices In Kenya Drop As Crop From Tanzania Streams In. Read more here. https://t.co/iDtKOf4bfq #SokoNews https://t.co/b3DzRkeu0m,Sun May 16 06:17:46 +0000 2021,0,0
98,Mwango Capital,"Weekly Nairobi coffee auctions to resume on Tuesday after a 2-month break:

- Auction breaks btwn April and May at the end of the main crop season from central Kenya
- Coffee prices at the New York Exchange are at a 2021 high of $1.54 per pound from $1.44 in April

[@BD_Africa] https://t.co/Fiq1JUYjyY",Sat Jun 26 05:32:27 +0000 2021,3,4
99,Juma G üá∞üá™,Maize Prices In Kenya Drop As Crop From Tanzania Streams In https://t.co/SE9EFuibDK #SokoNews https://t.co/8QHhvF9gh5,Sun May 16 06:16:33 +0000 2021,0,1
100,stkenya,Kenya is the world‚Äôs largest exporter of black tea. The decline in tea  prices is attributed to an oversupply of the cash crop in the global  market.  #RaslimaliKEForTeaFarmers,Fri Oct 26 05:57:03 +0000 2018,1,1
101,Tom Nelson,"Jan 2019 coffee apocalypse update: ""Futures prices have tumbled below cost of production in many countries that grow specialty beans due to a record crop in Brazil..in Kenya, farmers are switching to more lucrative crops"" &amp; abandoning coffee altogether"" https://t.co/kMxlQRugGo",Fri Feb 15 03:33:36 +0000 2019,8,14
102,Aliyu ATK,"14 November 2024
Tudun sebu market, Soba LG, Kaduna state. 

Commodities and price per bag. 

Maize N56,000
Soya Beans N100,000
Beans N110,000
Rice paddy kg/N700
Guine corn (dawa) N83,000
Millet (Gyero) N72,000
Dauro N81,000
Dry long pepper (barkono)¬†N105,000 https://t.co/F1yM78tcZY",Thu Nov 14 15:07:19 +0000 2024,191,517
103,Samwel Wekesa,"The partnership with Al Dahra is a game-changer for Kenya‚Äôs irrigated agriculture. Developing 200,000 acres in Galana-Kulalu will increase food production, reduce reliance on imports, and stabilize crop prices. This is a crucial step toward long-term food security.",Thu Feb 13 17:17:41 +0000 2025,3,3
104,Citizen TV Kenya,"Ruto: Starting August, I Will Lower Fertiliser Prices From Ksh.6K To Ksh.2,500
https://t.co/2h09qfi3of https://t.co/BvzLsytjTf",Mon May 09 03:30:03 +0000 2022,36,666
105,H.E President William Ruto (Commentary),"Be Updated:

‚ñ™Ô∏é 13kgs gas  Ksh.1400 from kshs 3100.

‚ñ™Ô∏é 6kgs gas Ksh.800 from kshs 1500.

‚ñ™Ô∏é Unga Ksh. 140 from kshs 230. Less than a year in office. 

‚ñ™Ô∏é Fertilizer Ksh 3500 in 2 weeks' time it will be kshs 2500 all the way from kshs 6500.

 #DeliveringThePLAN",Mon Jul 24 09:43:46 +0000 2023,777,5864
106,NTV Kenya,"Coffee prices climbed by 10% during this week‚Äôs sale, buoyed by high international prices and quality supplies from the main crop season. https://t.co/qYxErQkeFb https://t.co/OjvQcGsc0H",Thu Nov 04 13:15:05 +0000 2021,3,37
107,Devdiscourse,"Kenya's coffee crop nosedives due to high temperatures, low prices https://t.co/91rJRnybuC",Tue Dec 10 12:16:28 +0000 2019,0,0
108,"Hussein Mohamed, MBS.","Unga prices have started going down just as President @WilliamsRuto had assured Kenyans over the weekend. Prices have dropped to Ksh159 and Ksh 160, depending on the millers. When the President assumed office last year, a 2kg packet was retailing at approximately Ksh230. https://t.co/x81FSaK4Zg",Mon Apr 17 12:26:17 +0000 2023,475,2682
109,TUKO.co.ke | The Heartbeat of Kenya,"Russia-Ukraine war!

Fertiliser prices in Kenya are set to skyrocket above KSh 7,000 for a 50kg bag on fears that Russia‚Äôs invasion of Ukraine will curtail global supplies.

Russia is a major supplier of every crop nutrient. #tukonews
https://t.co/SbhexJogqq",Wed Mar 02 15:06:33 +0000 2022,0,6
110,CA Anil Singhvi Zee Business,"1st Jan 2019:

Aaj Ka Hero:
 
Buy Goodricke Tea
SL 300 Tgt 315, 320, 330
 
Tea prices have gone up sharply by 15% in last one week
Huge failure of crop in Kenya

@ZeeBusiness",Tue Jan 01 03:35:26 +0000 2019,7,66
111,Kelvin Omukungu,"Poultry farmers bakufa.
Maize brand has jumped from 900shs to 1100shs.
Broken maize from 1200shs to 1400shs.
Pellet from 2800shs to 3000shs https://t.co/lxzNmy5Ran",Sat Nov 02 05:14:03 +0000 2024,68,428
112,Bianca‚Ñ¢,"President #RutoDelivers, after reducing the cost of fertiliser from KES 7500 to KES 2500, resulting in a bumper harvest that has seen the cost of unga nose-dive from KES 240 to KES 100! A 90kg packet of maize is now KES 2200! Promise Made, Promise Delivered , https://t.co/vb1LwnRzm0",Wed Sep 04 06:53:52 +0000 2024,81,256
113,Bianca‚Ñ¢,"President William Ruto has performed exceptionally well, but if you're clouded by HATE , you can't see. The price of fertiliser went from KES 7500 to KES 2500; Unga went from KES 240 to less than KES 140; and the Kenyan shilling that many expected to hit KES 200 against the https://t.co/zppJ2l45Ja",Sun Jun 30 13:58:15 +0000 2024,97,461
114,KBC Channel 1 News,"FERTILIZER SUBSIDY PROGRAM
""Unga is now retailing at kshs89, sugar at Kshs120 per kg and cooking oil at kshs 200 per litre."" ISAAC MWAURA, GOVERNMENT SPOKESPERSON
#KBCniYetu^EM https://t.co/62WXVbRtXr",Mon Nov 11 13:25:55 +0000 2024,35,291
115,BRAVIN YURI,"You import Maize from Mexico at Ksh.6,000 but can't buy the same from Kenyan Farmers at Ksh 4,000.

Maajabu!",Sun Sep 15 18:07:05 +0000 2024,1903,5422
116,Fr. Edmond Nyoka,"A look into the near future is very scary. A 50kg bag of maize now sells at around K18,000-K20,000 and above in some parts of the country, from K10,000-K12,000 not long ago. What will it be like end November, December, January and February when food scarcity is at the peak!...",Sun Oct 30 04:56:31 +0000 2022,54,219
117,INDIAN TEA ASSOCIATION (ITA),"All India Tea prodn. till Oct 2023  at 1163 mkg almost at par with Oct  2022 level. Price depression however continue. Auction avg Jan-Oct, Kol down by Rs 29.5, Siliguri by Rs 14.86 &amp; Guwahati by Rs 3.60 per kg. Globally, Kenya &amp; SriLanka crop marginally ahead but prices lower.",Fri Dec 01 11:59:45 +0000 2023,2,3
118,Africa Updates,"Kenyaüá∞üá™: GMO cotton farmers love crop, want better prices.

They praised the high-yield, drought and pest-resistant cotton but said seeds are expensive and they are not making much money.

 https://t.co/KXAmC52IUy via @thestarkenya",Sat Jun 26 15:40:35 +0000 2021,0,1
119,H.E President William Ruto (Commentary),"Dear Kenyans, here's a reminder: 

‚Ä¢ 1Kg Sugar is Khs 110 frm 240

‚Ä¢ Dollar is Khs 129 frm 160

‚Ä¢ 6kg Gas is Kshs 1000 frm 1500

‚Ä¢ 1L cooking oil is Kshs 200 frm 400

‚Ä¢ 2kg unga is Kshs 97 frm 230
        
‚Ä¢ Fertilizer is Kshs 2500 frm 7000

President Ruto listens to all. https://t.co/yJBAy8u3hl",Mon Feb 10 04:01:55 +0000 2025,116,1290
120,SHA'CCARI üåπ,"The government has sustained its commitment to food security by reducing fertilizer prices from KSh 7,500 to KSh 2,500. This has boosted agricultural productivity, ensuring more affordable food for all Kenyans.
#KaziBilaBreak
Ruto Delivers https://t.co/ZChROktAYb",Mon Feb 17 07:27:49 +0000 2025,1,0
121,The Standard Digital,"Maize prices drop below Sh5,000 for the first time in months as farmers in Uasin Gishu start to harvest the crop
 https://t.co/pfYmh4iyon",Sun Oct 16 17:50:13 +0000 2022,14,49
122,Bankelele,Kakuzi to increase its dividend to Shs 18 per share. During #COVID19 2020 the company increased exports of avocado (though prices down 34%) and macadamia while Kenya's tea production glut led to lower crop prices &amp; profits. #inthepapers,Fri Mar 19 05:35:54 +0000 2021,5,2
123,Metropol TV Kenya,"With maize prices set to go up, the government is looking into crop diversify by setting aside Sh1 billion  @ondirooganga @metropoltvke
@MusaliaMudavadi #MetropolDebrief",Thu Jun 13 18:05:32 +0000 2019,6,5
124,Dolly Ogutu,"Very encouragingüôèüèΩ - 'The prices have been rallying since November due to quality crop from central Kenya, high demand for the commodity&amp; stable Int prices that are now at over 120 US cts/pound from 100 for the same qty last year @AgnesGitau https://t.co/fWOHNnCPLr via @BD_Africa",Thu Jan 14 04:46:07 +0000 2021,2,4
125,Boniface,"Famers growing cash crop will benefit from their products as kenya kwanza as kenya kwanza buttom up economy will ensure they come up with the best prices.

#BottomUpMuranga https://t.co/1pMv2hLinK",Sat May 21 06:32:22 +0000 2022,1,1
126,Oliver Mathenge,"'Wake up and smell the coffee,' Mt Kenya farmers tell DP over poor crop prices https://t.co/C3lJEfHVNJ https://t.co/WxUnNKJ4YZ",Thu Aug 29 05:36:36 +0000 2024,1,2
127,State House Spokesperson - Kenya,"Unga prices have started going down just as President @WilliamsRuto had assured Kenyans over the weekend. Prices have dropped to Ksh159 and Ksh 160, depending on the millers. When the President assumed office last year, a 2kg packet was retailing at approximately Ksh230. https://t.co/9eJh45CTBM",Mon Apr 17 12:28:47 +0000 2023,78,307
128,WatsupAfrica,#Kenya: Experts predict crop failure and rise in food prices || Drought crisis https://t.co/5Jw3C483Nb,Fri Apr 19 13:58:24 +0000 2019,0,0
129,KeÕ•nnÕ£eÕ´·ñô‚ÑΩ‚Å∂ìÖì,"Fertilizer prices have dropped from KSh 7,500 to KSh 2,500, supporting food production. #KaziBilaBreak Ruto Delivers. https://t.co/qhKvofSTBs",Mon Feb 17 08:20:43 +0000 2025,0,0
130,SHA'CCARI üåπ,"Kenya has achieved a significant reduction in fertilizer prices, from KSh 7,500 to KSh 2,500. This has encouraged farmers to increase production, resulting in lower food costs for consumers.
#KaziBilaBreak
Ruto Delivers https://t.co/S1r8dPQ7KZ",Mon Feb 17 08:10:23 +0000 2025,0,0
131,Hakainde Hichilema,"Maize cost of production per 50kg bag, K228; floor price K110. At this rate we should forget about FISP beneficiaries graduating to self sustaining farmers running profitable entities. We need to rethink agriculture along the lines of business and not charity.",Sat May 30 17:10:26 +0000 2020,61,848
132,Peggy Liu,"Kenya's coffee crop nosedives due to high temperatures, low prices https://t.co/cgKRHztLri",Sun Dec 15 00:52:12 +0000 2019,0,0
133,Umaizi,"Higher Coffee Prices Drive up Kenya's Coffee Crop Earnings: High coffee prices in the global market in 2021 saw Kenya earn more from the crop despite a decline in the quantities exported, the government statistics agency said in a report on Tuesday. 
‚Ä¶ https://t.co/8yOOTOUZLo https://t.co/bK0JxrWNd2",Thu Jan 27 03:52:34 +0000 2022,0,0
134,Nation Breaking News,PRESIDENT KENYATTA orders Agriculture CS Munya to increase price of unprocessed rice from Sh45 to Sh85 per kg after complaints by farmers. https://t.co/R8uJ0wbRTN,Sat Feb 01 14:01:15 +0000 2020,172,763
135,Nation Africa,"Mr Stephen Maina said they are currently being paid Sh54 for a kilo of raw cherries, while last year they were paid between Sh100 and Sh120 for the same. https://t.co/D2WVFGbTzp",Sun Jun 18 00:30:00 +0000 2023,67,264
136,NTV Kenya,"Maize hits new high of Sh6,100 a bag on shortage

https://t.co/ux8CepgxSO https://t.co/Xqn4NoaeW3",Tue May 16 01:00:32 +0000 2023,39,353
137,Aliyu ATK,"25 December 2024
Soba market, Soba LG, Kaduna state. 

Commodities and price per bag. 

Maize N60,000
Soya Beans N100,000
Beans N110,000
Rice paddy N61,000
Guinea corn (dawa) N63,000
Millet (Gyero) N75,000
Dauro N80,000
Dry long pepper (barkono) ¬†N100,000
Short pepper (barkono) https://t.co/VlpsEhj8fi",Wed Dec 25 11:05:06 +0000 2024,113,281
138,Tom Polansek,Farmers from Brazil to Kenya to the US are cutting back on #fertilizer use as Russia‚Äôs invasion of Ukraine raises prices for important crop nutrients. Some #farmers are also planting less land. @Reuters spoke to 34 people around the world for this story. https://t.co/P3gdvnekSa,Wed Mar 23 13:37:44 +0000 2022,9,16
139,Kenyan Wall Street,"Kenya's Central Bank lowers key policy rate to 8.25%, warns that the locust invasion reported in parts of the country could lead to crop losses and upward pressure on food prices.
 https://t.co/jTq0q3WsWr",Mon Jan 27 15:21:46 +0000 2020,11,7
140,Consumer Grassroots,Kenya's farmers are grubbing up their coffee bushes to plant other crops as low prices and climate change drive small growers to the brink of collapse. @kenaff_farmers @CoffeeKenya #ConsumersBeware https://t.co/0XAmP3JbXW,Tue Dec 10 16:19:51 +0000 2019,0,2
141,Bianca‚Ñ¢,"My grandma is very happy that she can comfortably afford to buy sugar at KES 260 per 2 kg, unga at KES 110 per 2 kg packet, and fertiliser at KES 2500! She says the aforementioned products were costing KES 450, KES 230, and KES 7500, respectively, under Uhuru Kenyatta and people https://t.co/tk5A9QyyHW",Mon Jul 29 15:28:30 +0000 2024,78,517
142,The Standard Digital,"Maize prices have dropped below Sh5,000 for the first time in months as farmers in Uasin Gishu start harvesting the crop.

 https://t.co/pfYmh4zBqn",Sun Oct 16 12:30:21 +0000 2022,13,39
143,Breaking News,"[BUSINESS] Kenya‚Äôs coffee earnings surge in 2021 on higher global prices: NAIROBI, Kenya, Jan 26 -High coffee prices in the global market in 2021 saw Kenya earn more from the crop despite a decline in the quan.. https://t.co/M5tnD2FBDG",Wed Jan 26 11:32:00 +0000 2022,0,0
144,TUKO.co.ke | The Heartbeat of Kenya,"KSh 2,000 is trending. Presidential aspirant Raila Odinga said his government will reduce the prices of fertilisers from KSh 6,000 to not more than KSh 2,000 effectively August 2022.

""We will not import maize when our farmers are having maize in their warehouses,"" he added. https://t.co/VMzPcZ4FoL",Tue Jun 07 10:32:45 +0000 2022,25,299
145,Brian Thomas,"Kenya's coffee crop nosedives due to high temperatures, low prices https://t.co/VRDoTdFj8G #carbon-based #feedly",Tue Dec 10 16:10:56 +0000 2019,0,0
146,"Madoka Kibet, HSC","Kenyans are happy with the price of Unga as it starts reducing by August the price will be at 150 ksh as farmers are set to harvest maize from their farms. This is the  way to go, now the package of maize goes for up to 209/= from 232/= https://t.co/3MeO16KSnp",Sun Jul 23 12:25:59 +0000 2023,38,325
147,Breaking News,US agency warns of Kenya food crisis due to failed rains: Scant rainfall in much of East Africa will lead to low crop yields and increased food prices. https://t.co/dsCBd216qt,Fri May 24 10:58:56 +0000 2019,0,0
148,Farmers #Trend,Arrowroot is a high value crop in Kenya. This means that their prices are good because they are considered a health food. https://t.co/WAC6Na3cIA  #BoycottKFC,Tue Jan 04 20:44:42 +0000 2022,1,2
149,Bianca‚Ñ¢,"President William Ruto reduced fertiliser from KES 7500 to KES 2500!
¬†
Due to cheaper fertiliser, 200, 000 more acres were put under cultivation!
¬†
Last year, we harvested 61 million bags, compared to 44 million bags in 2022!
¬†
The price of 2 kg per packet of Unga dropped from https://t.co/ytVgEHZjUx",Wed Aug 21 18:03:12 +0000 2024,32,278
150,Breaking News,"[BUSINESS] Prices boom for Kenya coffee farmers, traders: 
Kenyan coffee farmers may be set for an earnings boom following a major crop failure in Brazil, the world‚Äôs leading producer. https://t.co/8DRjlujdQb",Sun Aug 28 06:03:08 +0000 2022,0,0
151,NTV Kenya,"The value of Kenya‚Äôs coffee increased marginally in the first sale of the new crop year that started today as the prices at the New York Exchange, where Kenya sells over 95 percent of its beverage, remained low.
#NTVTonight @DannMwangi https://t.co/C0vH8pOX8H",Tue Oct 01 19:26:36 +0000 2019,1,3
152,Ruto Stan!,"The cost of living has eased significantly.

A 2kg packet of maize flour now costs KSh100-120, down from KSh260.

Fuel prices have dropped from KSh210+ to KSh176 per litre, reducing transport and commodity costs.

KBB | Ruto Must Go Forward
#KaziBilaBreak https://t.co/ooTi9gLVTv",Tue Feb 11 10:18:34 +0000 2025,2,0
153,Marijke van der Lee,"Kenya: Kenya Coffee Prices Hit Crop-Year High, Defy Global Slump https://t.co/3cHOrieYAG #newspapers #feedly",Mon Nov 04 08:48:25 +0000 2024,0,0
154,BusinessDaily,"Tomato prices have surged by as much as 50 percent after the heavy rains that Kenya has been receiving since October destroyed the crop, leading to low yields.
https://t.co/VaswzBJa5u",Fri May 24 13:00:03 +0000 2024,8,10
155,The Standard Digital,"Maize prices have dropped drastically below Sh5,000 for a 90Kg (kilogramme) bag for the first time in months as farmers in Kenya‚Äôs food basket, Uasin Gishu start harvesting the crop
 https://t.co/WoMtO7ZWtr",Mon Oct 17 14:45:15 +0000 2022,3,12
156,Mkenya Halisi,"The government has reduced fertilizer prices from KSh 7,500 to KSh 2,500, boosting food production and making farming profitable again. Farmers are thriving! #KaziBilaBreak
 KBB 
Ruto Must Go Forward https://t.co/2y4imRjQx7",Tue Feb 11 10:04:33 +0000 2025,2,0
157,Breaking News,"[BUSINESS] Kenya wants share of maize imports from region raised: 
Crop failure due to poor weather and a shift in the movement of Uganda maize to South Sudan have seen flour prices rocket. https://t.co/dW63JW5b0Y",Fri Jul 08 03:36:57 +0000 2022,1,0
158,Nation Africa,Bumper crop headache: Maize farmers turn to hay as hope of better prices dims https://t.co/TI90lJN55a,Thu Sep 12 17:01:42 +0000 2024,2,12
159,Kamami Faith,"Commercialisation of Banana Production
Banana growing is one of the opportunities in which Taita Taveta has distinguished itself in the past, producing the
highest yields and getting some of the best prices for the crop in Kenya #TaitaTavetaCounty",Wed Aug 22 14:12:07 +0000 2018,1,0
160,DCI Meru,"We're determined! We ain't stopping.
1.Edible Oil from Ksh 340 to Ksh 280 per kg a decrease of 22% 
2.Over the last 3 days Maize has dropped from Ksh 5,600 to Ksh 4,900 per bag a drop of 11.5%
3. Sugar Down from Ksh 7,200 to Ksh 5,800 today per 50Kg bag a decrease of 18%",Sun Nov 20 11:07:07 +0000 2022,197,2162
161,Bianca‚Ñ¢,"1. Unga is now at around KES 120, down from KES 240 per 2 kg.
¬†
2. The Kenya Shilling is currently the best-performing currency in Africa, from 162 to KES 128 against the dollar.

3. Sugar: from KES 400 per 2 kg to KES 280.
¬†
4. Cooking oil and sugar prices have dropped.

5. https://t.co/y1s1prGhEm",Tue Jun 18 19:36:00 +0000 2024,94,584
162,GPC,"üá∞üá™ Below average rains impacted crop production in Kenya. May bean prices were avg in Taita Taveta, 9-10% below avg in Kisumu and Eldoret and 9-22% above avg in other markets.

#Beans
https://t.co/DQePLSBdCl",Mon Jul 05 05:00:28 +0000 2021,0,0
163,Moe,"Maize prices in Kenya have increased by 9.9% to Sh57 per kg, and wheat by 10.9% to Sh106 per kg since August.

This is due to the implementation of a new 2% tax on cereal imports and a 0.3% tax on exports",Wed Sep 18 05:00:42 +0000 2024,152,407
164,EnterpriseKenya,Kenya:Coffee Prices Retreat As Main Crop Beans Quality Falls https://t.co/108P4H3fGK #newsfeed #Kenya #business,Thu May 31 12:31:24 +0000 2018,0,0
165,BusinessDaily,"Traded volumes and prices at the Nairobi Coffee Exchange (NCE) have improved, buoyed by inflows of higher-quality fresh crop and deliveries of old stocks by co-operative societies from the Mount Kenya region.
https://t.co/oZiWC3ZP3V",Sun Jan 14 13:00:00 +0000 2024,3,6
166,TheStarKenya,"Unpredictable rainfall, low prices, costly inputs and crop diseases discourage farmers. https://t.co/9JRk4DJOJa",Mon Apr 11 20:53:37 +0000 2022,1,2
167,Siasa Place,"#SPNews
 'Wake up and smell the coffee,' Mt Kenya farmers tell DP over poor crop prices https://t.co/GnqmZxSU92",Thu Aug 29 07:40:25 +0000 2024,0,0
168,Self Help Africa,"New report estimates that around 2 million people in Kenya could require food aid in July after droughts continue to devastate crop production and cause increases in prices.

Via @bpolitics: https://t.co/d2j6iGpBAv",Tue Jul 02 09:05:01 +0000 2019,1,0
169,Houston Tomorrow,"Kenya's coffee crop nosedives due to high temperatures, low prices https://t.co/SrbFL86x3E",Wed Dec 11 12:53:09 +0000 2019,0,0
170,seedfarm,Coffee prices in Kenya shoots high amid crop failure in Brazil https://t.co/14IGujuXRA,Fri May 19 00:39:13 +0000 2023,1,3
171,TheStarKenya,"County wants to carry out survey on crop and livestock prices, share information with national players. https://t.co/G5aj4h3WG2",Thu May 19 19:44:45 +0000 2022,1,15
172,Moe,"Cost of a 2kg maize flour crossed Sh200 this week, the highest in Kenya's history on maize shortage.

The price is up by Sh50 in one week.

‚Äî Business Daily",Tue Jun 21 02:40:00 +0000 2022,993,2854
173,Citizen TV Kenya,"Unga proces to drop below Ksh.100, CS Linturi says, claims current price is Ksh.130 per kg https://t.co/4QBLZjxsiM",Sat Dec 16 17:19:55 +0000 2023,40,582
174,Goddie,"President Ruto and Deputy President Rigathi

 13kgs gas Ksh.1400 from kshs 3100.

6kgs gas Ksh.800 from kshs 1500.

Unga Ksh. 140 from kshs 230. Less than a year in office. 

Fertilizer Ksh 3500 in 2 weeks' time it will be kshs 2500 all the way from kshs 6500.",Mon Jul 24 13:20:45 +0000 2023,85,574
175,TheStarKenya,"Gorogoro of maize is now selling between Sh60 to Sh75 - Ruto.
https://t.co/0pJ3Bp3ZzB",Thu Nov 09 14:17:20 +0000 2023,21,246
176,Stephen Mutoro,"The Miraa prices doubled as @kenya_afa and @kilimoKE hand farmers an early Christmas of Sh1,300 per kilogram of Grade 1 Miraa up from Sh700. Maize and sugarcane is where the likes of @Mutahi__Kagwe draw the line https://t.co/IbvBp4WXv2",Sat Feb 15 11:01:07 +0000 2025,7,15
177,Moe,"The price of rice and wheat flour in Kenya is set to increase after the government introduced a 2% levy on the import value of cereals and a 0.3% levy on their export value, effective August 12.

Traders who fail to pay on time will face an additional 25% penalty on their",Sun Aug 25 02:31:12 +0000 2024,542,880
178,Mihr Thakar,"..High fertilizer prices and delayed rainfall is likely to affect coffee production.

Since the 19987/88 crop year, Kenya has registered a 70 per cent production decline from 130,000 metric tonnes to around 40,000 metric tonnes in 2020/21 coffee year.

https://t.co/wtHmwc2Vkp",Tue Mar 22 18:59:25 +0000 2022,2,3
179,Maggie Fick,"Kenya's coffee crop nosedives due to high temperatures, low prices https://t.co/RjrIqJdu29",Wed Dec 11 12:48:24 +0000 2019,2,0
180,Aliyu ATK,"2 January 2025
Tudun sebu market, Soba LG, Kaduna State. 

Commodities and price per bag. 

Maize N60,000
Soya Beans N98,000
Beans N108,000
Rice paddy N60,000
Guinea corn (dawa) N63,000
Millet (Gyero) N73,000
Dauro N76,000
Dry long pepper (barkono) ¬†N102,000
Short pepper https://t.co/ncsk09lTA3",Thu Jan 02 20:54:50 +0000 2025,86,282
181,CABI,"Kenya's coffee crop nosedives due to high temperatures, low prices https://t.co/VcFCgsfdDf",Fri Jan 03 10:31:23 +0000 2020,1,1
182,Nelson Havi,"State of collapsed Kenyan economy as experienced by the farmer is disturbing. A 100kg bag of maize is selling at Ksh 800, a gorogoro at Ksh 20, fish at Ksh 1,000 and a jogoo at Ksh 1,000. In 1995, a gorogoro sold at Ksh 20, fish at Ksh 100 and a jogoo at Ksh 100. Who do we blame?",Fri Oct 26 16:15:53 +0000 2018,203,522
183,Yewande Kazeem,Mount Kenya banana farmers book gains as Twiga doubles prices for crop https://t.co/ZEjDtTVtVh via @BD_Africa,Mon Jun 04 21:05:21 +0000 2018,0,0
184,Rodgers Kipembe Mpuru,The Government now is delivering to Kenyans with the exit of Gachagua. Maize flour is at KSh. 99.,Thu Nov 07 09:58:31 +0000 2024,84,571
185,Makau F. Mully üá∞üá™,"Unga Price is the highest in history at Kshs 200 per 2Kg. When president KENYATTA was looking for re-election, we had subsidized maize floor at 75ksh, but now who cares, Raila the state project should be dealt with ruthlessly at the ballot.",Tue Jun 21 16:34:08 +0000 2022,392,2427
186,The Standard Digital,"Bixa farmers in Lamu, Kilfi, and Kwale counties have called on the government to hasten its plan to revive the crop value chain and eliminate brokers responsible for the severe decline in the prices of the seeds.

https://t.co/PbTOognhvf",Mon Jan 22 08:30:12 +0000 2024,1,2
187,M≈©thoni M≈©rƒ©u,"Kenya's coffee crop nosedives due to high temperatures, low prices - The East African https://t.co/GIKCjpm6qi",Sat Jan 18 14:11:52 +0000 2020,0,0
188,Rachel Strohm,"In Kenya, abundant rains and an influx of people into the agricultural sector during the pandemic have contributed to very high crop yields and low prices for farmers (by Caroline Wambu) https://t.co/iZLo9yhQ3i",Tue Oct 20 12:44:39 +0000 2020,4,3
189,SLUGGER,"From Sh700 to Sh1,300 per kg for Grade 1, the miraa industry is witnessing historic gains. 

Farmers are finally getting the returns they deserve. A win for the hardworking Kenyans.

#MiraaPricesDouble Results You Can Feel https://t.co/jIUhN9mi5m",Sat Feb 15 16:11:16 +0000 2025,1,0
190,"Abuga Makori EGH, MBE","Right now, a Tonne of sugarcane goes for Kshs6,000 up from Kshs3,500. This is even set to improve after President William Ruto directed his fangs to CARTELS in Sugar Industry particularly in Western Kenya and Nyanza. There is no more importation and repackaging of sugar. Our https://t.co/0WYh9srdTp",Wed Sep 06 05:07:04 +0000 2023,26,292
191,Linet Ida,"@WilliamsMkenya Fertilizer is the backbone of farming, and the government has made it more affordable than ever! Prices have dropped from Ksh 7,500 to Ksh 2,500, allowing farmers to increase productivity and lower food prices. #KaziBilaBreak
KBB
Ruto Must Go Forward",Tue Feb 11 10:26:03 +0000 2025,1,0
192,JANE KYALO,"Sugarcane farmers enjoy their wins as cane prices grow to 5,300 up from 5,000 a tonne.ton e.

Sugarcane growing areas also witnessed increased yields due to the favorable weather conditions as well as the fertilizer subsidy by the Kenya Kwanza Govt. https://t.co/zzxglbChfB",Fri Feb 14 12:47:59 +0000 2025,1,7
193,Farmers #Trend,"Guide to Yellow Capsicum Farming in Kenya

Yellow capsicum is a highly lucrative crop that is widely grown in Kenya due to its high demand and favorable market prices. The crop is a great investment option for farmers

https://t.co/A3Ic03ZW0k",Mon May 22 18:18:50 +0000 2023,1,0
194,EnterpriseKenya,Mount Kenya banana farmers book gains as Twiga doubles prices for crop https://t.co/eAIqcC8Uaq,Mon Jun 04 18:34:19 +0000 2018,0,0
195,ElyüçÇ,"Results You Can Feel! A brighter future for miraa farmers as prices double! Sh1,300 per Kg for Grade 1, Sh700 for Grade 2, and Sh1,000 for Alele‚Äîa well-earned boost for hardworking Kenyans who keep this sector thriving! #MiraaPricesDouble https://t.co/0qjBjJgjBD",Sat Feb 15 16:40:02 +0000 2025,3,0
196,"Abuga Makori EGH, MBE","Give it to President Ruto. The cost of Unga has gone down. Unga is now retailing between Kshs180 to Kshs200 down from Kshs240. This is remarkable. With farmers harvesting maize, expect more affordable Unga regardless of the brand. Check Magunas Supermarkets and confirm. https://t.co/iahP4sHUfb",Wed Aug 09 15:41:40 +0000 2023,41,273
197,Robert Nagila,Mount Kenya banana farmers book gains as Twiga doubles prices for crop https://t.co/Nt5rWBX483 via @BD_Africa,Tue Jun 05 04:42:54 +0000 2018,1,1
198,Jayden,"Food security is no longer just a dream. Fertilizer prices dropped from KSh7,500 to KSh2,500, making farming more productive. With 95 million bags of maize available, Kenyans can expect a steady food supply. Ruto Must Go Forward #KaziBilaBreak",Tue Feb 11 10:47:31 +0000 2025,0,0
199,"Madoka Kibet, HSC","From next month a 2KG packet of Unga will go for Ksh 120-150. 

Thanks to subsidized fertilizer.

14 counties in Kenya contributes to 86% of maize production then we add supplies from Uganda and Tanzania.

We are heading somewhere as a nation.",Tue Jul 11 11:30:14 +0000 2023,36,273
200,Ja Loka,"President Ruto has tried and is still trying. Turning around an economy that was in a dilapidated state when KK took over cannot be microwaved overnight. It will take time:
Inflation has come down from 9% to 2.7%
Unga is 95 bob from 230 bob
Fuel from 217 to 180
Dollar from 160 to",Thu Nov 07 10:16:43 +0000 2024,81,585
201,Bianca‚Ñ¢,"I don't know why UNGA is costing as HIGH as KES 130 despite subsidizing production at the expense of consumption, yet under Uhuru Kenyatta, with billions of subsidies injected into maize milling companies, UNGA was costing as LOW as KES 250! This is unacceptable!

 RUTO MUST GO",Sun Feb 04 16:57:35 +0000 2024,102,744
202,TheStarKenya,"Prices of basic foodstuffs like maize flour, sugar and Sukuma Wiki (kale) rose by 25.6 per cent, 18.4 percent and 32.9 per cent respectively
https://t.co/doQq120WMQ",Fri Mar 31 15:30:00 +0000 2023,29,192
203,BRAVIN YURI,"The government of Kenya has ordered for  maize flour to drop to Ksh. 100 from Ksh. 230.  The price of 2Kgs Unga will be going for ksh. 100, 1 Kg for Ksh. 52, 5Kgs will be going for Ksh. 250 and 10Kgs for Ksh. 490.",Mon Jul 18 12:51:43 +0000 2022,329,2200
204,Moe,"Kenya's inflation hit 7-month high of 6.47% in April 

Commodities whose prices have risen most year on year include:

Cooking oil up 41%
Cooking gas up 38%
Wheat flour up 24%
Soap up 23%
Potatoes up 22%
Maize flour up 14%
Beef up 14%

‚Äî Business Daily",Fri Apr 29 03:40:00 +0000 2022,255,384
205,Citizen TV Kenya,"Miraa Prices Increase:

Agriculture and Food Authority announces new prices for crop

New prices follow submissions by farmers and traders

New prices take effect immediately 

#CitizenMondayReport @TrevorOmbija https://t.co/yqGnVIjsNB",Mon Feb 17 19:15:09 +0000 2025,3,15
206,Juma G üá∞üá™,"2kg maize flour now at Ksh 229 shillings. The highest since Kenya got independence. This has nothing to do with the war in Ukraine &amp; Russia. It is about weaponizing food &amp; hunger to manipulate the poor masses.  But we all seem to be okay. 

#SokoNews",Tue Jun 21 03:39:00 +0000 2022,105,280
207,ElyüçÇ,"Results You Can Feel! From Sh700 to Sh1,300 per Kg for Grade 1, Sh350 to Sh700 for Grade 2, and Sh500 to Sh1,000 for Alele‚Äîmiraa farmers now earn double for their harvests! A well-deserved win for Kenya‚Äôs agricultural sector! #MiraaPricesDouble https://t.co/e3BKhnICNh",Sat Feb 15 16:10:27 +0000 2025,1,0
208,Aly-Khan Satchu,"Indian Tea Sales to Wilt as Kenyan Crop Jumps @markets https://t.co/JMINi2ZDVY .  ‚ÄúOnce Kenya produces that volume and their prices come down, it will become very difficult for India to compete,‚Äù Monem said https://t.co/3abdz5R8lz",Thu Feb 14 06:45:00 +0000 2019,1,2
209,ephraimnjegafan,"The claims that prices of goods have risen everywhere are not entirely true. A kg of maize is going for the equivalent of KShs 21 in Zambia. Even in Tanzania a kg of maize costs less than KShs 30. In Kenya, a kg of maize is costing KShs 64. 
THREAD üßµ",Sat Jun 18 16:17:19 +0000 2022,263,505
210,Gerald Bitok,"""Kenya will harvest about 1.3 Million bags of wheat this year, enough to feed the country for one year. Government has set prices of wheat at KSh 5,200 for grade one wheat and KSh 5,100 for grade 2. Government subsidized fertilizer has been attributed to this increase in",Mon Jul 31 11:23:39 +0000 2023,83,481
211,AsokoNews,Coffee prices retreat as main crop beans quality falls (Kenya) https://t.co/BufVjgrG2O,Thu May 31 08:37:44 +0000 2018,0,0
212,Moe,"Kenya has allocated Sh60 million to support local farmers to increase the acreage under production of cotton from 40,000 in 2023 to 103,000 ahead of long rains.

Cotton price has increased to Sh72 per kilo. 

Kenya also plans to distribute over 27 tonnes of cotton seeds.",Mon Feb 05 04:25:00 +0000 2024,40,275
213,George T. Diano,"It cost ksh 1850 to produce 1 bag or maize, the current market price for a 90kg bag is ksh 2500. An acre produces 20 bags at most with a good fertilizer. Meaning, a farmer with 1 acre makes only ksh 13,000 per year. NCPB only buys maize from Ruto's farms in Congo at ksh 4500.üíî",Tue Aug 06 06:00:01 +0000 2024,1240,2641
214,Social,"Do you know that KTDA was selling fertilizer at 2,500 shillings? Now Ruto has rised the price to 3,500

Ruto has withdrawn all subsidies which were put in place by uhuru .",Wed Sep 14 06:33:15 +0000 2022,55,479
215,Peace Ambassador,"The cost of a 2kg pack of maize flour has significantly dropped from Ksh 260 to Ksh 100-120, easing the burden on Kenyan households. #KaziBilaBreak Ruto Delivers",Mon Feb 17 09:22:16 +0000 2025,0,0
216,AsokoNews,Mount Kenya banana farmers book gains as Twiga doubles prices for crop https://t.co/NLOWH8zhOh,Tue Jun 05 08:34:00 +0000 2018,0,0
217,FiWEH,"Kenya's coffee crop nosedives due to high temperatures, low prices - FiWEH Life - https://t.co/JIZPbEttNS",Thu Dec 12 00:37:51 +0000 2019,0,0
218,Bianca‚Ñ¢,"By the way, starting next week, the cost of fertilizer will be KES 2,500! Down from Uhuru's KES 7,000! One of the practical ways of lowering the cost of living is by subsidizing production! Wearing Sufuria on the head or inviting Samia Suluhu and Ramaphosa to mediate between",Fri Jul 28 11:53:02 +0000 2023,182,1050
219,KIPRONO,"Unga prices jumped back to Ksh. 210 yesterday. Farmers want higher prices for their produce at Ksh. 6000/90, 133per 2kg without processing fee and profit mark up. Meaning unga prices will remain at Ksh. 200 and above for the time being.",Wed Nov 23 05:03:14 +0000 2022,31,200
220,Yewande Kazeem,"Kenya's coffee crop nosedives due to high temperatures, low prices https://t.co/etRVuo0n9T",Wed Dec 11 12:23:20 +0000 2019,0,0
221,Kenyans.co.ke,"Currently, a 2kg packet of maize flour goes for an average of Ksh200, after a government subsidy that had seen the price of the commodity drop to Ksh100 ended.

https://t.co/Dn2LL19Zq9",Sun Sep 11 13:26:52 +0000 2022,12,187
222,Bianca‚Ñ¢,"Today I went back to the supermarket, and I'm happy to report that President Ruto is OVERWORKING! The cost of maize flour has significantly REDUCED. Budget: KES 175; Jogoo: KES 183; Soko: KES 188; Dola: KES 180; and Cosmo: KES 160.¬† In the handshake GOV'T, it was at KES 250.",Fri Mar 10 14:49:04 +0000 2023,130,836
223,Juma G üá∞üá™,"Woke up to the news that a 2-kg packet of maize flour is now at Ksh 175. Some brands at Ksh 199. But we r told it will come down in August if we ""elect"" right... A 90-kg bag of maize, for the first time in history in Bungoma is at Ksh 7,600. Not the best time to be alive in Kenya",Wed Jun 15 04:54:16 +0000 2022,89,253
224,"Hon.Moses Kuria,HSC","Basic Commodities Price Movement since we started conversation on cost of living 

1. Over the last 3 days Maize has dropped from Ksh 5,600 to Ksh 4,900 per bag a drop of 11.5%

2. Sugar Down from Ksh 7,200 to Ksh 5,800 today per 50Kg bag a decrease of 18%",Sun Nov 20 06:17:38 +0000 2022,97,636
225,Peace Ambassador,"Fertiliser prices have reduced from Ksh 7,500 to Ksh 2,500, enhancing food production and reducing the cost of farming. #KaziBilaBreak Ruto Delivers",Mon Feb 17 09:22:13 +0000 2025,0,0
226,Oscar Sudi Commentary,"@Linet_Onyi @JebetKe_ Kenya has never had a president this hands-on! Ruto is tackling the real issues lowering food prices, creating jobs, and improving healthcare. From maize flour dropping to Ksh 100-120.
#KaziBilaBreak
KBB
Ruto Must Go Forward",Tue Feb 11 10:52:04 +0000 2025,1,0
227,Kristyn Nanlal Khetia,"Kenya's coffee crop nosedives due to high temperatures, low prices https://t.co/zfwDel6iNQ",Fri Dec 13 13:29:52 +0000 2019,0,0
228,David Ndii,"What do we have now? A Kenyatta cartel. When Uhuru took over as president, farmers were paid Sh30-35 per kg, consumers were paying Sh60. Where are we now. Farmers are paid Sh20-25 take it or leaving, consumers are paying Sh120.",Mon Jan 18 10:03:19 +0000 2021,193,538
229,Business Day Africa,"Kenya Raises Sugarcane Price to Ksh5,300 a Tonne https://t.co/MlVLeMf9uO via @Africa_newsday @sugar_board",Thu Feb 13 07:38:47 +0000 2025,0,1
230,Juma G üá∞üá™,"With things constant, in the next 5 years, no single farmer in Kenya will be planting maize... Fertilizer now at Ksh 7,000 from Ksh 4,500? üò≠üò≠üò≠. And the prices of maize are still as pathetic as ever. Looks like cartels in GoK want this to happen so that they can import maize!",Wed Feb 02 19:06:18 +0000 2022,231,704
231,Africanus,"A litre of cooking oil now retail at ksh307 double what it costed few months ago. Cooking gas is almost double, sugar is ksh160, almost double, fertilizer is almost double.... Your income is the same.
Same income gets you half of last few months purchases.
You simply got POORER.",Fri Dec 03 13:53:49 +0000 2021,305,602
232,TNS,"Kenya's government increased miraa prices: Grade 1, previously priced at Ksh700 per kilogram, now costs Ksh1,300; Grade 2 rose from Ksh350 to Ksh700; and Alele went from Ksh500 to Ksh1,000.",Sun Feb 16 09:33:46 +0000 2025,0,0
233,FCPA Billow Kerrow,"Nairobi food prices this week...

Sugar  1 kg...sh 150
Wheatflour 2kg...sh 185
Milk O.5L...sh 70
Potatoes 10kg..sh 800
Meat mbuzu 1kg...sh 600
Chicken boneless 1kg....sh 70
Egg 1 tray....sh 400
Cooking oil 1L...sh 345
Maize flour 2kg...sh 177

All prices headed South!",Mon Apr 18 09:28:20 +0000 2022,43,188
234,De Nystart,@citizentvkenya The price of grade one miraa goes up by Ksh. 600 while that of sugar cane went up by Ksh. 0.3 per Kg. Irony of living in Kenya.,Sat Feb 15 11:16:04 +0000 2025,0,0
235,Dennis Itumbi CBS - Commentary,"Dear Kenyans,

 1Kg Sugar is Khs 110 frm 240

 Dollar is Khs 129 frm 160

 6kg Gas is Kshs 1000 frm 1500

 1L cooking oil is Kshs 200 frm 400

 2kg unga is Kshs 97 frm 230
        
 Fertilizer is Kshs 2500 frm 7000

Don't be mean to deny Our President a word of congratulations üëè",Thu Jan 30 17:46:49 +0000 2025,153,1370
236,Evelyn Tremble,"#Kenya coffee crop once a pillar of the economy nosedives due to high temperatures, low prices https://t.co/FPbKkDhH30",Wed Dec 11 13:46:35 +0000 2019,0,0
237,€µ j,"The droughts in Kenya lead to crop failures, food shortages and extremely increased prices for basic necessities like food and water. People are forced to leave their homes and be displaced in search of food and water. https://t.co/k5rD5s7MDn",Thu May 04 12:14:28 +0000 2023,2,4
238,The Unbearable!!,@CollinsBriche Man!!!Kwetu ni 3700 per acre..Kwenye pesa inaenda next weekendüò≠,Sat Feb 15 14:07:19 +0000 2025,0,1
239,ùôçùôÆùôñùô£ìÖì,"@PraisePatel @its_stv The maize price hike pushed some black market traders to K5,300 but most are still selling at K4,200 at the moment. But it‚Äôs true, I can confirm",Mon Feb 17 15:28:54 +0000 2025,0,0
