1,Directorate of Public Communications,H.E President @WilliamsRuto has promised to lower the price of a 2kg packet of maize flour from the current Ksh180 to Ksh120 @kilimoKE @Trade_Kenya https://t.co/sZcqLtrbTc,Tue Jan 24 14:26:57 +0000 2023,114,1246
2,KUTV Kenya,"President Ruto on the price of maize flour
^sw https://t.co/6lQdz6PEbc",Sun Nov 26 10:29:07 +0000 2023,4,11
3,Hot 96 FM Kenya,The price of maize flour will drop starting next week ‚Äì President William Ruto https://t.co/5UjYWpJYo6,Fri Apr 14 12:55:20 +0000 2023,1,6
4,Taddewo W. Senyonyi,"THREAD: Maize prices fall to record low!
A kilogram of maize is averaging Shs500, down from an average of Shs1000 last season.  Govt isn't bothered about the situation as farmers count losses. I'm told price is higher in Kenya, but the politics is doing us bad! https://t.co/017zDK2Qhi",Wed Feb 07 11:58:59 +0000 2024,8,30
5,Mike The Dj Kenya,"#JamboKenya Agriculture Cabinet Secretary Mithika Linturi now says Kenyans should expect the arrival of cheaper maize in the country by the first week of April, expressing confidence that soon the price of unga will start to drop https://t.co/SfSi2Kwvsw",Fri Mar 17 02:55:42 +0000 2023,1,4
6,Citizen TV Kenya,"Maize farmers reject govt prices

Farmers reject price of Ksh 3,500 per 90kg bag of maize
Melly: Government should buy a bag of maize at Ksh 5,500

Khatundi: We are projecting maize production to increase by 50%

#CitizenWeekend 
@OBurrows https://t.co/YhCmSnuoLN",Sat Nov 09 18:09:27 +0000 2024,11,31
7,Citizen TV Kenya,"Sack of maize at Ksh.3,500:  

Govt to purchase 1 million bags of maize at Ksh.3,500  

Karanja: We want to stabilize the price of maize flour  

#CitizenWeekend @Wycliffeorandi https://t.co/9PT5Zy98lA",Sat Nov 02 10:05:36 +0000 2024,6,44
8,Miss Smith‚ù§Ô∏è,"The cost of living in Kenya has seen a notable reduction under President Ruto‚Äôs administration. The price of a 2Kg packet of maize flour, which was Sh230, has now dropped to Sh100.Kenya You AskedFor 
#ThePresidentListened https://t.co/ek8uQaKUuU",Mon Jul 01 10:30:40 +0000 2024,2,0
9,Citizen TV Kenya,"Price Control Bill to grant Treasury CS powers to set prices of maize, sugar, other essential goods https://t.co/OMpuufnMya",Wed Aug 14 15:05:17 +0000 2024,33,85
10,ùóûùóúùó£ùó•ùó¢ùóßùóúùóñùóõ ùó¶ùó°ùó•,"President William Ruto's leadership has transformed Kenya's economy by reducing the price of 2kg maize flour from Ksh 260 to Ksh 100-120. This significant change has eased the burden on Kenyan households.

#RutoTheOvercomer 
Impact You Can Feel https://t.co/RYvcEMdkKL",Mon Jan 20 05:35:29 +0000 2025,3,1
11,Wilson Baya,This is the only way of reducing the price of maize floor in Kenya  . https://t.co/D7zp6OMvrz,Tue May 30 00:46:57 +0000 2023,0,0
12,MnaiBei,"Unlike Tanzania, the price of a packet of maize flour is reduced by more than 75@ in kenya. We managed our Cost Of Living. Kenya Vs Tanzania https://t.co/BCrxLGnEvR",Tue Dec 10 11:25:51 +0000 2024,3,0
13,Citizen TV Kenya,"Prof Edward Kisiangani: While some people in Nairobi were doing maandamano in the streets, many of my people in Bungoma, Kakamega, Busia and many of our kinsmen in Rift Valley were doing maandamano on the farms. The result of it right now is that the price of maize has come down https://t.co/Y8L2IijPPn",Mon Sep 18 20:01:55 +0000 2023,11,48
14,Citizen TV Kenya,"Maize farmers‚Äô anxiety:

Farmers want price of 90 kg bag to be capped at Ksh.6000. Farmers fear they will suffer losses with low prices.

Farmers say production costs shot up despite subsidy #SundayLive @KoinangeJeff https://t.co/sTUorCQeou",Sun Aug 06 18:34:46 +0000 2023,10,64
15,Kinara‚Ä¢,"Thanks to the effective implementation of the Subsidised Fertiliser Programme, the price of maize has significantly dropped which is directly contributing to a lower cost of living, making life more affordable for many in Kenya. #RutoMchapakazi
The Plan Is Working Visible Results https://t.co/FxuPdTuU1h",Thu Jan 09 14:50:21 +0000 2025,3,1
16,NTV Kenya,"Safeguarding Maize Farmers

Govt to announce floor price &amp; reopen NCPB this week

Govt to open new window for duty free importation of yellow maize

Govt expecting 100 dryers to help address post-harvest losses

#NTVTonight @theninashaban https://t.co/pBsbnrJ7LW",Wed Oct 04 18:51:07 +0000 2023,0,11
17,TUKO.co.ke | The Heartbeat of Kenya,"How much is the price of a 2 kg packet of maize flour at your nearest supermarket or food store? 

#tukonews #Kenya #Unga https://t.co/hQzwxdIEDB",Wed Nov 15 10:11:13 +0000 2023,0,19
18,Citizen TV Kenya,"Gachagua Pledge On Economy:

DP assures that the country‚Äôs economy will get stable 

DP says the price of maize flour has already reduced

Gachagua attended a church service in Karatina 

#SundayLive  @YvonneOkwara https://t.co/V0R00LscBe",Sun Dec 24 18:39:37 +0000 2023,4,16
19,Ruud in Kenya,"#Kenya #maize #prices.
Judging the content of the creator, it looks that @WilliamsRuto fears criticism because it is @rigathi who's announcing another price tag. https://t.co/bJAV3go7X2",Wed Apr 19 13:29:23 +0000 2023,0,0
20,Willy Abuga,"What kind of money do you need to own land and farm like this in kenya üò≥

Do these kind of farmers even worry about fake fertilizer or price of a kg of maize üßê https://t.co/5Wb64AEfX8",Wed May 08 06:26:48 +0000 2024,334,1394
21,Citizen TV Kenya,The price of maize flour will drop starting next week ‚Äì President William Ruto https://t.co/jQ98WVIU3j,Fri Apr 14 12:54:35 +0000 2023,344,3209
22,La General.,"The Kenya Kwanza government under President's Ruto leadership has reduced the price of a 2kg packet of maize flour from Ksh 260 to as low as Ksh 100. A game-changing decision that has brought relief to millions, ensuring affordable food.

#RutoTheOvercomer
Impact You Can Feel https://t.co/f83LLFPPDB",Mon Jan 20 07:20:36 +0000 2025,2,1
23,FootballClips,"Affordable Unga for All: The price of a 2kg packet of maize flour has dropped from Ksh 260 to just Ksh 100-120. A monumental relief for households across Kenya, ensuring food security for every family.
#RutoTheOvercomer
Impact You Can Feel https://t.co/qOkabxqbSA",Mon Jan 20 05:05:32 +0000 2025,3,2
24,Fostina Mani,"We have removed the guess work of where to sell the maize?  https://t.co/ZHz0Z6L4Vt
#bagofmaize #baiyaunga #maize #demand #ethiopia #kenya #malawi  #price #priceperbag #shortage #somalia #southafrica #sudan #supply #tanzania #ugali #uganda #unga #whereisthemaize #zambia https://t.co/qgOS26wYuB",Fri May 12 07:22:46 +0000 2023,1,1
25,Citizen TV Kenya,"Raila: We had warned that trying to ease the supply shortage of maize and lower its cost through duty-free imports would not work, and the prices would not come down; negotiations have failed as expected 

The price of ‚Äòunga‚Äô has not come down. Instead, they're set to rise again https://t.co/ljGDuR7isC",Tue May 16 13:29:27 +0000 2023,30,86
26,Kenya Projects,"H.E President @WilliamsRuto has promised to lower the price of a 2kg packet of maize flour from the current Ksh180 to Ksh120. #KenyaYaendelea 

CS Machogu Cardiac Kwamboxx &amp; Reedah Fresh Fri Kibochi #Azziad Ruto #Thievesinschool KCSE 2022 https://t.co/eGd6D0esdf",Wed Jan 25 08:05:10 +0000 2023,1,16
27,The Standard Digital,President Ruto claims a 2kg packet of maize flour is selling for Sh145 to Sh175 down from Sh250; attributes reduction in price to enhanced maize production https://t.co/Za2FfFRL7N,Thu Nov 09 12:38:25 +0000 2023,12,177
28,Toria_Vicky,"The fertiliser subsidy program has been of great benefit because it has led  to an inceeas in maize production in Kenya reducing the import of maize hence a 23.3% drop in the price of 2kg flour making it more affordable 
#RutoDelivers 
The Plan https://t.co/hb6TttjN2L",Sat Sep 14 09:01:37 +0000 2024,6,3
29,Dr.Dennis Adison Ouma.,"-The price of Unga(Maize flour) has really reduced in Kenya ,trading at a price of 139/=,as captured in Supermarkets in Nairobi this week.

-But negativity bias media houses in kenya,and negativity bias Kenyans will not report or talk on this positive step towards stabilizing https://t.co/Z9cQDpMyNJ",Sat Nov 25 12:51:21 +0000 2023,12,42
30,MAJIMAJI,"Cost of living 1 year after kwa #Brekko
Moses Kuria - The price of 1 liter of cooking fat is 230; how much is it in your nearest shop?

Nakhumicha - Those using packed maize floor are fewer than those who use grinded maize. Which one do you use, Gorogoro or packed maize flour? https://t.co/mDbQTsEgjT",Thu Sep 14 05:18:06 +0000 2023,3,11
31,Julians Amboko,"Kenya has inked an MOU with Zambia for maize imports. Agric CS says large-scale farmers in Zambia will grow &amp; export to Kenya at a price to be agreed upon...Kenyan farmers be ware! 

Swali, is this part of the 900,000MT duty free import window running Feb 1st - Aug 6th, '23? https://t.co/kLV1KJOOaf",Mon Mar 06 14:30:12 +0000 2023,32,71
32,TUKO.co.ke | The Heartbeat of Kenya,"""From next week, you will start seeing the price of unga going down,"" President William Ruto assures Kenyans, says maize imports ordered by the government will arrive in the country tomorrow.

#tukonews #Kenya #politics https://t.co/WO3L8jMkKy",Fri Apr 14 13:11:35 +0000 2023,1,3
33,SEATINI UGANDA,"Ms. Jane Nalunga, @seatiniU:
Kenya today has mobilized their farmers and even the small-scale farmer can earn, unlike Uganda where our farmers are unsure of the price and who is going to buy their maize. No business should be run like that.
#SEATINIOnBudget24 #MorningAtNTV https://t.co/bFsQHtSTwj",Thu Jan 18 06:20:53 +0000 2024,1,2
34,Lolwe Tv Kenya,"Price of Unga will go down from next week, President William Ruto says. Speaking in Machakos county, Dr Ruto said imported maize will arrive in Kenya tomorrow. Unga retails from a range of Kshs.150 to Kshs.250 in supermarkets and retail shops. https://t.co/tJ58Xrdk87",Fri Apr 14 13:26:07 +0000 2023,0,1
35,Classic 105 Kenya,"‚ÄúPrice changes in food, energy and transport. Prices of maize flour loose, maize flour-sifted, sugar and fortified maize flour dropped by 9.6. 5.8, 5.3 and 5.1 per cent, respectively between February 2024 and March 2024."" KNBS says. https://t.co/PJNwEpKGbP",Tue Apr 16 06:12:50 +0000 2024,1,8
36,Joseph Masta,"The Kenya Kwanza administration's bold steps in the agriculture sector are bearing fruits. President Ruto's decision to subsidise the price of fertiliser led to a large increase in production especially in maize leading to a huge drop of 65% in maize imports,the lowest rate ever https://t.co/ICr9c0Mdj2",Thu Jan 09 16:04:52 +0000 2025,1,4
37,Kibet Benard,"Price Reassurance*
President William Ruto has reassured Kenyans that the cost of a 2kg bag of maize flour will not exceed KSh 230, alleviating concerns of soaring prices.
#RutoEmpowers 
Kenya Kwanza delivers 
.#KenyaniSisi https://t.co/mY2SDbi1sa",Sun Oct 22 15:02:58 +0000 2023,0,1
38,DJ KROWBAR,"Kenya is still importing maize based on GoK Data from Ministry of Agriculture.

PS: Granted, the importation has reduced by 56% but the price dropped marginally from KES 24.7 billion to KES 23.2 billion (6.4% reduction).

Kasongo yeye.... (Tunakuone 18) 
@MwauraIsaac1 @M_Chidzuga https://t.co/IvH5OIXS2u",Tue Dec 17 06:48:10 +0000 2024,4,5
39,Dr.Dennis Adison Ouma.,"-As I tweeted earlier, the price of Unga(Maize flour)has really reduced in Kenya.

-Reference;Moi Avenue Naivas supermaket ,on 25/11/2023(Today),Nairobi

-Pembe(149/=), Dola(149/=), Mama Maize(155/=).

-But the negativity bias kenya Media houses and negativity bias kenyans will https://t.co/zrsb5BCDmn",Sat Nov 25 15:01:36 +0000 2023,20,54
40,Dictator Watch,"After scamming the country of shs 1.6 Billions; he now plans to scam local maize farmers. The going price for 90kg sack starts from 6,000 shillings. Were Kenya a decent country he'd have long resigned &amp; in handcuffs https://t.co/O5B3ZHPc6f",Wed Nov 22 13:01:39 +0000 2023,7,11
41,Citizen TV Kenya,"@SamGituku: Fact check on the price of a gorogoro in Eldoret, Vihiga, Nairobi vs the price of a 90kg bag of maize

#NewsGang https://t.co/01jz2TpPhB",Thu Nov 09 20:36:43 +0000 2023,1,12
42,Linet Ida,"By securing 95 million bags of maize, Kenya shields families from hunger and price shocks. The path to sustainable food systems is clear.#ResultsYouCanFeel
Ruto Delivers https://t.co/PIWFXu0tNP",Fri Jan 17 07:07:06 +0000 2025,0,0
43,PAPA FATHELA,"The cost of living has been reduced significantly under President Ruto, with the price of a 2kg packet of maize flour dropping from 230/- to 100/-.Kenya You AskedFor 
#ThePresidentListened https://t.co/uNEbmxfVxf",Mon Jul 01 10:03:40 +0000 2024,1,0
44,Nicholas Gitobu Kiogora,"As a result of increased maize production in the last 28 months Visible Results show that maize price which is Kenya's Staple Food has fallen significantly gone down.This is largely attributed to Subsidized Fertilizer Program,an indication of 
The Plan Is Working,#RutoMchapakazi https://t.co/SG0DYh0whs",Thu Jan 09 14:07:22 +0000 2025,5,3
45,Toria_Vicky,"This is not another country, this is Kenya.
Yes the price of 2kg maize flour is ksh.99.
This is as a result of increased subsidies to farmers and reduced cost of fertilizer 
#KaziInafanyika
Vitu Kwa Ground
Ruto Delivers https://t.co/Enq607juue",Fri Nov 15 12:17:56 +0000 2024,1,0
46,‚ìÉ‚ìñ'‚ìû‚ì°‚ìû‚ì°‚ìò‚ìî‚ì£üêêüá∞üá™,"So Kenya Seed Company has decided that Maize seeds price be increased by 42%.

This is pure oppression and exploitations of farmers. 
@SeroneiCheison @ArapTilingi @sabul_ian @Itskipchumba_b @bkkoskey @ChepkendiotMK https://t.co/XCsyAGfSsE",Sat Jul 20 05:25:46 +0000 2024,3,6
47,Consumers Federation of Kenya (COFEK),HAS THE price of unga (maize flour meal) reduced in your local supermarket and or shop? Please share your experience on how much the 2kg packet is retailing for #CofekCares https://t.co/vneHMRXIxw,Mon Apr 17 16:04:32 +0000 2023,1,2
48,VOA Africa,"NAIROBI - Kenya's President William Ruto announced on Friday that he would slash the price of maize flour, a key food staple, as anger over skyrocketing inflation fuels protests in the East African nation. https://t.co/zEmKIs13Dt",Fri Apr 14 15:26:10 +0000 2023,1,4
49,TUKO.co.ke | The Heartbeat of Kenya,"Agriculture CS Mithika Linturi promises that the price of unga will go below KSh 120 in the next 4-6 months. 

He said apart from the government subsidising production, they have also allowed the importation of duty-free maize. 

#tukonews #Kenya https://t.co/EZGIPM4Pyj",Thu Mar 16 10:07:07 +0000 2023,0,5
50,Wildüåπ,"With 95 million bags of maize and other food stocks, Kenya is safeguarding its people from hunger and price shocks, ensuring a stable future for every household. 
#ResultsYouCanFeel
Ruto Delivers https://t.co/yggkub2MYE",Fri Jan 17 06:42:37 +0000 2025,5,2
51,Nyandarua's Finest,"Guys, you can pass by @KICC_kenya Kenya for #ChangamkaFest2023 and get to buy a wide variety of Products at a discounted price.

Some of the Products available 

1. Dr Mattress
2. Jamaa bar soap
3. Rice, maize flour, wheat flour, and all cereals.
4. Quality pants https://t.co/svGPyMhCMP",Wed Nov 01 09:46:12 +0000 2023,0,0
52,Kenyan Business,"Price of a 25 kg bag of maize flour.

Zambia - $10 (KShs 1,341)

DR Congo - $44 (KShs 5,902)

Kenya - $18.64 (KShs 2,500)",Sat Apr 22 10:49:20 +0000 2023,7,21
53,Julians Amboko,"Rwanda has waived Value Added Tax on maize flour &amp; rice &amp; gone ahead to prescribe price ceilings. Kenya went the route of waiving import duty on maize &amp; rice (until August 6th, 2023). Will be interesting to compare outcomes. https://t.co/jbQEHbWzVS",Thu Apr 20 20:41:20 +0000 2023,32,50
54,MwanzoTV,"The government of #Kenya has announced plans to purchase 1 million bags of locally produced maize, at an improved price of Ksh.4,000 per 90-kilogram bag, following a bumper harvest by farmers. https://t.co/56cIRenFI9",Fri Oct 13 08:00:00 +0000 2023,0,2
55,WISH FM KENYA,"KENYA:Maize #millers
Price of Unga to go Up,Again
This follows a warning by various millers in the country.‚ÄúSome small scale millers have shut down, because they cannot afford to buy maize‚ÄùUnited Grain Millers association.
Wewe
Safaricom
Raila
CITAM
DJ Fatxo
Kalenjins
Southafrica https://t.co/JJrD7kE8In",Sun Mar 12 05:12:41 +0000 2023,0,0
56,WISH FM KENYA,"KENYA
Unga Prices to Drop from Next Week, President Ruto pledges
President William Ruto Friday promised a reduction in the price of maize flour starting next week after the arrival of imported maize.
#NikujaribuTu
Samidoh
Winnie Odinga
Rooney
Malindi
Central Kenya https://t.co/KqMgF2TbWs",Fri Apr 14 22:58:02 +0000 2023,0,0
57,Dorine Igaga,"In the past year to July 2023, the price of dry maize increased by at least 23 percent. It was during this period that the price of maize flour in Kenya hit the highest level in history  https://t.co/C4daYcLvEA 
Soko-Directory https://t.co/RUDv01UAEa",Mon Sep 04 12:35:47 +0000 2023,0,0
58,Mwango Capital,"Tanzanian farmers are petitioning their MPs to remove restrictions on cereal exports to Kenya and Uganda after a dip in the price of maize in the country:

[@The_EastAfrican] https://t.co/jR8KslLXVV",Tue Jul 04 09:00:04 +0000 2023,10,18
59,NTV Kenya,"Govt to announce floor price of maize this week as Cereals Board re-opens
https://t.co/KQHQzlaSLa https://t.co/kYJE1XpffZ",Thu Oct 05 06:23:00 +0000 2023,5,36
60,PropesaTV,"The cost of producing 90kg bag of maize is 4,000 and the government is proudly buying the same 90kg at 3500. Farmers wanaumia https://t.co/71pL8kdOuT",Sat Nov 09 18:43:55 +0000 2024,829,2155
61,EATGN,"The government of #Kenya plans to remove VAT exemption on essential goods like maize flour, cooking gas, bread, medicine, and animal feeds. 

This is after pressure from the IMF to drop blanket reliefs on consumption, a move that could raise the price of essential goods. https://t.co/yk4vNAuMud",Thu Sep 14 10:48:32 +0000 2023,1,2
62,BOMA YETU,"The price of maize flour has also reduced from Ksh. 220 as of last year to Ksh. 110 in April 2024. #ThePlan 
It Is Working https://t.co/OfizfmZgHx",Tue Apr 16 03:16:28 +0000 2024,6,8
63,I ‚ù§Ô∏è Kenya üá∞üá™,"Essential commodities like maize and fuel have seen price drops, easing the cost of living for Kenyans.
Numbers Don‚Äôt Lie
#ResultsAreSpeaking
System Ya Facts https://t.co/OgDFRBKQgu",Mon Nov 11 06:35:41 +0000 2024,0,0
64,La General.,"Kenya has been able to attain 95million of bags of maize and other food stocks achieving food security. As a result the price of maize has dropped, reducing the cost of living.

#ResultsYouCanFeel
Ruto Deliver https://t.co/HNHDXkV6ss",Fri Jan 10 08:00:43 +0000 2025,1,0
65,CLIMATE CHANGE OWNERüå≥,"Citizen themselves can lower the price of maize flour ugali stable food in Kenya rather than complaining to leaders"" challenge farmers &amp; Companies that hike prices, cultivate idle lands make use of rains' harvest maize take to posho mill put Ugali on table common sense https://t.co/mPvOEytP6v",Sat Nov 11 07:01:58 +0000 2023,0,0
66,Silk Road Kenya,"WE MUST HAVE RICH FARMERS IN KENYA.

The government should not lower the price of MAIZE FLOOR, in fact it should be sold at Ksh. 500 &amp; above.

They can eat something else if they don't want.

IPOA Pauline Njoroge Sonko Kibicho Kisii Bianca Al Shabaab https://t.co/ZMKbpDZ562",Sun Jul 23 09:38:39 +0000 2023,1,2
67,Yours Truly üá∞üá™,"Fuel price reductions lower transportation costs, which in turn reduces the cost of goods and services. Similarly, maize price reductions are critical in Kenya, where maize is a staple food. 

Numbers Dont Lie 
#ResultsAreSpeaking 
System Ya Facts https://t.co/vPBzk1tkDl",Mon Nov 11 09:18:37 +0000 2024,2,1
68,"Robert ALAI, HSC",2KG Maize Flour in Uganda is 240. In Kenya it‚Äôs 209. https://t.co/23P5G2pm2Q,Mon Jun 27 12:37:50 +0000 2022,171,950
69,Jimmy Kings,"Forget about shareholders Shenanigans

Why are those who voted for Ruto/Gachagua suffering the most??

Maize in Rift Valley is being sold at a throw away price. Tea &amp; coffee in Mount kenya region is selling at a loss

The price of production has gone up.

Asante ya punda ni.... https://t.co/1sVnNipGQH",Mon Oct 02 06:53:48 +0000 2023,4,14
70,SHA'CCARI üåπ,President Ruto‚Äôs shift from consumption to production subsidies has reduced the price of maize flour by over 50%. BETA Plan Progress is leading Kenya‚Äôs agricultural revolution. #AgricultureUnderWSR https://t.co/vL8QlkqXOJ,Mon Sep 23 06:08:16 +0000 2024,1,0
71,The Africa Report,"Surging maize prices in the Democratic Republic of Congo (#DRC), #Kenya, #Tanzania, and #SouthSudan have created a lucrative trade for people to smuggle staple food out of #Zambia. By @Chiwoyu.
https://t.co/V5V3ggNYzq",Mon May 29 12:56:31 +0000 2023,7,7
72,Pulse Kenya,"Gov't pressured to set minimum prices of maize ahead of uptake of 1 million bags.

#PulseNews  
https://t.co/1SJXEzyvSh",Fri Oct 06 04:23:56 +0000 2023,0,1
73,Mwala kapkembu,The price of Unga (Maize flour) in Kenya dropped from Ksh 260-100. This is after¬†the Government of Kenya subsidized the price of production of the commodity for a period of 4 weeks https://t.co/QXqSEDHNSz,Thu Feb 06 08:44:24 +0000 2025,0,0
74,Citizen TV Kenya,"Price of wheat flour, cooking gas increase as maize flour becomes cheaper in November https://t.co/30NLsaShJJ",Fri Dec 01 09:48:11 +0000 2023,47,410
75,Gideon Kitheka Snr,"Promise Made, Promise Delivered. 

Within two years of taking office, President William Ruto @WilliamsRuto has made significant progress in lowering the cost of living in Kenya. #2YearScoreCard

Through strategic interventions, the price of unga (maize flour), a staple food, has https://t.co/cRelvx1rzR",Tue Sep 10 06:52:34 +0000 2024,46,56
76,Collapse Aphorisms,"‚ÄúThe price of everything has gone up. I just make enough to buy a 2kg packet of maize flour. We even stopped eating bread for breakfast, opting instead for mandazi [cheap fried bread made in the slum].‚Äù

(Florencio Okonyo, Kenya) 

#collapse",Wed Sep 06 22:08:05 +0000 2023,2,9
77,"William Samoei Ruto, PhD","The Government is committed to put the shame of hunger behind us by supporting agricultural production. Today, a 2KG packet of maize flour is selling at between KSh145 and Ksh175 depending on the brand, down from Ksh250 while a Gorogoro of maize is retailing at an average of https://t.co/EVaHVKpF8v",Thu Nov 09 15:13:40 +0000 2023,274,2781
78,Kibet Benard,"We are almost June at the price of 2kg Unga today at ksh100 to Ksh 130
From 230 .
People were crying of unga .
Is president William Ruto policies failing or succeeding .
Kenya again end of this year will harvest alot of maize .
So far so good.",Wed May 29 03:34:39 +0000 2024,0,1
79,Kibet Benard,"Maize, wheat, and cassava flour are now zero-rated in KENYA the price of credit ad money transfer to fall",Fri Jul 28 12:53:30 +0000 2023,0,0
80,Citizen TV Kenya,"BREAKING

‚Ä¢ The railway dev't levy on all imported maize stands suspended

‚Ä¢ The import declaration fee on all imported maize is also hereby suspended

‚Ä¢ Maize flour shall retail at Ksh. 100 down from Ksh. 205 for a 2kg packet until otherwise directed

- Directs Pres. Kenyatta https://t.co/HbnFBoulYZ",Wed Jul 20 13:43:28 +0000 2022,132,414
81,Taalamu News KE,"Kenya, which is a net importer of food, has slapped a two percent levy on import of cereals including maize, rice and wheat in what is set to raise the price of these commodities for consumers. https://t.co/0k8i6NV6ce",Thu May 30 09:13:00 +0000 2024,0,2
82,FootballClips,"Kenya‚Äôs food prices are on the decline, with maize, beans, and peas seeing significant price reductions. A 2kg packet of maize is now retailing at KSh124, down from KSh176 a year ago. #CabinetBrief Delivering The Plan https://t.co/1FzGNq6e9p",Thu Nov 14 17:33:43 +0000 2024,0,0
83,Citizen TV Kenya,"Price of wheat flour, cooking gas increase as maize flour becomes cheaper in November https://t.co/TbMjALUHby https://t.co/jPz2cD7C13",Fri Dec 01 21:00:19 +0000 2023,18,244
84,Crazy Pena,"One of President Ruto's key promises was to lower the cost of living. Since taking office, the price of a 2kg packet of maize flour dropped from Sh230 to Sh100, thanks to government intervention in subsidizing production. Kenya You AskedFor 
#ThePresidentListened https://t.co/BsLHvbB0z4",Mon Jul 01 10:25:47 +0000 2024,1,0
85,Gerald Ngao üá∞üá™,"The President's decisive action in cutting the price of maize flour from Ksh 260 to Ksh 100 has reshaped food affordability in Kenya. Millions now enjoy cheaper essentials, showcasing his visionary leadership.

#RutoTheOvercomer Tangible Impact You Can Feel https://t.co/j654xdjdxN",Mon Jan 20 05:30:29 +0000 2025,0,0
86,I ‚ù§Ô∏è Kenya üá∞üá™,"The price of 2kg of maize flour (unga) has been reduced from Kshs. 230 to Kshs. 97 under Ruto, alleviating the cost of Kenya‚Äôs staple food. Promise Made
#RutoDelivers 
Promise Delivered https://t.co/wELD7SJYgr",Wed Sep 04 06:03:22 +0000 2024,0,0
87,MickeyKE‚Ñ¢üá∞üá™,"Under Ruto‚Äôs leadership, Kenya has 95M bags of maize &amp; food stocks, securing food stability. The fertilizer price drop from KSh7,500 to KSh2,500 has boosted production. KBB is ensuring no Kenyan goes hungry! #KaziBilaBreak https://t.co/fMk8lBxcDZ",Sun Feb 09 09:48:28 +0000 2025,0,0
88,WISH FM KENYA,"KENYA
Potato prices rise, Unga prices drops as Kenya records 6.8% Inflation rate in September.
This means that 1Kg packet of  maize flour decreased from Ksh.84 to Ksh.80 and the price of Irish potatoes rose from Ksh.80 (1kg) to Ksh.101.
Akothee
Antony Manyara
Kesh
#Cryptocurency https://t.co/cXn6PO6dIX",Mon Oct 02 10:36:58 +0000 2023,0,2
89,Bizna Kenya,Nairobi Flour Mills' owners have listed the company for sale with an asking price of Sh400 million. The company was processing Jimbi brands of wheat and maize. #Thread https://t.co/XfeVOsWRcy,Thu Feb 01 06:52:07 +0000 2024,2,1
90,Duke of Mbooni‚Ñ¢üá∞üá™,"Kenyan households are saving more on maize flour, with a 23.3% reduction in the price of a 2kg packet. The cost has dropped from Ksh.169.9 in 2022 to Ksh.130.38 in 2024, thanks to the Kenya Kwanza Government's focus on agriculture. #2YearsAchievements
Ruto Delivers https://t.co/5lqamwDtmq",Fri Sep 13 05:52:02 +0000 2024,0,0
91,Kibet Benard,The price of unga is extremely low in Kenya 2 kg of maize at KSh 80 in the village give it president William Ruto,Fri Sep 01 06:00:02 +0000 2023,0,1
92,Nation Africa,"The Price Control (Essential Goods) (Amendment) Bill, 2024 seeks to grant power to the Treasury CS to fix minimum and maximum retail and wholesale prices for maize, maize flour, wheat, wheat flour, rice, cooking oil, sugar, and certain pharmaceutical drugs
https://t.co/Lx3x858HBe",Sun Dec 29 21:30:02 +0000 2024,4,8
93,The Ordinary King,"The shortage of Maize has been the reason for increase in the price of UNGA. Thanks to CS Moses Kuria for he has issued a statement in the permit of over 500 trucks stuck at the border into Kenya from Yesterday night.  Kenya Tanzania Relations

#KenyaTZMaizeDeal https://t.co/nHakih9G7U",Sun Jun 11 09:31:15 +0000 2023,2,0
94,Moe,"Kenya's government plans to remove VAT exemption on essential goods like maize flour, cooking gas, bread, medicaments, and animal feeds. 

This is under pressure from the IMF to drop blanket reliefs on consumption, hence the price of essential goods may rise.",Thu Sep 14 02:36:12 +0000 2023,801,1883
95,TUKO.co.ke | The Heartbeat of Kenya,"The prices of basic commodities have dropped.

Between July and August 2023, the cost of maize grains reduced by 8.3%, while the price of potatoes dropped by 3.5%.

#tukonews #inflation 

https://t.co/819WQqNsc9",Fri Sep 01 06:16:52 +0000 2023,0,4
96,Africa Check,"We recently checked six claims made by #Kenya‚Äôs deputy president, Rigathi Gachagua, about the cost of living, including the price of fertiliser and maize flour. But which ones did Gachagua get right?
https://t.co/lv4GPtXIkS",Sat May 11 12:53:00 +0000 2024,0,1
97,TheStarKenya,"President William Ruto has said the government has put in measures to lower the cost of living.

The President said because of his government's efforts to distribute fertilisers to farmers, the price of maize has dropped.

Read More: https://t.co/7wN2NR93xr

#starkenyanews https://t.co/5inAAXQuZq",Thu Nov 09 14:21:46 +0000 2023,1,6
98,Amerix (Commentary),"The recent drop in the price of 2kg sugar and maize flour shows that Kenya‚Äôs economic recovery is taking root. As prices fall, the plan is working, making life easier for Kenyans. #RutoDelivers",Thu Nov 07 07:15:19 +0000 2024,0,0
99,TUKO.co.ke | The Heartbeat of Kenya,"""Tunaweza kukuwekea ukiangaika kutafuta soko,"" said William Ruto.

The president urged maize farmers to take advantage of the drying and storage services at NCPB.

He confirmed the government's buying price of KSh 4,000. #tukonews Read more üëáhttps://t.co/scoXv2Natn",Mon Oct 30 08:17:41 +0000 2023,1,8
100,Marcus Ryder,"@BLGBTQ Price of maize flour in Kenya has gone up but interestingly in this piece from May 2023 it never mentions the war in Ukraine. And this is because the vast majority of Kenya's maize is either produced domestically or comes from the East African Community.
https://t.co/e8yINWcNQV",Tue Jul 25 11:06:21 +0000 2023,0,4
101,Moe,"Kenya's plan to import 900,000 tonnes of maize by next month has got stuck because of high global price",Mon Jul 24 07:23:31 +0000 2023,155,710
102,@muok ratego,"You are trying to fool us that the price of maize will go down yet the price of fuel is still high,Kenya have very economy expert don't fool us instead go and fool Jericho residents",Sat Jul 22 22:31:54 +0000 2023,1,1
103,Moe,"Cost of a 2kg maize flour crossed Sh200 this week, the highest in Kenya's history on maize shortage.

The price is up by Sh50 in one week.

‚Äî Business Daily",Tue Jun 21 02:40:00 +0000 2022,993,2854
104,Uhondo TV KENYA üá∞üá™,"Citizens can now down their sufuria hats as price of Unga will go down from next week according to the President.
Imported maize is set to arrive in Kenya on Saturday. https://t.co/yg4xCpLLMW",Sat Apr 15 08:54:51 +0000 2023,1,1
105,Miss Rono,"I love how Kikuyu business men and women operate .They are currently purchasing freshly harvested maize from farmers in Rift Valley at an average cost of Ksh 40-50K per acre .Come January ,they will resell them to us at Ksh 8,000 per bag .In the next life ,I want to be a Kikuyu.",Fri Jul 28 09:21:31 +0000 2023,40,242
106,Bianca‚Ñ¢,"The Kenya Kwanza administration under President William Ruto has made significant strides in the past two years, achieving economic stability and reducing inflation‚Äîthe lowest in 17 years. Aah, #RutoTheOvercomer. The unga price of maize flour has decreased significantly, making https://t.co/dTEW5idJfR",Mon Jan 20 05:03:59 +0000 2025,21,17
107,Makau F. Mully üá∞üá™,"UNGA price is largely influenced by SUPPLY and DEMAND of maizeüåΩ. Currently, Maize supply is on peak hence decline of Unga prices. Let's not be fools, here in Kenya maize sack can go as low as kshs 1500 during peak of harvest. This by no means demean interventions by government. https://t.co/A1ew3bHbWl",Fri Nov 24 17:53:09 +0000 2023,6,26
108,Plug Wa Viatu,"We know that the price of unga dropped because farmers harvested their maize. Not because kenya kwisha made it. Stop lying to kenyans.

Airforce üî•üî•

3900
0115083259

Discrimination at StAndrews  sam Gituku tupatane Nyayo stadium Fvck Kileleshwa Juja Dr Isaac mwaura Shif sifuna https://t.co/94QEBSyy1G",Thu Aug 22 19:44:51 +0000 2024,1,1
109,"Abuga Makori EGH, MBE",Mashujaa Day comes with great relief for the people of Kenya. The price of basic household items continues to nosedive. Maize flour selling at Kshs148 and 3 litre cooking oil going at Kshs249. President William Ruto is determined to change the story despite the global market https://t.co/UonYbGTyJ9,Fri Oct 20 03:56:51 +0000 2023,14,141
110,Ruto Stan!,"The price of maize flour has dropped from Ksh 260 to between Ksh 100 and Ksh 120, making it more affordable for millions of households. A direct result of policies focused on reducing the cost of living. 

Ruto Delivers 
#KaziBilaBreak https://t.co/B30n6vpgME",Mon Feb 17 08:54:33 +0000 2025,0,0
111,Breaking News,"The price of Maize flour to drop starting next week, President Ruto assures: NAIROBI, Kenya, Apr 14 - President William Ruto now says that the price of maize flour will go down starting next week when.. https://t.co/UMG9xlSEsB",Fri Apr 14 13:31:42 +0000 2023,0,1
112,Nairobi News,"President William Ruto appears not to know the exact price of maize flour, the commodity that produces Kenya‚Äôs most consumed food.

https://t.co/tSkCVbYwom",Thu Feb 23 08:00:01 +0000 2023,1,3
113,Mark Bohlund,"Kenya‚Äôs prices have been marked up substantially above the cost of importing maize from the south-west of Tanzania, which is the maize producing region. In the same period, Kenya‚Äôs average price was $624/MT vs the the average import parity price of $359/MT https://t.co/kQtrY7bCQ1",Wed Aug 28 08:10:09 +0000 2024,0,1
114,Breaking News,"[BUSINESS] Maize flour prices to drop starting next week, President Ruto: NAIROBI, Kenya, April 14 - President William Ruto now says that the price of maize flour will go down starting next week when the country.. https://t.co/O0bWLGYA1u",Fri Apr 14 16:40:04 +0000 2023,0,0
115,Swalanyeti.co.ke,Unga price to reduce as tonnes of maize expected in Kenya by first week of April https://t.co/svPaG3iIVI,Fri Mar 17 12:14:35 +0000 2023,0,1
116,Breaking News,"[BUSINESS] Ukraine maize to arrive at Mombasa Port next week: NAIROBI, Kenya, Mar 8 - Kenya will receive bulk corn at the Port of Mombasa to help cool down the high price of maize flour, which now retails for mo.. https://t.co/Yr5jCnWtQB",Wed Mar 08 10:28:06 +0000 2023,0,0
117,TUKO.co.ke | The Heartbeat of Kenya,"A photo has gone viral on social media purporting that President William Ruto's government has reduced the price of a 2kg packet of maize flour to KSh 90.

However, the image is misleading.

https://t.co/chQEWymHQz",Sun May 21 13:36:30 +0000 2023,1,7
118,TheStarKenya,"Ruto said they should instead use that time to go farm to lower the cost of maize flour.
https://t.co/2ApJSm0stn",Wed Jul 19 13:59:48 +0000 2023,3,40
119,Kibet Benard,"Smart move is an opportunity for also Africa to start selling Uganda ,Kenya , Tanzania, Rwanda, Congo to sell one price the cost of Avocado,Tea ,Maize, Coffee,Cotton.Unity for purpose.",Wed Mar 06 06:20:16 +0000 2024,0,0
120,"Hon Gideon Kimaiyo, PhD","Kenya is an agricultural country. Our GDP is dependent on agriculture . We need to invest in it
1. Put shs 5B on maize. Subsidise seeds. Fertiliser programme already working.  Guarantee Farmers a price of 5k per bag
2. Put shs 5B  on Milk. Guarantee Farmers a price of 70b per ltr",Thu Feb 15 08:12:24 +0000 2024,13,49
121,emmanuel kariuki - Writer,"It is now one year since the subsidies were dropped. What is the cheapest price of maize flour, where in Kenya? #promises",Mon Sep 04 14:50:47 +0000 2023,0,0
122,TheStarKenya,"The price of a 90kg bag of maize has tripled in two years
https://t.co/VFJ5h5fZzO",Wed Dec 13 04:36:28 +0000 2023,0,12
123,JBQ Africa,"KENYA ‚Äì Maize flour prices in Kenya have declined significantly, with the price of a two-kilogram packet of maize flour (unga) dropping to an average retail price of KES 110 (US$0.74), marking a 20% decrease from last month‚Äôs KES 139 (US$0.93).
https://t.co/N5tBnUOwyY",Tue Oct 29 06:16:04 +0000 2024,0,0
124,Freeman,"1 hectare of maize 5 tons = US$1000.  1 hectare of magaka, 20000 gakas = $90 000. Fix the politics, reopen the country to the world. https://t.co/1uR3OuT3ZR",Fri Apr 02 18:33:31 +0000 2021,55,298
125,Jame,"It is 8 months since Mithika Linturi announced that he is growing maize in Zambia to import to Kenya and sell at 40 ksh per Kg...as part of kenya kwisha intervention 
It seems he confused the country the same way he confuses lodging rooms https://t.co/rZVxNcTBwG",Sun Nov 19 19:54:08 +0000 2023,262,607
126,Breaking News,"[BUSINESS] Maize prices drop ahead of importation: 
The price of a 90kg bag of maize has dropped by at least Sh1,000, leading to a slight reduction in maize flour prices by millers. https://t.co/D6xenQnd10",Thu Jan 19 05:53:01 +0000 2023,0,0
127,Bildad,"Maize is the staple food for a swath of our population. A move to zero rating the supply of maize corn flour will allow Kenyans to continue accessing unga at an affordable price.
#FinanceBillForKenyans
A Better Kenya https://t.co/hWritTcuVb",Fri Jun 02 07:20:26 +0000 2023,1,0
128,afriCAN,"This is in Kenya, the price/cost of Maize flour;Unga ya ugali:Staple food for all Kenyans has gone through the roof and every Kenyan citizen is feeling the pinchüòî
#MothersDay #MothersDay2023 #motherhood #MotherDay 
Mother's Day 2023 üá∞üá™ #Kenya",Sun May 14 09:47:41 +0000 2023,6,5
129,Ricardo Magero ‚é∑ ùÅÅ,"'Hata mimi Sielewi' Ichugwah Tells Ruto to Ignore Raila, Questions Protest on New Price of Maize
https://t.co/JsIbCzhZcL

Miguna Miguna Mt Kenya Kisii
Azimio Shakahola https://t.co/hAGHv659ty",Sat May 20 10:12:45 +0000 2023,2,2
130,Millan,"In 10 years, they'll build 11 new stadiums, refurbish 4, and Kenya will still be discussing the price of maize flour and jobs in Saudi Arabia as we vaccinate more cows to please Bill Gates.",Thu Dec 12 05:37:58 +0000 2024,0,2
131,CGL,The unemployment rate in Kenya is more than half the population proportion but our politicians are bragging about the price of maize flour,Wed Apr 17 10:35:20 +0000 2024,1,4
132,Kenyans.co.ke,"Govt promises to purchase maize from Kenyan farmers at Ksh4,000 per bag https://t.co/Kxb31RHoQg",Thu Feb 08 12:01:25 +0000 2024,85,1310
133,BusinessDaily,"Kenya, which is a net importer of food, has slapped a two percent levy on import of cereals including maize, rice and wheat in what is set to raise the price of these commodities for consumers.
https://t.co/NBD2inWJtV",Thu May 30 08:00:20 +0000 2024,1,4
134,NationOnline,"Prices of maize have hit K100,000 per 50 kilogramme (kg) bag in some markets and Food and Agriculture Organisation (FAO) has since decried the continued increase in prices, the steepest month-on-month gains in a decade.

https://t.co/5fYI8fo513",Mon Feb 17 08:11:54 +0000 2025,18,47
135,TheStarKenya,"Cost of 2kg maize flour has fallen from an average of Sh169.9 in 2022 to Sh130.38 in 2024.
https://t.co/qFc6SV450w",Fri Sep 13 12:04:14 +0000 2024,1,3
136,"Cyprian, Is Nyakundi","Inflation rate for December 2024 increased to 3.0% up from 2.8% in November, according to the Kenya National Bureau of Statistics (KNBS).

This rise is attributed primarily to a surge in food prices, including maize flour and sugar.

The Consumer Price Index (CPI) for December https://t.co/9vELDazSkK",Tue Dec 31 10:07:06 +0000 2024,70,236
137,Juma G üá∞üá™,"In the past year to July 2023, the price of dry maize increased by at least 23 percent. It was during this period that the price of maize flour in Kenya hit the highest level in history with a 2-kilogram packet going for as high as 260 shillings. https://t.co/ybXcUZy017",Mon Sep 04 08:24:12 +0000 2023,2,7
138,The Standard Digital,"The declaration by President William Ruto that his government has lowered the cost of maize flour from a high of Sh230 to Sh180 does not paint the true picture on the ground.

 https://t.co/4foAnXaejN",Sun Feb 26 05:45:08 +0000 2023,46,206
139,NTV Kenya,"Govt to buy maize from farmers at Sh4,000 per bag 
https://t.co/ArMIdxTtWW https://t.co/S2ZQXbeyOc",Wed Nov 22 13:40:28 +0000 2023,11,226
140,TheStarKenya,"Is Sh4,000 for 90kg bag of maize a fair price?
https://t.co/gD7HE8JLUp",Fri Oct 13 05:00:09 +0000 2023,0,2
141,NTV Kenya,"State to buy maize from farmers at Sh4,000 per bag
https://t.co/z5A0RrhRKz https://t.co/Ub8IeQGHYN",Wed Nov 22 12:50:05 +0000 2023,8,204
142,The Standard Digital,"Price of maize flour yet to come down contrary to Ruto's assertions
 https://t.co/4foAnXaejN",Sun Feb 26 09:03:31 +0000 2023,2,8
143,JAMIEüåª,"People are going through alot in this country,a kilo of maize flour  is at Ugx 1,800.",Wed Aug 16 16:52:55 +0000 2023,40,363
144,BRAVIN YURI,"Pressure from the IMF on the Kenya Government to drop blanket reliefs on consumption has made Kenya Kwanza put in place plans to remove VAT on essential goods like cooking gas, bread, Maize flour, medicaments, and animal feeds. Expect the price of essential goods to rise.",Thu Sep 14 07:23:47 +0000 2023,8,41
145,"Hon. Peter G. Munya, EGH.","President Uhuru Kenyatta has this evening directed that the price of a 2kg packet of maize flour be lowered to Ksh.100 from Ksh.205 across the country.

These new prices will be effective Friday, 22nd July 2022 https://t.co/vDq9WE22Yn",Wed Jul 20 15:46:10 +0000 2022,23,223
146,SokoAnalyst,"In the past year to July 2023, the price of dry maize increased by at least 23 percent. It was during this period that the price of maize flour in Kenya hit the highest level in history with a 2-kilogram packet going for as high as 260 shillings.

Changes In Retail Price For",Mon Sep 04 14:44:56 +0000 2023,0,0
147,Goddie,"Unga Prices set to drop as Maize Prices drop from sh 4600 to sh 2200 per 90Kg Bag following a Bumper Harvest, a win for Ugali Lover's https://t.co/OgBGUFLeET",Mon Sep 02 13:50:11 +0000 2024,89,947
148,Ndegwa Njiru Adv.,"Even before they harvest the MAIZE, @kipmurkomen has announced that the KALENJINS will receive good PRICE through the MINIMUM GUARANTEE Policy...Kwetu the T√ôGEGE MPs from MLIMA KENYA are still speaking about MAADAMANO instead of fighting for our COFFEE and MACADAMIA price",Fri Sep 08 10:43:15 +0000 2023,63,344
149,The Standard Digital,"Farmers want the government to lower the price of seed maize before the next planting season.

https://t.co/aWvTa2HRWN",Thu Aug 31 11:35:09 +0000 2023,1,20
150,BRAVIN YURI,"The government of Kenya has ordered for  maize flour to drop to Ksh. 100 from Ksh. 230.  The price of 2Kgs Unga will be going for ksh. 100, 1 Kg for Ksh. 52, 5Kgs will be going for Ksh. 250 and 10Kgs for Ksh. 490.",Mon Jul 18 12:51:43 +0000 2022,329,2200
151,TUKO.co.ke | The Heartbeat of Kenya,"""Maisha imekua ngumu zaidi."" 

An upset grandmother bemoaned the cost of living, pointing out that the price of sugar and maize flour had skyrocketed. 

She said she made and sold beads to earn a living and feed her eight grandkids.
#tukonews

https://t.co/juqZGHO2tY",Tue Jul 11 14:44:33 +0000 2023,0,1
152,Dbcooper‚Ñ¢,"That is good money across the border but not kenya. For example in Tz one bag of maize is 1700
One trailer carries 280bags
So 1700x280=476k
Transport to kenya+kra n border=250k, total 476+250=726k 
Two trucks is 726k x2=1.452m
Kenya price per bag is 3600 in short profit is 564k",Sun Sep 29 04:21:55 +0000 2024,2,1
153,Kenyans.co.ke,Government orders price of maize flour to drop from Ksh230 to Ksh100 a pack https://t.co/yP61XrMqoq,Mon Jul 18 12:49:27 +0000 2022,34,282
154,MMK,Why for heaven‚Äôs sake can‚Äôt we contract our farmers to grow maize and promise them a good price instead of the Zambians? How do Zambians manage to grow maize at a more competitive cost than our farmers? Do we really have a CS for agriculture in Kenya to answer these questions?,Fri Apr 14 15:11:33 +0000 2023,9,35
155,Kenyans.co.ke,"Kitchen posho mill that grinds maize to flour in 30 seconds hits the market at a cost of between Ksh13,000 and Ksh20,000 https://t.co/MwU7fsF8gw",Sun May 14 12:42:21 +0000 2023,57,435
156,Bianca‚Ñ¢,"President #RutoDelivers, after reducing the cost of fertiliser from KES 7500 to KES 2500, resulting in a bumper harvest that has seen the cost of unga nose-dive from KES 240 to KES 100! A 90kg packet of maize is now KES 2200! Promise Made, Promise Delivered , https://t.co/vb1LwnRzm0",Wed Sep 04 06:53:52 +0000 2024,81,256
157,NTV Kenya,Maize flour shall retail at KSh. 100 down from KSh. 205: President Uhuru Kenyatta https://t.co/p7IaPCjC9v,Wed Jul 20 13:57:18 +0000 2022,14,230
158,Naipamei Kaikai,"As we await for the harvesting of maize üåΩüåΩüåΩ in a month's time, the government has removed taxes for importing maize to Kenya from Tanzania.
This will enable the maize to be sold to millers at a fair price hence the price of Unga in your shelves will be very affordable by the",Mon Jun 12 02:59:46 +0000 2023,2,6
159,Nation Africa,The government has cut maize flour prices to Sh100 for a 2-kilogram packet over the next month handing a timely relief to millions of Kenyans who are braving high inflation that has pushed up the prices of basic commodities. https://t.co/e9COuM9t32,Mon Jul 18 13:05:52 +0000 2022,76,423
160,Nation Africa,"To grind a 90kg bag of maize, Mr Anthony Wambugu, the national chairman APAK noted, a miller needs three units of electricity. He also noted that the price of manila paper for packaging has shot up in the past week.
https://t.co/tgDJfv6BBJ",Wed Jul 26 18:50:00 +0000 2023,2,12
161,SokoAnalyst,"A 90-kg bag of maize has hit 6,000 shillings from 5,000 shillings in November. This is the first time in Kenya that the wholesale price of maize has crossed the 6,000 shillings mark. ~Soko Directory https://t.co/jqyVBDwpke",Wed Jan 04 07:52:03 +0000 2023,2,5
162,TUKO.co.ke | The Heartbeat of Kenya,"Do you know unga was cheap in the 1990s.

With as little as KSh 20, you could have bought unga, sugar and other basic food items.

A photo shared on Twitter showing the price of maize flour at KSh 9 has rekindled this memory for many. https://t.co/lvcaey6DKR",Tue May 16 10:13:36 +0000 2023,2,3
163,U D A - Official Fans Page.,"BREAKING: A 2kg maize flour is retailing at an average of 180/- from 250/-. Bwana, prices have dropped by a whopping 70/- without subsidies. In short, the journey to 100/- per 2kg is real! Asante President Ruto.... https://t.co/9WCrCZW8Ul",Sat Feb 18 08:11:25 +0000 2023,200,2145
164,Kelvin Omukungu,"Poultry farmers bakufa.
Maize brand has jumped from 900shs to 1100shs.
Broken maize from 1200shs to 1400shs.
Pellet from 2800shs to 3000shs https://t.co/lxzNmy5Ran",Sat Nov 02 05:14:03 +0000 2024,68,428
165,Mars Group Kenya,"A Government of Lies.

What is the difference between duty free maize and maize subsidy.

Both are facilitated by the Government. 

But subsides are local keeping the price for the farmers stable &amp; subsidising the Millers to keep cost to consumers down.
1/4",Tue Apr 18 19:23:09 +0000 2023,6,11
166,Nairobi News,"In his Labour Day 2023 speech, President William Ruto addressed the high costs of food in Kenya. He especially focused on the price of maize meal flour which cooks Ugali, the staple food in the country.

https://t.co/S5buyLgO9s",Tue May 02 07:30:00 +0000 2023,2,3
167,Jayden,"Food security is no longer just a dream. Fertilizer prices dropped from KSh7,500 to KSh2,500, making farming more productive. With 95 million bags of maize available, Kenyans can expect a steady food supply. Ruto Must Go Forward #KaziBilaBreak",Tue Feb 11 10:47:31 +0000 2025,0,0
168,BRAVIN YURI,"You import Maize from Mexico at Ksh.6,000 but can't buy the same from Kenyan Farmers at Ksh 4,000.

Maajabu!",Sun Sep 15 18:07:05 +0000 2024,1903,5422
169,Jimmy Kings,"Breaking news

Farmers in Rift Valley are selling 90KG bag of maize at a throw away price of 3k.

3K is a loss.

To make matters worse CLUELESS William Ruto the enemy of Kenyans is importing yellow maize.

In Kenya it is better to demonstrate like Azimio than to be a farmer",Sun Oct 01 18:12:07 +0000 2023,41,207
170,Goddie,"Prices of maize flour drop from Ksh 230 nikama Ugali itakulika

Pembe - 2kgs = ksh 169
Ndovu - 2kgs = Ksh 159",Thu Oct 05 19:13:01 +0000 2023,35,312
171,Fr. Edmond Nyoka,"A look into the near future is very scary. A 50kg bag of maize now sells at around K18,000-K20,000 and above in some parts of the country, from K10,000-K12,000 not long ago. What will it be like end November, December, January and February when food scarcity is at the peak!...",Sun Oct 30 04:56:31 +0000 2022,54,219
172,Mars Group Kenya,"Hussein..don't be part of the problem. No job is worth it. 

Telling the truth especially during this holy month of Ramadan is important. 

Deal was done for duty free imports. The benefactors reduced their price of maize.

This is different from saying price of Unga will drop.",Wed Apr 19 10:27:10 +0000 2023,1,9
173,Naman Farah,Unga price to reduce as tonnes of maize expected in Kenya by first week of April via @SwalaNyetiKe https://t.co/t1iL6a22ud,Fri Mar 17 12:14:49 +0000 2023,0,1
174,Harambee,"Instead of 6 million bags as planned.
4 million bags spread across the country resulted in a extra 25 million bags harvest compared to last year, breaking our maize harvest record by 15 million bags.

We have enough maize for +1 gunia per Kenyan but price of unga is still high.",Wed Nov 01 04:53:59 +0000 2023,17,22
175,"Madoka Kibet, HSC","Kenyans are happy with the price of Unga as it starts reducing by August the price will be at 150 ksh as farmers are set to harvest maize from their farms. This is the  way to go, now the package of maize goes for up to 209/= from 232/= https://t.co/3MeO16KSnp",Sun Jul 23 12:25:59 +0000 2023,38,325
176,NTV Kenya,"Maize hits new high of Sh6,100 a bag on shortage

https://t.co/ux8CepgxSO https://t.co/Xqn4NoaeW3",Tue May 16 01:00:32 +0000 2023,39,353
177,Harambee,"Buy your gunia of maize for 3500 from your local farmer. 6 months from now when Nairobi metropolitan maize harvest fails and prices spike kwa soko, at least you'll have basics.",Wed Feb 12 14:07:26 +0000 2025,2,0
178,TUKO.co.ke | The Heartbeat of Kenya,"KSh 2,000 is trending. Presidential aspirant Raila Odinga said his government will reduce the prices of fertilisers from KSh 6,000 to not more than KSh 2,000 effectively August 2022.

""We will not import maize when our farmers are having maize in their warehouses,"" he added. https://t.co/VMzPcZ4FoL",Tue Jun 07 10:32:45 +0000 2022,25,299
179,SHANKIüëë,"1. The price of maize flour has increased.

2. Low  maize yields due to supply of substandard fertilizer

3. School fees have risen, turning education into a luxury in Kenya.

4. Kazi Mtaani was scrapped.",Thu Nov 09 08:48:45 +0000 2023,9,162
180,The Standard Digital,"The price of maize has started going down over the past two weeks as cheaper imports from neighbouring Uganda flood the informal market

https://t.co/GkAPNociJi",Mon Feb 19 07:30:11 +0000 2024,1,5
181,Harambee,"Farmer's flooded the market, price of unga dropped to 180 region and KK exclaimed ""economy is stable"".
Anyways we know which direction the prices will head.

If we are planting now, maize from Central, Eastern and Coast should be ready by August. The bulk, November-December",Tue Mar 21 05:48:05 +0000 2023,3,6
182,mmnjug‚Ñ¢,Maize farmers in the North Rift region are staring at heavy losses as the price of the commodity plummets due to the arrival of imported duty-free cereals. https://t.co/7Ply3mJwOP,Wed Feb 01 06:05:05 +0000 2023,9,19
183,"Madoka Kibet, HSC","The price of Unga is retailing at between 170/= and 205 /= and Kenyans rightly ask their government to find ways to lower the price, a caring government Kenya Kwanza authorizes millers to import maize duty-free. An agreement that meant millers would lower Unga price to below",Sun May 28 12:35:28 +0000 2023,8,113
184,Masta,Bro the price of unga dropped because farmers harvested their maize. Not because kenya kwisha made it. Stop lying to kenyans.,Thu Aug 22 19:06:25 +0000 2024,3,26
185,Bianca‚Ñ¢,"President William Ruto reduced fertiliser from KES 7500 to KES 2500!
¬†
Due to cheaper fertiliser, 200, 000 more acres were put under cultivation!
¬†
Last year, we harvested 61 million bags, compared to 44 million bags in 2022!
¬†
The price of 2 kg per packet of Unga dropped from https://t.co/ytVgEHZjUx",Wed Aug 21 18:03:12 +0000 2024,32,278
186,Bianca‚Ñ¢,"President William Ruto subsidized fertilizer, and the results are phenomenal!
¬†
The cost of maize flour from KES 250 down to between KES 145 and KES 175 is not a joke!
¬†
Good job, Mr. President.

#HaliYaTaifaKenya
#BETAKenya https://t.co/7SFzjND3RR",Fri Nov 10 10:06:27 +0000 2023,39,406
187,HUSTLER TV,"In most parts of western kenya the price of maize and unga has gone down. Right now a tin (gorogoro]of maize which is about 2.5kg is sold at 100 bob, that means a kg is 40kg.",Tue Jul 25 10:45:02 +0000 2023,0,0
188,Sokodirectory.com,"A 90-kg bag of maize has hit 6,000 shillings from 5,000 shillings in November. This is the first time in Kenya that the wholesale price of maize has crossed the 6,000 shillings mark. ~ Soko Directory https://t.co/bWBDo84xAM",Wed Jan 04 07:32:46 +0000 2023,0,0
189,Sokodirectory.com,"If you have Beans in your store, then it is time to make a killing because of the highest price. Beans farming in Kenya is not as common as maize. However, it is one of the most commonly grown crops in Kenya ~ Soko Directory https://t.co/TEMFGKvO6F",Thu Feb 09 09:04:15 +0000 2023,0,0
190,Hakainde Hichilema,"Maize cost of production per 50kg bag, K228; floor price K110. At this rate we should forget about FISP beneficiaries graduating to self sustaining farmers running profitable entities. We need to rethink agriculture along the lines of business and not charity.",Sat May 30 17:10:26 +0000 2020,61,848
191,Goddie,"Prices of maize flour drop countrywide 

Unga in retail shops is at Ksh 135",Thu Nov 16 09:35:32 +0000 2023,18,194
192,Peace Ambassador,"The cost of a 2kg pack of maize flour has significantly dropped from Ksh 260 to Ksh 100-120, easing the burden on Kenyan households. #KaziBilaBreak Ruto Delivers",Mon Feb 17 09:22:16 +0000 2025,0,0
193,Mungai Kihanya,"How does the price of maize in Kitale affect the price of ugali in a kidanda at industrial area Nairobi?

That's how the price of crude oil in the international market affects the pump price in Kenya.",Tue Nov 07 04:30:37 +0000 2023,1,5
194,PropesaTV,"Eldoret Grains; Maize prices as from today, it's Ksh 5150 per 90Kg bag. https://t.co/NRjhzz7Kh7",Tue Nov 15 15:36:23 +0000 2022,26,177
195,AfriQuest Expeditions,Maize flour to drop from  230 to 115 in the new proposed prices,Mon Jul 18 12:18:29 +0000 2022,58,360
196,AfriQuest Expeditions,"Maize flour has been reduced by Ksh 2, it was Ksh 215, now its Ksh 213.",Thu Jun 30 07:54:10 +0000 2022,75,567
197,Sokodirectory.com,"In the past year to July 2023, the price of dry maize increased by at least 23 percent. It was during this period that the price of maize flour in Kenya hit the highest level in history with a 2-kilogram packet going for as high as 260 shillings.",Mon Sep 04 12:06:53 +0000 2023,0,0
198,Moe,"Maize prices in Kenya have increased by 9.9% to Sh57 per kg, and wheat by 10.9% to Sh106 per kg since August.

This is due to the implementation of a new 2% tax on cereal imports and a 0.3% tax on exports",Wed Sep 18 05:00:42 +0000 2024,152,407
199,Financial Things,"@ChikafaJnr @CommonDude10 From this database, 

1 KG of Maize in Mzuzu is 1,087.77MK

A simple search on Facebook Marketplace 

Shows a much lower price

Around 600 a KG https://t.co/5hZr8ljmml",Mon Feb 17 15:38:55 +0000 2025,0,1
200,George T. Diano,"A bag of maize is currently retailing at Ksh 2500. Not because we harvested more than enough, but because the sugoi thief is flooding the market with maize from his congo &amp; Zambia farm. People of Rift-valley can't complain bcoz of 'Mtu wetu"" syndrome but mimi nitasema ukweli.",Tue Jun 04 18:37:30 +0000 2024,321,1845
201,Beatrice Marshall,"Meanwhile in Uasin Gishu, farmers are selling maize at 2,400Ksh, the lowest price in 20 years.... mimi yangu nalisha ng'ombe..",Wed Oct 09 06:48:09 +0000 2024,1169,3187
202,Dennis Itumbi CBS - Commentary,"#SystemYaFacts
The cost of living is dropping! 

1. What is the Price of Unga where you are?

2. What is the price of 1kg Maize Gorogoro?

#StateOfTheNation2023

You can also check prices of different commodities in markets across Kenya here ... the prices are updated daily....",Wed Nov 08 20:01:02 +0000 2023,18,144
203,Tilingi üêòüêòüêò,"The new Maize price is Ksh 2300 per 90Kg bag. Meanwhile 
""Chebo gaa aitu amaotep""
""Ongerip serikalit ""
""Ngoya Muriat koba kot nebo""",Tue Sep 17 16:29:20 +0000 2024,95,317
204,Kelvin Omukungu,A kilo of maize is at 200shs now. This is not good. Not good at all.,Mon Mar 15 05:32:47 +0000 2021,86,530
205,Stephen Mutoro,"The Miraa prices doubled as @kenya_afa and @kilimoKE hand farmers an early Christmas of Sh1,300 per kilogram of Grade 1 Miraa up from Sh700. Maize and sugarcane is where the likes of @Mutahi__Kagwe draw the line https://t.co/IbvBp4WXv2",Sat Feb 15 11:01:07 +0000 2025,7,15
206,"Abuga Makori EGH, MBE","Give it to President Ruto. The cost of Unga has gone down. Unga is now retailing between Kshs180 to Kshs200 down from Kshs240. This is remarkable. With farmers harvesting maize, expect more affordable Unga regardless of the brand. Check Magunas Supermarkets and confirm. https://t.co/iahP4sHUfb",Wed Aug 09 15:41:40 +0000 2023,41,273
207,Rodgers Kipembe Mpuru,2 Kg maize flour cost set to hit a new high of up to Ksh. 300 this week.,Wed Oct 05 08:25:07 +0000 2022,524,4571
208,EDGAR üá∞üá™,"Maize flour has been reduced by Ksh 2, it was Ksh 215, now its Ksh 213. What a great impact on the reduction of levies. President Uhuru Kenyatta is overworking!",Thu Jun 30 07:50:23 +0000 2022,198,1231
209,TheStarKenya,"Gorogoro of maize is now selling between Sh60 to Sh75 - Ruto.
https://t.co/0pJ3Bp3ZzB",Thu Nov 09 14:17:20 +0000 2023,21,246
210,DCI Meru,"We're determined! We ain't stopping.
1.Edible Oil from Ksh 340 to Ksh 280 per kg a decrease of 22% 
2.Over the last 3 days Maize has dropped from Ksh 5,600 to Ksh 4,900 per bag a drop of 11.5%
3. Sugar Down from Ksh 7,200 to Ksh 5,800 today per 50Kg bag a decrease of 18%",Sun Nov 20 11:07:07 +0000 2022,197,2162
211,Dembe Zuma,"People in the rural areas are pre selling maize at MK25,000 üò≠üò≠",Mon Feb 17 07:13:46 +0000 2025,29,172
212,nthnmt.03,"Nahhhhhhh, the economy is now MAD!!!
MK90,000  for 50kg of maize? 
Hm",Sat Feb 15 18:38:47 +0000 2025,0,0
213,Rodgers Kipembe Mpuru,A tin of maize is now Ksh. 60. Asante sana Rais.,Thu Nov 09 12:58:49 +0000 2023,13,182
214,TheStarKenya,"Unga prices for most maize meal brands are still retailing between Sh190-Sh230.
https://t.co/H2l2ENyLux",Mon Apr 17 15:15:43 +0000 2023,108,334
215,Moe,"Unga prices to remain high as maize price hit Sh6,000 per 90kg bag for the first time ever this week.

‚Äî Business Daily",Fri Nov 25 04:20:00 +0000 2022,287,1179
216,Rodgers Kipembe Mpuru,The Government now is delivering to Kenyans with the exit of Gachagua. Maize flour is at KSh. 99.,Thu Nov 07 09:58:31 +0000 2024,84,571
217,"Madoka Kibet, HSC","From next month a 2KG packet of Unga will go for Ksh 120-150. 

Thanks to subsidized fertilizer.

14 counties in Kenya contributes to 86% of maize production then we add supplies from Uganda and Tanzania.

We are heading somewhere as a nation.",Tue Jul 11 11:30:14 +0000 2023,36,273
218,Moe,"Maize flour prices now at a historic high of Sh150 for 2Kg packet.

90kg bag of maize now selling at Sh4,500.

‚Äî Business Daily",Mon May 16 07:00:01 +0000 2022,276,650
219,Makau F. Mully üá∞üá™,"Unga Price is the highest in history at Kshs 200 per 2Kg. When president KENYATTA was looking for re-election, we had subsidized maize floor at 75ksh, but now who cares, Raila the state project should be dealt with ruthlessly at the ballot.",Tue Jun 21 16:34:08 +0000 2022,392,2427
220,Juma G üá∞üá™,"A 2-kilogram tin of dry maize (gorogoro) in Bungoma County (Tongaren), is now at Ksh 210. Plus ya kusiaga, it comes to about Ksh 230. This is the highest price of maize in the region for decades. Old men are just shaking their heads!",Thu Jun 08 14:59:36 +0000 2023,58,273
221,George T. Diano,"The govt announced that they'll buy maize from farmers at KES 4,000 through NCPB. It's been 5 months now &amp; NCPB doors are still locked, Farmer are left with brokers to sodomize them. A bag of maize is selling at KES 2,500 while maize from Uganda is flooding the market. The govt",Thu May 02 18:01:04 +0000 2024,44,274
222,Kenyans.co.ke,"Currently, a 2kg packet of maize flour goes for an average of Ksh200, after a government subsidy that had seen the price of the commodity drop to Ksh100 ended.

https://t.co/Dn2LL19Zq9",Sun Sep 11 13:26:52 +0000 2022,12,187
223,Kenyans.co.ke,"The fact-check by Citizen TV came against the backdrop of Hussein's announcement, in which, the State House Spokesman claimed that maize flour was retailing between Ksh159 to Ksh160 for select brands. 

https://t.co/grck21klo4",Wed Apr 19 11:27:57 +0000 2023,29,301
224,:,"Maize sells at over N150,000 the commodities exchange MD thinks it‚Äôs N48,000, no wonder government is oblivious.",Thu Nov 12 11:54:51 +0000 2020,1311,986
225,TheStarKenya,"Don't sell maize below Sh4,000, Oscar Sudi tells farmers
https://t.co/AhtEtDCa6N",Tue Nov 14 14:36:41 +0000 2023,17,226
226,BRAVIN YURI,"Millers have said that the plans by Agriculture CS Peter Munya to suspend all levies imposed on imported maize in the hope of lowering the cost of Maize flour will only cut the price by ksh. 2 for a 2kg packet. Instead of buying it at Ksh. 210, you will get at ksh.208. üòÇ",Thu Jun 30 08:26:55 +0000 2022,82,611
227,Bianca‚Ñ¢,"I don't know why UNGA is costing as HIGH as KES 130 despite subsidizing production at the expense of consumption, yet under Uhuru Kenyatta, with billions of subsidies injected into maize milling companies, UNGA was costing as LOW as KES 250! This is unacceptable!

 RUTO MUST GO",Sun Feb 04 16:57:35 +0000 2024,102,744
228,Mwarim≈´ M≈´temi wa Kƒ´ama,"Dear Kenyan Farmer, a bag of maize  will fetch you about KES 3000/-, a bag of Miraa will give you about KES 400,000/-. Last but not least a bag of Bhangi will fetch you KES 3.5M. 

Whatever you do with this information is entirely up to you. Mi Leo najenga taifa hapa kwa ofisi üòÇ",Tue Feb 01 07:47:12 +0000 2022,785,2763
229,Juma G üá∞üá™,"2kg maize flour now at Ksh 229 shillings. The highest since Kenya got independence. This has nothing to do with the war in Ukraine &amp; Russia. It is about weaponizing food &amp; hunger to manipulate the poor masses.  But we all seem to be okay. 

#SokoNews",Tue Jun 21 03:39:00 +0000 2022,105,280
230,ephraimnjegafan,"The claims that prices of goods have risen everywhere are not entirely true. A kg of maize is going for the equivalent of KShs 21 in Zambia. Even in Tanzania a kg of maize costs less than KShs 30. In Kenya, a kg of maize is costing KShs 64. 
THREAD üßµ",Sat Jun 18 16:17:19 +0000 2022,263,505
231,George T. Diano,"Maize farmers ni marudurudu tu wanaona. In Uasin Gishu, a bag of maize retails at Ksh 2,200, while in Western it retails at Ksh 2,100. Interestingly, despite bumper harvest last year, someone imported maize from his farms in Congo and Zambia, flooding the NCPB. Serkali Nenyun.ü§°",Thu Oct 10 07:30:00 +0000 2024,599,1993
232,Moe,"Unga prices could rise as maize becomes costly due to shortage following delayed imports.

A 90-kilo bag of maize has shot up to Sh6,000 compared to, Sh5000 earlier this month.

‚Äî Business Daily",Wed Mar 01 05:15:00 +0000 2023,120,492
233,"Hon.Moses Kuria,HSC","Basic Commodities Price Movement since we started conversation on cost of living 

1. Over the last 3 days Maize has dropped from Ksh 5,600 to Ksh 4,900 per bag a drop of 11.5%

2. Sugar Down from Ksh 7,200 to Ksh 5,800 today per 50Kg bag a decrease of 18%",Sun Nov 20 06:17:38 +0000 2022,97,636
234,Moe,"Maize millers say high flour prices will remain since its too expensive to import maize.

Maize flour is currently retailing Sh150.

‚Äî Business Daily",Wed May 25 04:00:00 +0000 2022,61,224
235,Moe,"Maize flour prices set to remain high as Kenya remains unable to get cheap maize.

Since the duty waiver took effect in February, only two ships with white maize have docked at the Port of Mombasa.

‚Äî Business Daily",Mon Apr 10 06:00:01 +0000 2023,90,303
236,George T. Diano,"It cost ksh 1850 to produce 1 bag or maize, the current market price for a 90kg bag is ksh 2500. An acre produces 20 bags at most with a good fertilizer. Meaning, a farmer with 1 acre makes only ksh 13,000 per year. NCPB only buys maize from Ruto's farms in Congo at ksh 4500.üíî",Tue Aug 06 06:00:01 +0000 2024,1240,2641
237,Mal. Aminu Jamfalan,"@Karovoni @SundayDareSD The figures are misleading so it's all lies because the price of maize has never reach 120,000 and the current price here in kaduna is 50,000 and not 70,000 as He claimed.",Fri Feb 14 21:41:11 +0000 2025,1,15
238,Thirsty Kipsoiwet üá∞üá™ üá≥üá±,"During Kenya Kwanza Government maize prices will never hit 5,000 kshs again,You scared the wealthy juu karibu mkuwe Matajiri without their approval,my guess ni prices will move to 3,000 kshs max",Fri Nov 18 08:24:06 +0000 2022,45,287
239,Juma G üá∞üá™,"Woke up to the news that a 2-kg packet of maize flour is now at Ksh 175. Some brands at Ksh 199. But we r told it will come down in August if we ""elect"" right... A 90-kg bag of maize, for the first time in history in Bungoma is at Ksh 7,600. Not the best time to be alive in Kenya",Wed Jun 15 04:54:16 +0000 2022,89,253
240,Juma G üá∞üá™,"I was a serious maize farmer. The highest I have ever done is 12 acres, until I realized it was cheaper buying maize when others harvest than farming. Many trucks that ferry maize from Bungoma are for our Kikuyu friends who don't farm the same. Now a 90kg is Ksh 4,000, a drop",Mon Aug 28 13:20:22 +0000 2023,196,1438
241,Philosopher,"@Asamoh_ @naivas_kenya Price of unga and price of maize go together. In Western Kenya, gorogoro (2kg) of maize is sh. 150. Add milling cost, transport and profits and unga will be sh. 170 in a month....",Fri Aug 04 18:18:01 +0000 2023,0,1
242,KIPRONO,Maize farmers are saying that the lowest they can sell a 90kg bag is Ksh. 4500 and only during this time of harvest. Tough times ahead,Thu Oct 27 10:14:57 +0000 2022,54,317
243,Gabriel Oguda,"Your favourite President has asked Kenyans to be patient with him because in six months' time, the price of 2kg maize flour will be Ksh 120, which will be historic.",Mon Jan 23 19:14:39 +0000 2023,64,649
244,Ahmed Mohamed ((ASMALi)),"Huge relief for Kenyans. 

Maize flour to retail at Sh100 from today. A two-kg packet of maize flour will be sold at Kshs 100 down from the current retail price of Kshs 230.",Mon Jul 18 12:08:41 +0000 2022,66,457
245,Bianca‚Ñ¢,"Today I went back to the supermarket, and I'm happy to report that President Ruto is OVERWORKING! The cost of maize flour has significantly REDUCED. Budget: KES 175; Jogoo: KES 183; Soko: KES 188; Dola: KES 180; and Cosmo: KES 160.¬† In the handshake GOV'T, it was at KES 250.",Fri Mar 10 14:49:04 +0000 2023,130,836
246,Juma G üá∞üá™,"If u have some money now, instead of letting it sit in the bank, buy maize now from Western &amp; Trans Nzoia. A 90-kg is at Ksh 4k and might go lower. With 100k, you get 25 bags. In 6 months time, you will make about Ksh 150k of Ksh 200k as profits. You can't get that in the bank.",Tue Aug 29 04:54:30 +0000 2023,126,798
247,Moe,"Zambia set to grow maize on at least 50,000 acres of land exclusively for export to the Kenyan market.

A kilo of maize in Zambia retails at Sh40 currently, as opposed to Sh90 in Kenya.

‚Äî Business Daily",Tue Mar 14 09:11:19 +0000 2023,423,1791
248,Moe,"Unga prices to rise soon because Tanzania stopped issuing export permits to Kenyans last week.

Millers have to apply for permits every time they intend to ship maize from Tanzania.

Shortage from Tanzanian ban will push maize to Sh5,900 from current Sh5,400.

‚Äî Business Daily",Wed Sep 07 05:05:30 +0000 2022,493,1122
249,Juma G üá∞üá™,"With things constant, in the next 5 years, no single farmer in Kenya will be planting maize... Fertilizer now at Ksh 7,000 from Ksh 4,500? üò≠üò≠üò≠. And the prices of maize are still as pathetic as ever. Looks like cartels in GoK want this to happen so that they can import maize!",Wed Feb 02 19:06:18 +0000 2022,231,704
250,The K engineer,"@dickie245 @moneyacademyKE Bana, and Miraa requires no processing.
90kg of dry maize is ksh 4000/-",Mon Feb 17 04:26:37 +0000 2025,0,0
251,BAKU10,"Strategic food reserves grow as 95 million bags of maize are stocked, guaranteeing consistent food supply and price stability across Kenya. #KaziBilaBreak Ruto Delivers https://t.co/xFe5RuJ3Gs",Mon Feb 17 08:27:32 +0000 2025,0,0
252,Ja Loka,"@RodgersKipembe Talked to my mother yesterday. She told me that 1 tin of maize now goes for 180 bob in the village market, up from 150 bob. We must resist this kind of state capture by two families.",Wed Oct 05 08:27:39 +0000 2022,60,907
253,ùôçùôÆùôñùô£ìÖì,"@PraisePatel @its_stv The maize price hike pushed some black market traders to K5,300 but most are still selling at K4,200 at the moment. But it‚Äôs true, I can confirm",Mon Feb 17 15:28:54 +0000 2025,0,0
