1,Jhaytermax Integrated Enterprise,"*TUESDAY, 28th MAY 2024// WEEK 22. JHAYTERMAX ‚Äî Farmer's Market price list update: Per TON*

üìçBASE: TARABA STATE, NIGERIA. 

*see footnotes

‚úÖBambara Nut (Okpa) 
‚Ç¶1,416,000/ton‚óΩ

‚úÖBeans (Akara) 
‚Ç¶1,668,000/tonüî∫

‚úÖBeans (Brown) 
‚Ç¶1,860,000/tonüî∫ https://t.co/AvnBcWlCBb",Tue May 28 05:49:27 +0000 2024,130,134
2,Jhaytermax Integrated Enterprise,"*FRIDAY, 21th JUNE 2024// WEEK 25. JHAYTERMAX ‚Äî Farmer's Market price list update: Per TON*

üìçBASE: TARABA STATE, NIGERIA. 

*see footnotes

‚úÖBambara Nut (Okpa) 
‚Ç¶2,184,000/tonüî∫

‚úÖBeans (Akara) 
‚Ç¶2,100,000/ton‚óΩ

‚úÖBeans (Brown) 
‚Ç¶2,580,000/tonüî∫ https://t.co/ikdC1YdIx4",Fri Jun 21 06:54:54 +0000 2024,99,125
3,Jhaytermax Integrated Enterprise,"*MONDAY, 27th MAY 2024// WEEK 22. JHAYTERMAX ‚Äî Farmer's Market price list update: Per BAG*

üìçBASE: TARABA STATE, NIGERIA. 

*see footnotes 

‚úÖBambara Nut (Okpa) 
[W-A: 90kg]
ü™£: 25
‚Ç¶118,000/bag‚óΩ

‚úÖBeans (Akara) 
[W-A: 85kg]
ü™£: 26 
‚Ç¶124,000/bag‚óΩ https://t.co/Io5acDP3Pb",Mon May 27 05:57:27 +0000 2024,114,137
4,Jhaytermax Integrated Enterprise,"*MONDAY, 20th MAY 2024// WEEK 21. JHAYTERMAX ‚Äî Farmer's Market price list update: Per BAG*

üìçBASE: TARABA STATE, NIGERIA. 

*see footnotes 

‚úÖBambara Nut (Okpa) 
[W-A: 90kg]
ü™£: 25
‚Ç¶114,000/bag‚óΩ

‚úÖBeans (Akara) 
[W-A: 85kg]
ü™£: 26 
‚Ç¶119,000/bag‚óΩ https://t.co/vkZOczxMag",Mon May 20 06:49:34 +0000 2024,105,131
5,Jhaytermax Integrated Enterprise,"*MONDAY, 24th JUNE 2024// WEEK 26. JHAYTERMAX ‚Äî Farmer's Market price list update: Per BAG*

üìçBASE: TARABA STATE, NIGERIA. 

*see footnotes 

‚úÖBambara Nut (Okpa) 
[W-A: 90kg]
ü™£: 25
‚Ç¶185,000/bag‚óΩ

‚úÖBeans (Akara) 
[W-A: 85kg]
ü™£: 26 
‚Ç¶175,000/bag‚óΩ https://t.co/njowS5EecC",Mon Jun 24 06:50:14 +0000 2024,124,138
6,Demi Farms,"French Beans
-French beans, also known as snap or green beans, and locally in Kenya as mishiri, are a major export crop.
-The average maturity period of french beans is 45-60 days.
- The price of 1kg of French beans varies between Kshs 21 and Kshs 100 per kg, depending on the https://t.co/b1o4YBFLtU",Wed Jan 24 09:04:49 +0000 2024,14,91
7,Jhaytermax Integrated Enterprise,"*TUESDAY, 23rd JULY 2024// WEEK 30. JHAYTERMAX ‚Äî Farmer's Market price list update: Per TON*

üìçBASE: TARABA STATE, NIGERIA. 

*see footnotes

‚úÖBambara Nut (Okpa) 
‚Ç¶2,160,000/ton‚óΩ

‚úÖBeans (Akara) 
‚Ç¶2,100,000/ton‚óΩ

‚úÖBeans (Brown) 
‚Ç¶2,270,000/ton‚óΩ https://t.co/GqPNGUCfNv",Tue Jul 23 06:23:56 +0000 2024,170,190
8,Jhaytermax Integrated Enterprise,"*WEDNESDAY, 4th September 2024// WEEK 36. JHAYTERMAX ‚Äî Farmer's Market price list update: Per TON*

üìçBASE: TARABA STATE, NIGERIA. 

*see footnotes

‚úÖBambara Nut (Okpa) 
‚Ç¶2,400,000/ton‚óΩ

‚úÖBeans (Akara) 
‚Ç¶2,160,000/ton‚óΩ

‚úÖBeans (Brown) 
‚Ç¶3,360,000/ton‚óΩ https://t.co/PJbScgYxZb",Wed Sep 04 06:40:06 +0000 2024,173,181
9,Business Watch,"Rosecoco is retailing at a uniform price of 8,820 shillings in both Nairobi and Mombasa.

The average price of a 90 Kg bag of beans mwitemania across markets surveyed by Sokodirectory is 7,515 shillings.
https://t.co/k23EaAUEad #SokoNews 

üì∑ courtesy https://t.co/b91lYyUmjq",Tue Jan 28 12:04:45 +0000 2020,0,3
10,Jhaytermax Integrated Enterprise,"*MONDAY, 3rd JUNE 2024// WEEK 23. JHAYTERMAX ‚Äî Farmer's Market price list update: Per BAG*

üìçBASE: TARABA STATE, NIGERIA. 

*see footnotes 

‚úÖBambara Nut (Okpa) 
[W-A: 90kg]
ü™£: 25
‚Ç¶148,000/bag‚óΩ

‚úÖBeans (Akara) 
[W-A: 85kg]
ü™£: 26 
‚Ç¶148,000/bag‚óΩ https://t.co/ONIJTOzRJx",Mon Jun 03 05:47:39 +0000 2024,110,134
11,Jhaytermax Integrated Enterprise,"*MONDAY, 8th JULY 2024// WEEK 28. JHAYTERMAX ‚Äî Farmer's Market price list update: Per BAG*

üìçBASE: TARABA STATE, NIGERIA. 

*see footnotes 

‚úÖBambara Nut (Okpa) 
[W-A: 90kg]
ü™£: 25
‚Ç¶185,000/bag‚óΩ

‚úÖBeans (Akara) 
[W-A: 85kg]
ü™£: 26 
‚Ç¶175,000/bag‚óΩ https://t.co/Dk9dH0t9WB",Mon Jul 08 06:24:32 +0000 2024,143,162
12,Jhaytermax Integrated Enterprise,"*MONDAY, 29th JULY 2024// WEEK 31. JHAYTERMAX ‚Äî Farmer's Market price list update: Per BAG*

üìçBASE: TARABA STATE, NIGERIA. 

*see footnotes 

‚úÖBambara Nut (Okpa) 
[W-A: 90kg]
ü™£: 25
‚Ç¶178,000/bag‚óΩ

‚úÖBeans (Akara) 
[W-A: 85kg]
ü™£: 26 
‚Ç¶160,000/bag‚óΩ https://t.co/AeWJoRSlSR",Mon Jul 29 06:36:58 +0000 2024,159,173
13,Made In Kenya,"A 90Kg bag of beans is retailing highest in Kakamega at an average price of 9,635 shillings, while trading lowest in Nakuru at 6,043 shillings.
In Nairobi and Kajiado, consumers are paying an average of 7,283 shillings and 7,531 shillings respectively.
Follow us:@MadeInkenya_Ext https://t.co/QAKiuU8p2X",Mon Jul 04 07:02:39 +0000 2022,1,3
14,Business Watch,"A 90 kg bag of Beans Rosecoco is retailing at 7,650 shillings, lower than the price of 8,550 across most markets.

Eldoret: 90 kg bag of Rosecoco is retailing a price of 8,910, higher than Nairobi, Mombasa and Kitale.
https://t.co/k23EaAUEad #SokoNews 

üì∑ courtesy https://t.co/sOp3uYvodd",Tue Jan 28 12:03:11 +0000 2020,1,1
15,Getrude,"The average price of Beans Rosecoco across major towns in Kenya is 8,080 shillings per 90Kg bag, which is the highest market price among all bean types available in the Kenyan market https://t.co/ahe1tVLIdr #SokoNews https://t.co/sP92wfjYTN",Wed May 15 08:49:41 +0000 2019,0,1
16,Cape Coffee Beans,Our friends at @QuaffeeSA are making room for a new Kenyan. Grab the last of their current one at a discounted price https://t.co/3m1rPC4AvM https://t.co/GhghfMiw1E,Thu May 17 10:30:01 +0000 2018,1,1
17,Kiluuks‚ô°,"Yummyyy
I have 5 pieces left. 
Rice beans @ 150 kes
DM or call 0701353202 https://t.co/IhviqZmX6J",Tue Oct 22 09:57:50 +0000 2024,129,358
18,Covid-19 Food/Future,"#KENYA- The economy seemingly starts to recover from #COVID19 as the price of key food commodities like flour, vegetables, and beans drop by a slight margin following Kenya‚Äôs monthly inflation rate dropped from 4.36% to 4.2% #Covid19FoodFuture @olareeh: https://t.co/IXlKbWgOqN https://t.co/TOM3kO9um0",Tue Oct 06 12:49:22 +0000 2020,10,18
19,Demi Farms,"Vanilla beans farming in kenya

Many farmers are not aware of the value of vanilla beans whose market prices range from at least Sh20,000 to Sh70,000 a kilo.

Get quality seedlings (vines) and guidance on growing one of the most expensive spices. https://t.co/u9QyVLsnig",Thu Dec 29 14:10:00 +0000 2022,56,236
20,China Xinhua News,"Some small-scale coffee farmers in Kenya have started processing their coffee to protect quality, aiming to get a share of premium export market where quality coffee beans fetch a premium price https://t.co/VJ4ojIqMus https://t.co/vRNw3kZp94",Sat Jun 06 14:06:37 +0000 2020,11,65
21,Kiluuks‚ô°,"Good morning kox..

I'm selling chapo beans today @ 150 kes per plate.

I will be in Nairobi cbd from 12:30 .....give me all your monies.

DM or call me on 0701353202 to place your order. https://t.co/AZuTGP8QnQ",Mon Nov 11 04:17:49 +0000 2024,251,538
22,GlobalFarmerNetwork,"Zambia now forbids its own farmers from earning a fair price for their labor and produce, presumably because it wants to keep the export-banned products affordable within its own borders. Read more here: https://t.co/aNnBrMqN4a @gkbor #Trade #Africa https://t.co/HvpRvscgu2",Sat Sep 11 13:30:03 +0000 2021,1,3
23,Gaitanus‚ÜóÔ∏è,"John Boyes; the man who claimed to have bought Mt. Kenya from the Kikuyu through Chief Wangombe in the early 1900s at the good price of 4 goats. He claimed to be the King of the Kikuyu. Nicknamed Karianjahi 'the eater of Turtle Beans' 

#AkuruMokuotExposed YOU ARE A MAN Mrima https://t.co/7sWIjDnDRu",Sat Oct 05 15:34:36 +0000 2024,5,20
24,eHaho,"Crop: Red Beans
Quality: Grade A Organic 
Quantity: 500 tonnes
Price: 1325 rwf/kg
Location: Tanzania 

Hint: Negotiations available for large amounts 

Do you want to buy this produce? Please call or text us (WhatsApp) at +250 793 904 904 https://t.co/x87qdgbjH3",Wed Feb 12 09:21:21 +0000 2025,2,5
25,Tony Mugo,"@coachyawe @javahouseafrica @waithash When you hail from Mt Kenya like i do; you will want to understand the severe disconnect in the price of a coffee cup (or even roasted beans) &amp; farmers measly earnings. 

I taught myself the process that involved some drying sheets, frying pan &amp; 4,000 bob grinder. https://t.co/GSjp8rYj0G",Mon Jul 23 07:26:33 +0000 2018,0,1
26,"Hon. Abdul Haro (Kore)- MP, Mandera South",Things are getting desperate for pastoralists in northern Kenya. The drought is biting &amp; the pangs of hunger are hitting hard‚Ä¶ livestock farmers are forced by circumstances to feed their livestock on on cooked beans‚Ä¶ the price of Maize is inhibitive and scarce at the same time https://t.co/dpvETgdaxM,Tue Sep 13 18:01:31 +0000 2022,19,65
27,David Ndii,"@NiloHamite @DStv_Kenya @UKenyatta @codida @bonifacemwangi Who is ‚Äúwe‚Äù?  Farmers want best price for beans,  not where or by who it is processed. Italy consumes 220k tonnes, they need a lot of cheap coffees to get their ‚Äúsupermarket blends.‚Äù  We produce 45k expensive coffee which fetches best price sold as fresh roast.(see picture). https://t.co/cpMLP46bMP",Sat Sep 15 11:03:08 +0000 2018,39,81
28,Metropol TV Kenya,"A fall in the price of vegetables, maize flour, beans, kerosene, and cooking gas resulted in a slight drop in Kenyans monthly income rate to 4.2% in September.
#BusinessAM https://t.co/sZKcsGAw8M",Fri Oct 02 05:26:43 +0000 2020,2,2
29,Fostina Mani,"Price of beans continues to drastically fall, yellow beans reached record low of Ksh71($0.70)/kg in Nairobi, Kenya.  Yellow beans normally sell at Ksh90($0.89)/kg in Nairobi.https://t.co/XWNNq0jYNy https://t.co/QzgfOPiNl5",Wed Aug 15 08:28:56 +0000 2018,0,0
30,Soko Insights,"The average price of Beans Rosecoco across major towns in Kenya is 8,080 shillings per 90Kg bag, which is the highest market price among all bean types available in the Kenyan market https://t.co/J9eYDd0z1Y #SokoNews https://t.co/xUF7LzOho1",Thu May 16 08:59:45 +0000 2019,0,0
31,MAKARIOS J,"I went home and harvested my Beans, Now to the few Ruto Sycophants or rather the Handful Kenya Kwanza bloggers who used to say that Luos are demonstrating and not Farming will be the first to cry of Famine and Price of essential needs by next year, Chesa. https://t.co/PW1ME2Vbfx",Mon Dec 11 09:02:10 +0000 2023,0,0
32,big yinksüíî,"rice - 40 naira
spag - 20 naira 
beans - 10 naira
plantain - 10 naira
meat - 20 naira.

100 naira been dey buy food that year, we are finished.",Wed Oct 09 15:58:04 +0000 2024,1311,6805
33,Shawry üòç‚ù§Ô∏è,"NCPB is purchasing green grams and beans at a competitive price. Farmers should take advantage of that

PS PaulRono #KilimoBiasharaKE https://t.co/e0Yq8cFeGU",Thu Feb 08 14:59:27 +0000 2024,0,0
34,TSOGANG VUKANI AMKENI,"Today's prices according to SAFEX: 

Soya bean:   R8 800.00 / ton
Wheat:           R6 500.00 / ton
Sunflower:    R9 075.00 / ton 
Maize:             R4 055.00 / ton

How many tons of what are you selling today? ‚ò∫Ô∏è how many millions of rands are you collecting? ü§£ https://t.co/PiTZs10FJ8",Fri Aug 11 09:57:49 +0000 2023,67,207
35,FSD Kenya,"Due to #Covid19pandemic, many households are likely to be earning reduced incomes thus the price of basic foods such as dried beans &amp; maize are likely to have a large impact on people's ability to feed themselves.
https://t.co/Ukfxiz596P

#KomeshaCorona #Covid19DiariesKenya https://t.co/oRigkpIcEZ",Thu Apr 23 13:36:06 +0000 2020,3,1
36,Soko Insights,"For instance, Kenya‚Äôs fine Arabica beans grown at high elevation near Mount Kenya are prized by coffee connoisseurs
https://t.co/1sTyaMTUvg
#SokoUpdates https://t.co/5zAz6bGFg3",Thu Jun 21 06:50:00 +0000 2018,0,0
37,Sokodirectory.com,"For instance, Kenya‚Äôs fine Arabica beans grown at high elevation near Mount Kenya are prized by coffee connoisseurs https://t.co/rjFnpMUXW7 #SokoUpdates https://t.co/6SbRQ6U79M",Thu Jun 21 06:43:50 +0000 2018,0,0
38,Anafrica Kenya,"Advantages of using a rice cooker
 1. Make a hot breakfast.
 2. Steam vegetables.
 3. Make risotto without stirring.
 4. Slow-cook soups, beans, or stews.
 5. Poach fruit.
 
 Get this and other household appliancesat an affordable price only at Anafrica. https://t.co/U2FsUxrTKX",Mon Nov 19 08:28:26 +0000 2018,0,0
39,FootballClips,"Kenya‚Äôs food prices are on the decline, with maize, beans, and peas seeing significant price reductions. A 2kg packet of maize is now retailing at KSh124, down from KSh176 a year ago. #CabinetBrief Delivering The Plan https://t.co/1FzGNq6e9p",Thu Nov 14 17:33:43 +0000 2024,0,0
40,Soko Insights,"The price of maize in Nairobi remains 2,500 shillings for a 90-kilogram bag, as the Kenya National Cereals Board continue to buy maize at 2,300 shillings for the same 90-kilogram bag in Kitale.
https://t.co/93KEHFvlwI
#SokoNews https://t.co/9NU65XMUEf",Tue May 08 11:50:00 +0000 2018,0,0
41,Soko Insights,"The average price of Beans Rosecoco across major towns in Kenya is 8,080 shillings per 90Kg bag, which is the highest market price among all bean types available in the Kenyan market https://t.co/J9eYDd0z1Y #SokoNews https://t.co/qtlW4NyklS",Wed May 15 09:14:50 +0000 2019,0,0
42,Anafrica Kenya,"Advantages of using a rice cooker
 1. Make a hot breakfast.
 2. Steam vegetables.
 3. Make risotto without stirring.
 4. Slow-cook soups, beans, or stews.
 5. Poach fruit.
 
 Get this and other household appliancesat an affordable price only at Anafrica. https://t.co/Shw7EM0fqD",Tue Nov 13 07:36:41 +0000 2018,0,0
43,Bob GOYA,A can of beans that used to cost $0.99 is now $1.50‚Äîan alarming 50% increase due to the current administration‚Äôs policies. This isn‚Äôt just a number but a reflection of how man-made #inflation is driving us into poverty and eroding our standard of living. https://t.co/T43H8lVFhN,Tue Sep 17 14:31:35 +0000 2024,4234,12003
44,Asafa Abdulwasii,"The bag of beans that was sold for N170k to N200k a few months ago is now going for N70k to N90k.

I know some agents of Agbotikuyo won‚Äôt be happy about this‚Ä¶ When farmers feel safe to go to their farms, prices will continue to drop.

 Nuhu Ribadu is doing a great job https://t.co/J04HuBEcvb",Sat Feb 08 12:42:30 +0000 2025,278,1326
45,Graeme Lawton,"Adverse weather conditions in Kenya are driving the price of tenderstem, fine beans and mangetout up coinciding with a UK PSB shortage which is affecting the cost. Alternatives may be a better option ü•¶",Fri Dec 13 11:04:44 +0000 2019,1,3
46,Sokodirectory.com,"The average price of a 90 Kg bag of beans mwitemania across markets surveyed by Sokodirectory is 7,515 shillings.

Likewise, for the mwitemania variety, Kitale has the lowest price where a 90 kg bag is going for 6,300 shillings. https://t.co/wPXP43DzJI #SokoNews https://t.co/c2QIvwTC5T",Tue Jan 28 12:13:22 +0000 2020,0,1
47,üíå,"what #Minho was holding is @Fortnums 
Akbar Blend Ground Coffee Tin

Price: ¬£12.95 | 15.47$ (aprox. 20,096‚Ç©) 

https://t.co/nTlsmkl1kA

One of Fortnum‚Äôs oldest blends, Arabica beans from Colombia, Kenya, Brazil and Ethiopia is medium-roasted combo for mellow flavour toasty notes https://t.co/VSWGduGAoI",Thu Jul 07 06:06:44 +0000 2022,10,28
48,Sokodirectory.com,"The price of maize in Nairobi remains 2,500 shillings for a 90-kilogram bag, as the Kenya National Cereals Board continue to buy maize at 2,300 shillings for the same 90-kilogram bag in Kitale https://t.co/tdpi9VubjH #SokoNews https://t.co/umo7FfbiZC",Tue May 08 10:53:33 +0000 2018,0,0
49,Tel aviv,"Thanks  President @WilliamsRuto  for reducing  price of fertiliser  from ksh 7500 to ksh 3500 this year,we cultivated  10 acres Rosecoco  beans..from 2 acres last year this is real initiative  of bringing  down cost of food stuff and job creation  through  farming God bless kenya https://t.co/EoXCEgldoI",Tue May 09 06:46:06 +0000 2023,0,0
50,SokoAnalyst,"The average price of Beans Rosecoco across major towns in Kenya is 8,080 shillings per 90Kg bag, which is the highest market price among all bean types available in the Kenyan market. https://t.co/ckC44fLaFc #SokoNews https://t.co/BKKw0kYxiy",Wed May 15 10:59:58 +0000 2019,0,2
51,H.E President William Ruto (Commentary),"Dear Kenyans, here's a reminder: 

‚Ä¢ 1Kg Sugar is Khs 110 frm 240

‚Ä¢ Dollar is Khs 129 frm 160

‚Ä¢ 6kg Gas is Kshs 1000 frm 1500

‚Ä¢ 1L cooking oil is Kshs 200 frm 400

‚Ä¢ 2kg unga is Kshs 97 frm 230
        
‚Ä¢ Fertilizer is Kshs 2500 frm 7000

President Ruto listens to all. https://t.co/yJBAy8u3hl",Mon Feb 10 04:01:55 +0000 2025,116,1289
52,Sokodirectory.com,"Rosecoco is retailing at a uniform price of 8,820 shillings in both Nairobi and Mombasa.

Rosecoco (Nyayo) or Kenya‚Äôs kidney beans are the most preferred variety by consumers. https://t.co/wPXP43DzJI #SokoNews https://t.co/Fc6bS0v1BB",Tue Jan 28 12:12:36 +0000 2020,0,0
53,Covid-19 Food/Future,"#Kenya How has #Covid19 affected price and markets in food access?  

üçÖThe price of a 1 KG of onions rose by 21.8 %  
üçÖTomatoes by 15 % while a KG of beans
was 10.9 % higher. 

https://t.co/zQsvHG7PBu #Covid19FoodFuture @sharonjcheboi",Fri Jun 05 13:46:01 +0000 2020,4,6
54,Hopewell Chin‚Äôono,"Prices continue to spike in Zimbabwe with a tin of local beans now costing Z$5,820 today from Z$4,000 over the weekend.

Zimbabwe‚Äôs inflation is the highest in the world with the last recording last week at 666%.

The economy has collapsed due to corrupt rule and failed policies! https://t.co/3OaKJia8S4",Mon May 22 11:51:09 +0000 2023,197,567
55,Sokodirectory.com,"A 90 kg bag of Beans Rosecoco is retailing at 7,650 shillings, which is much lower than the average price of 8,550 shillings across most markets. https://t.co/wPXP43DzJI #SokoNews https://t.co/KcPOdwsYqy",Tue Jan 28 12:11:25 +0000 2020,0,0
56,Kiluuks‚ô°,"Good morning fam. 
Leo napika carrot rice na beans(nitaweka peanut cream) 

I'll be selling at 150 kes 

DM or call me on 0701353202 to order.
( Payment is on order)

I'll be in Nairobi cbd from 12 noon inshallah.",Tue Oct 29 05:33:40 +0000 2024,185,297
57,Jhaytermax Integrated Enterprise,"*SATURDAY, 15th FEBRUARY 2025// WEEK 07. JHAYTERMAX ‚Äî AGRO COMMODITIES PRICE LIST UPDATE: Per BAG*

üìçBASE: TARABA STATE, NIGERIA. 

*see footnotes 

‚úÖBambara Nut (Okpa) 
[W-A: 90kg]
ü™£: 25
‚Ç¶179,000/bag‚óΩ

‚úÖBeans (Akara) 
[W-A: 85kg]
ü™£: 26 
‚Ç¶110,000/bag‚óΩ https://t.co/W3CssXZPpk",Sat Feb 15 06:51:47 +0000 2025,18,26
58,Sokodirectory.com,"Beta Grains quoted the price from the Ministry of Agriculture on Monday at 4,320 shillings for a 90-kilogram bag of dry maize in most towns in Kenya. https://t.co/65LP0PMazZ #SokoNews https://t.co/wIfIEBwGms",Tue May 05 07:00:40 +0000 2020,0,0
59,Aliyu ATK,"2 December 2024
Pambegua Market, Kubau LG, Kaduna state.

Commodities and price per bag

Cereal Maize (garan-gajiya) ‚Ç¶57,000
Maize Hybrid ‚Ç¶64,000 
Red Maize ‚Ç¶62,000 
Guinea corn (Dawa)  ‚Ç¶61,000 
Soybeans  ‚Ç¶108,000 
White beans (ZAFA): ‚Ç¶115,000
White beans (Iron): ‚Ç¶125,000 https://t.co/2VTxzVzUAI",Mon Dec 02 14:57:32 +0000 2024,120,316
60,St. Augustine Record,"The business has two missions. The first is to give Kenyan farmers a better price for the raw beans. The second: to use some of the company's profits to help their native communities. And just to top it off, serve some quality coffee, too! https://t.co/UWeMxd475p",Thu Jul 08 11:00:00 +0000 2021,2,1
61,Anafrica Kenya,"Advantages of using a rice cooker
 1. Make a hot breakfast.
 2. Steam vegetables.
 3. Make risotto without stirring.
 4. Slow-cook soups, beans, or stews.
 5. Poach fruit.
 
 Get this and other household appliancesat an affordable price only at Anafrica. https://t.co/bKPMYlcMY8",Mon Oct 08 15:16:29 +0000 2018,0,0
62,SokoAnalyst,"The price of maize in Nairobi remains 2,500 shillings for a 90-kilogram bag, as the Kenya National Cereals Board continue to buy maize at 2,300 shillings for the same 90-kilogram bag in Kitale. https://t.co/XSUdl4kzSF #SokoNews https://t.co/yhaXOHMVch",Tue May 08 12:04:33 +0000 2018,0,0
63,USAID's Kenya Investment Mechanism,#News Coffee price jumps 75pc on high quality beans - Coffee prices at the weekly Nairobi auction have risen 75 per cent since the first sale of the year following an increase in high quality beans. The average price of a 50-kilo bag rose to a high of... https://t.co/eq2wyMAyaF,Thu Feb 22 09:15:52 +0000 2018,2,2
64,Sokodirectory.com,"In Eldoret a 90 kg bag of Rosecoco is retailing a price of 8,910 shillings, which is the highest price as compared to markets in Nairobi, Mombasa and Kitale. https://t.co/wPXP43DzJI #SokoNews https://t.co/DDeLdMxKjf",Tue Jan 28 12:11:56 +0000 2020,0,0
65,Asaba James,"Planted these beans 16 days before Lockdown, these are the harvests now ü§ó. Over 160kgs, price 4,000/= per kg around Buloba https://t.co/WSwFxLNsCs",Tue May 26 07:43:56 +0000 2020,111,498
66,Mkulima Young,"Are you supplier of Soya beans?

A buyer in Nairobi is looking for 30,000 tones  a price of 620 dollars per tone.

To supply or sell soya beans in Kenya, click on this link to contact the buyer https://t.co/ZTQchG2js7 #MkulimaYoung",Sat Aug 07 09:24:46 +0000 2021,1,4
67,Jhaytermax Integrated Enterprise,"*WEDNESDAY, 12th FEBRUARY 2025// WEEK 07. JHAYTERMAX ‚Äî AGRO COMMODITIES PRICE LIST UPDATE: Per BAG*

üìçBASE: TARABA STATE, NIGERIA. 

*see footnotes

‚úÖBeans (Kampala Honey) 
[W-A: 90kg]
ü™£: 26+ 
‚Ç¶125,000/bagüî∫

‚úÖRice (Brown /Wajila)
[W-A: 100kg] 
ü™£: 26 
‚Ç¶140,000 /bagüîª https://t.co/eOwqSKHsvx",Wed Feb 12 06:51:47 +0000 2025,45,52
68,oseni rufai,A kilo of beans in June 2023 was over 600 Naira today its over 2000,Sun Jul 28 06:14:40 +0000 2024,715,1755
69,Prie_Nomthee‚òï,"@reeyah_sa R150, R98for this combo, then R20 electricity, R30 for 2 tins of Rhodes baked beans https://t.co/v7s3vY50pi",Sun Feb 16 07:48:03 +0000 2025,0,0
70,Celebrity Tailor,"Beans is now 700 naira for derica , akara is now 3 tiny pieces for 50 naira, just to drink ordinary Garri you will spend 200 naira, no jobs, no salary increase, no thriving economy for entrepreneurs....
It is  so clear to the world that buhari has mismanaged Nigeria.",Thu Jul 08 07:16:13 +0000 2021,531,860
71,Dana Alexander,"@ThanyiaMoore We were eating ""French Beans"" grown in Kenya and the were same price as a tray of chicken.",Wed May 24 07:54:50 +0000 2023,0,1
72,Billy The GOAT,"5 USD = 765 KES

2 sausages at 5 USD 
2 Sausages at 765 KES

Value pack ya 26 sausages = 700 KES https://t.co/jvzRUND4TM",Wed Nov 29 08:16:11 +0000 2023,545,1263
73,Farmgain Africa,"#maize price increased in Kampala markets from Ugx.400/kg previously to Ugx.430/kg.The 2018A seasonal maize prices were uniquely low at Ugx.380-390/kg in Kampala. 
At Busia produce hub, the volume of maize and beans crossing to Kenya declined. visit https://t.co/Hh5D9aLvJ0",Wed Oct 10 06:55:49 +0000 2018,0,0
74,Ezekiel Mureithi,"In this country of ours nothing is working. High taxes, crazy fuel price,  anga housing levy, we are happily married to blackouts nowü§¶üèº‚Äç‚ôÇÔ∏è

The only people happy in Kenya are sagana tugege who were given a plate of rice beans and a few pieces of meat.
Dedan Kimathi would be ashamed",Tue Aug 29 16:59:03 +0000 2023,0,0
75,Premier,Buhari takes the price of a bag of beans from 15k to 100k in 6 years.,Tue Oct 05 09:45:53 +0000 2021,2395,5052
76,Breaking News,[BUSINESS] Coffee price jumps 75pc on high quality beans: Coffee prices at the weekly Nairobi auction have risen 75 per cent since the first sale of the year following an increase in high quality beans. https://t.co/0MI4qBW5hS,Wed Feb 21 19:35:09 +0000 2018,0,0
77,Kenya Export Promotion and Branding Agency,"#KahawaYetuUchumiWetu
The price of Kenya‚Äôs coffee continues to decline at the auction as the market grapples with lower quality supplies. Lower quality beans have been streaming into the auction even as the quantities supplied remain low.
https://t.co/khwXrqq7N1",Fri Sep 18 07:33:03 +0000 2020,0,2
78,Shi Mutaleüáøüá≤,"Mwisho, the cost of eating potatoes has escalated from K99.99 in January to an astonishing K219 in May.

This is for a 10kg kasaka.

How will people feed families and manage to make salads by december on christmas day? https://t.co/WpyyGRXR6r",Wed May 15 11:31:52 +0000 2024,48,405
79,Daniel Regha,"A painter of brown beans is now  N5,000, while a cup sells for N270. Thank you Nigerian politicians....",Thu Mar 21 19:01:03 +0000 2024,79,1089
80,Getrude,"In Kenya, beans are not just beans. Consumers know their beans‚Äô variety and preference. If you have beans in your store, especially Rosecoco, this is the perfect time to make millions because the highest price of a 90-kg bag is averagely retailing at 11,600 shillings #SokoNews",Mon Oct 26 16:08:20 +0000 2020,0,0
81,SokoAnalyst,"A 90-kg bag of Mwitemania beans, on the other hand, has the following market prices in selected towns across the country: Sh.7,650  in Eldoret, Sh.7,000 in Nairobi, Sh.6,300 in Kitui, Sh.5,500 in Nakuru, Sh.5,300 in Mombasa and Sh.4,800 in Kitale https://t.co/Fsu1pUbfM3 #SokoNews https://t.co/NjGMXTeWuI",Wed Feb 28 09:54:08 +0000 2018,0,2
82,NTV Kenya,"Schools hit as 50kg bag of beans soars to KES 20,000 in Nandi

Due to the high cost of living, school suppliers have also issued tough conditions to schools.

https://t.co/OPT1JRdS4n https://t.co/RMm1Ngjuz6",Tue Jun 06 08:04:06 +0000 2023,183,1026
83,„Äåuroboros'„Äç,"if you want to sell your coffee beans, let me know this:
1. price/kg
2. type of beans
3. where is it from( region name like sipi, elgon)
4. harvest time(when did the coffee beans harvested)
5. transportation(how to transport the beans from village to there)
#Kenya  #uganda",Sat Jun 04 19:38:02 +0000 2022,0,1
84,Mary Price,"@LizWebsterSBF @waitrose The last time I look at beans out of season they came from Kenya, we were still in the EU then. Why don‚Äôt you eat veg in season.",Sat Dec 16 22:53:08 +0000 2023,0,0
85,Naivas Supermarket,"Baked beans are a source of protein &amp; are high in fibre. They may be eaten hot or cold &amp; straight from the can, as they are fully cooked. Grab some from your nearest Naivas outlet.

#MamboTick ‚úì
*Valid until 11th October 2022
*Promo price applies to purchase limits countrywide",Mon Oct 10 08:34:31 +0000 2022,2,3
86,The Peninsula Qatar,"Kanampiu spent four years building a business in #SpecialityCoffees as the price of basic beans fell, only to see the cafes he supplies cancelling their orders due to #coronavirus lockdowns. #Kenya 
https://t.co/OWkUKuOaON",Thu Apr 09 18:30:00 +0000 2020,0,1
87,A. Ayofe,"UPDATE: Today is another market at Mufty/Islamic Market in iwo Osun State which makes it 7th Market since inception. Despite rising prices elsewhere, the market is maintaining its prices. Current prices include:

- Red beans (drum): ‚Ç¶3200 per congo 
- White beans (big size): https://t.co/Q4KZjvMkdA",Thu Aug 15 06:52:07 +0000 2024,75,313
88,Getrude,"@sokodirectory A 90 kg bag of Beans Rosecoco is retailing at 7,650 shillings, which is much lower than the average price of 8,550 shillings across most markets https://t.co/RpvNkJ2AzH #SokoNews",Tue Jan 28 11:43:32 +0000 2020,1,0
89,Impact Africa Consulting Limited (IACL),"The value of Kenya‚Äôs coffee edged up 1Ô∏è‚É£3Ô∏è‚É£ % in last week‚Äôs trading helped by quality beans and a price surge at the New York Coffee Exchange

#Coffee #Exports #Kenya #Trades 

https://t.co/4vazFqe3IR",Tue Oct 22 11:00:11 +0000 2019,1,3
90,Mallam jabir,"Commodity prices update, gradually things are going back to where they came from.

Maize: ‚Ç¶52,000‚Äì‚Ç¶54,000

Sorghum: ‚Ç¶52,000‚Äì‚Ç¶54,000

Soybeans: ‚Ç¶88,000‚Äì‚Ç¶90,000

White Beans (Zapa): ‚Ç¶96,000‚Äì‚Ç¶97,000

White Beans (Misra): ‚Ç¶95,000‚Äì‚Ç¶96,000

Small White Beans: https://t.co/0qyHx25uWb",Mon Feb 17 07:37:11 +0000 2025,21,65
91,Dr. Chinonso Egemba,"Beans was regarded as the ""poor man's food"" now a bag of beans is ‚Ç¶100000.",Tue Oct 05 11:20:56 +0000 2021,1556,5885
92,"OBIARAERI, Nnaemeka Onyeka.","Bag of Beans is now N136,000. Bag of Rice is now N76k. Please when are they releasing the grain reserve ?",Sun Feb 18 09:57:03 +0000 2024,142,233
93,inCognito,"Nilikula hio maharagwe ya Ocha jana Ile inakuwaga na supu dark achana na yellow beans.

Sasa kitu nmeamka nayo n bidii. Kumanufacture gas ju ya gas.

Who is the greatest Gas cartel in Kenya? 

Mwambie price of Gas going down ju hii Iko na subsidies.

Very nais",Thu Apr 20 05:51:26 +0000 2023,1,3
94,Kiluuks‚ô°,"Good morning kox..

I'm selling chapo beans today @ 150 kes per plate.

I will be in Nairobi cbd from 12:30 .....give me all your monies.

DM or call me on 0701353202 to place your order. https://t.co/C6xll04hXu",Mon Nov 25 05:18:54 +0000 2024,169,268
95,Bianca‚Ñ¢,"President William Ruto has performed exceptionally well, but if you're clouded by HATE , you can't see. The price of fertiliser went from KES 7500 to KES 2500; Unga went from KES 240 to less than KES 140; and the Kenyan shilling that many expected to hit KES 200 against the https://t.co/zppJ2l45Ja",Sun Jun 30 13:58:15 +0000 2024,97,461
96,Jumia Kenya,"@oops_18xx Hello @oops_18xx, thank you for choosing to shop with Jumia !

Please be informed that your preferred item is currently available at a discounted price of ksh 190.

Kindly click here https://t.co/cVFq81GJPE  to view the product.",Mon Apr 17 17:01:50 +0000 2023,0,0
97,Papa Ezie,@MutahiNgunyi How does this have to do with the price of beans? Kenya just experienced a peaceful transfer of power from a tyranny-in-chief to a hustler-in-chief....tutugithie,Mon Oct 03 23:52:51 +0000 2022,0,0
98,oseni rufai,Beans was 30k last year and now it‚Äôs 95k for a bag,Thu May 30 15:30:11 +0000 2024,474,1273
99,"Hussein Mohamed, MBS.","Unga prices have started going down just as President @WilliamsRuto had assured Kenyans over the weekend. Prices have dropped to Ksh159 and Ksh 160, depending on the millers. When the President assumed office last year, a 2kg packet was retailing at approximately Ksh230. https://t.co/x81FSaK4Zg",Mon Apr 17 12:26:17 +0000 2023,475,2682
100,Chinese Embassy in Kenya,#MADEINAFRICA¬†II: Madagascar produces nearly 80%¬†of the world‚Äôs commercial vanilla. The price for first-grade extraction of vanilla beans from the island hit $600 per kilogram in 2018.,Thu Aug 06 07:16:30 +0000 2020,5,4
101,SisiYƒómmi√©.com üå∂,"Paint bucket of beans is N9500
Paint Bucket of Garri N3500
Paint Bucket of Tatashe N7000
Paint Bucket of Tomatoes N7000
1 Yam N5000
1 kilo of Panla Fish N3500
1 kilo of Titus Fish N4400

I don‚Äôt know where we are going as a country because this is outrageous. #foodprices",Thu Jun 06 17:05:34 +0000 2024,295,400
102,Aisha Yesufu,"We bought 10 bags of 50kg beans for 135,000 in 2016
Today one bag of beans is almost 200,000

You want me to dance because Corpers are getting 70k that cannot transport them to their primary place of assignment",Mon Oct 21 18:43:00 +0000 2024,159,267
103,Jenn üíô,"@tighdave So relaxing.  If you're a fan of coffee make sure to bring some Kenya AAA beans home. The are trips to the local market/shops.  Makes super pressies too, it'll be a quarter of the price it is over here.  Also some of the shops sell Jamaican Blue Mountain too ü•∞",Sun Dec 05 15:36:51 +0000 2021,0,1
104,Harmless,"A paint of beans is now N12,000.

Please, if you can't afford beans, cook stones.

My friend in UK told me that Nigerian stones are rich in calcium.

Insh Allah, Tinubu must succeed.",Thu Jun 20 17:46:17 +0000 2024,593,1800
105,Jhaytermax Integrated Enterprise,"*THURSDAY, 13th FEBRUARY 2025// WEEK 07. JHAYTERMAX ‚Äî AGRO COMMODITIES PRICE LIST UPDATE: Per BAG*

üìçBASE: TARABA STATE, NIGERIA. 

*see footnotes 

‚úÖBambara Nut (Okpa) 
[W-A: 90kg]
ü™£: 25
‚Ç¶179,000/bag‚óΩ

‚úÖBeans (Akara) 
[W-A: 85kg]
ü™£: 26 
‚Ç¶110,000/bag‚óΩ https://t.co/LKrB1OqAjf",Thu Feb 13 06:41:40 +0000 2025,20,23
106,Brezh Malaba,"Is there anyone who doubts that HYPERINFLATION is back in Zimbabwe? In June, I was buying baked beans for 45 cents per tin. Today, look üëá https://t.co/QuLLxTTb6v",Sat Oct 28 07:45:22 +0000 2017,110,87
107,THEOBALD RWAMUGIRA,"Key insights on global vanilla prices.
#One(1)kg =$600USD

The global price of one(1)kg of vanilla beans in below countries:-
üìåTanzania üáπüáø=TZS.1,379,360
üìåKenyaüá∞üá™=KES.60,918
üìåUganda üá∫üá¨=UGX.2,246,960
üìåRwanda üá∑üáº=RWF.543,540
üìåBurundi üáßüáÆ=BIF.1,116,020
üìåDRC üá®üá©= CDF989,937",Thu Jun 13 21:29:38 +0000 2019,3,1
108,State House Spokesperson - Kenya,"Unga prices have started going down just as President @WilliamsRuto had assured Kenyans over the weekend. Prices have dropped to Ksh159 and Ksh 160, depending on the millers. When the President assumed office last year, a 2kg packet was retailing at approximately Ksh230. https://t.co/9eJh45CTBM",Mon Apr 17 12:28:47 +0000 2023,78,307
109,Adewale Annie,"@yabaleftonline It could be, I used to buy a Congo of beans before for N3200, now, it's N1900.",Tue Feb 11 12:14:19 +0000 2025,0,2
110,ArewaMan,"6th of the day. White Beans: ‚Ç¶113000‚Äì ‚Ç¶114000

7th grade. Rice: ‚Ç¶52,000 ‚Äì ‚Ç¶55000

8. Gero: ‚Ç¶63,000‚Äì‚Ç¶64,000

- Hafeez Sade

#LetsPromoteArewa https://t.co/uW5O18hp0E",Fri Feb 14 20:13:25 +0000 2025,1,1
111,Mallam jabir,"The Prices of Agricultural Produce in Giwa Market, Kaduna State Recently are as follows:

Maize: ‚Ç¶60,000‚Äì‚Ç¶61,000

Millet: ‚Ç¶60,000

Soybeans: ‚Ç¶97,000‚Äì‚Ç¶100,000

White beans (Zapa): ‚Ç¶110,000‚Äì‚Ç¶114,000

White beans (Misra): ‚Ç¶110,000‚Äì‚Ç¶111,000

Small white beans: https://t.co/v14mBhgTve",Fri Jan 10 06:04:01 +0000 2025,136,528
112,Seye Dele,"While we drop our think pieces on the candidacy for president in one of the world‚Äôs most developed countries, I went to Olaiya a few minutes ago cos I was craving beans and bread. 

One spoon of beans is N1,200 (used to be 200) and they sold bread for N700 (used to be 100). When",Sun Jul 21 18:32:29 +0000 2024,212,352
113,Nation Africa,"Before schools closed barely a month ago, head teachers were buying food at half the current market price. For example, a 50kg bag of sugar, which used to cost about Sh6,000, now sells for Sh11,000 while beans have shot up to Sh20,000 from Sh7,000 per bag.
https://t.co/j5yV94teuj",Tue Aug 29 15:00:02 +0000 2023,3,11
114,TheStarKenya,Farmers want the new Kenya Planters Cooperative Union to increase the price of coffee from Sh57 to Sh150. https://t.co/YWPuRqpVnw,Tue Mar 15 20:20:06 +0000 2022,1,8
115,Detrick,"1 month ago you could only get 30k beans for $8,000! üëÄ

Today they are on sale $1300 can get you 30k BEANS .ü´ò 

Financial Freedom is knocking on the door üö™ 

Will you open the door or hide around the corner waiting for the next time they come back ?",Sun Feb 16 18:52:30 +0000 2025,2,12
116,George,@Allyclay @Raw_Teach Was also surprised price of baked beans is more expensive in Kenya than London UK.,Mon Mar 28 20:00:58 +0000 2022,0,1
117,Dr Aloy Chife,"‚ÄúA cup of ·ªçgb·ªçn·ªç is N1,400 in the market.
I said, a cup and not mudu.‚Äù
Bag of Beans N135k.
Hardship. Insecurity. Everywhere.

No need to construct an ornate baroque architecture of lies and propaganda.

Brain dead left a mess. We know.
Tell Nigerians how you‚Äôre addressing it",Thu Apr 25 12:18:51 +0000 2024,958,1516
118,Samwel Wekesa,"@Gideon_Kitheka The 2,500 KSH price tag for fertilizer has transformed farming across the country. Farmers are now able to increase production, leading to a surplus of key food items like maize, beans, and wheat, and contributing to greater food security in Kenya.",Wed Dec 18 08:56:08 +0000 2024,1,1
119,Ivy,"In Eldoret a 90 kg bag of Rosecoco is retailing a price of 8,910 shillings, which is the highest price as compared to markets in Nairobi, Mombasa and Kitale. https://t.co/MR6XramRD0 #SokoNews",Tue Jan 28 16:51:00 +0000 2020,3,1
120,Charles Williams üáµüá∏ üáÆüá∂ üá∏üáæ üá∏üá© üáÆüá∑ üáæüá™,I have never purchase  from this brand as I was fully aware it was behind farmer in Kenya being able to get a higher price for their coffee beans.  The fact that  supports Apartied State of Israel just makes things worst.,Mon May 20 13:48:24 +0000 2024,0,1
121,"Robert ALAI, HSC","Bought gorogoro of groundnuts at Ksh 300 a few weeks ago. 

Now it‚Äôs Ksh 500 and above. 

Gorogoro of beans is Ksh 450 from Ksh 270 a few weeks ago. 

The pain they feel can‚Äôt be explained. @WilliamsRuto 

When I visit my shags, I must always buy from local traders. https://t.co/MuCsfupAxJ",Sun Feb 12 11:22:21 +0000 2023,71,786
122,Ivy,"The average price of a 90 Kg bag of beans mwitemania across markets surveyed by Sokodirectory is 7,515 shillings. https://t.co/MR6XramRD0 #SokoNews",Tue Jan 28 16:59:00 +0000 2020,0,0
123,Oluwaseun,"I got bread, beans, plantain and ponmo now for 2000

I used to buy 
Beans 50 naira 
Bread 100 naira
Plantain 20 naira 
Ponmo 20 naira 
Pure water 2 for 10 naira
= 200 naira 

Just before I left university",Mon Feb 17 07:40:45 +0000 2025,1,14
124,Ivy,"Rosecoco is retailing at a uniform price of 8,820 shillings in both Nairobi and Mombasa.

Rosecoco (Nyayo) or Kenya‚Äôs kidney beans are the most preferred variety by consumers 

https://t.co/MR6Xra5gLs #SokoNews",Tue Jan 28 16:56:00 +0000 2020,0,0
125,üáøüáºKwalazüáøüáº,"Beans dzemugaba $6:40,gore rino tichatodya dzemu brugwa chete.üòÇüòÇüòÇ

üòÇü§£üòÇü§£üòÇNdachibawo kuwhatsapp",Sun Jan 13 18:05:21 +0000 2019,16,266
126,TheStarKenya,"The findings attributed the high price to low local supplies following the below average 2023 short rains.
https://t.co/CSCwTNLD9I",Sat Jul 13 08:00:07 +0000 2024,0,11
127,Et Tu,"One basket of garri is now N4,000.

One milk cup of beans is N500. 

There's nothing low-key about this famine.",Sun Jun 02 06:53:13 +0000 2024,1010,1557
128,Nation Africa,"According to the report, families were reselling a bag of rice or beans they received from the government at Sh4,000, which the Auditor General said was below the market price.
https://t.co/0N85Fm4Pvm",Fri Feb 23 17:15:00 +0000 2024,0,5
129,Improving Incomes,"@mkulimayoung @rodgers_kirwa @IrriHub @ezrashedracks @ardyis_cta @unhabitatyouth @OlumideIDOWU @tzDiscovery @noor_abdul @Agri_FinanceKe @amiran_kenya want to link a number of  maize and wairimu beans farmers to a long term corporate buyer in Nairobi
Lots of  clean 12 tons per delivery. Revert with details and best price. Last nights chow is over. What financial model were created?",Fri Nov 22 14:26:05 +0000 2019,2,4
130,Kenya Export Promotion and Branding Agency,"#KahawaYetuUchumiWetu
The value of the Kenyan coffee declined by nine percent in this week‚Äôs trading. The decline is attributed to lower quality beans that are coming in from farms even as the quantities that are being supplied have remained low.

https://t.co/7ISSMjzw86",Thu Aug 20 12:05:00 +0000 2020,0,2
131,Kabaleega Enock Balwogeza Nkangirwa,"@salimsaleh_ug pl's reinstate activities of @OWC_ug, commodity price are high due to import of fruits Tomatoes, Soya Beans,orange,beans etc from Kenya.The presidential directive ending growing of rice in swamps without much focus on upland Rice,has increased import of rice,fr TZ.",Tue Mar 12 08:32:18 +0000 2024,0,6
132,The Nation Nigeria,"Before this administration came to power in 2015, the price of a bag of rice was N8,567; now the price is N27,000. A bag of beans sold for N23,000 now it sells for between N40,000 to N50,000.  https://t.co/9Ao7e2HUZY @MBuhari",Fri Mar 04 23:16:09 +0000 2022,235,205
133,Ivy,"A 90 kg bag of Beans Rosecoco is retailing at 7,650 shillings, which is much lower than the average price of 8,550 shillings across most markets. https://t.co/MR6Xra5gLs #SokoNews",Tue Jan 28 16:48:00 +0000 2020,0,0
134,L. J. Lucier,"@drdave1999 Don the Con, in '24 campaign: ""When I win, I will immed'ly bring prices down."" This bullshitter hasn't done jack to lower prices. Right now: Bush's beans 8 oz at $2.19! K's raisin bran 16 oz at $5.49!",Wed Feb 12 19:16:40 +0000 2025,0,1
135,Martin Okorowu,"A bag of beans that was sold for N170k to N200k a few months ago is now going for about N70k to N90k.

Foreign Rice now N64k a bag while Nigerian Rice N57K. Put call!",Sun Feb 09 12:26:45 +0000 2025,481,3121
136,SokoAnalyst,"Beans Rosecoco emerged the most expensive type of bean with a 90 Kg bag retailing at an average price of 8,567 across markets. https://t.co/fF3IS7gCqp #SokoWeekend",Sat Mar 21 07:16:17 +0000 2020,0,0
137,Ndukwe Wisdom,"You no go die well, may incurable sickness befall everyone around you for choosing to mock the dying poor masses of Nigeria with lies and misinformation.

One bag of rice is still sold at 120k 
Fuel is still 1200
One bag of beans is roughly 200k

May all ur children never make it",Sat Feb 15 17:00:36 +0000 2025,3,4
138,Jhaytermax Integrated Enterprise,"‚úÖBeans (Kampala Honey) 
[W-A: 90kg]
ü™£: 26+ 
‚Ç¶125,000/bag‚óΩ

‚úÖBeans (Patapsco) 
[W-A: 85kg]
ü™£: 26
‚Ç¶115,000/bag‚óΩ",Thu Feb 13 06:43:03 +0000 2025,0,0
139,Jhaytermax Integrated Enterprise,"‚úÖBeans (Kampala Honey) 
[W-A: 90kg]
ü™£: 26+ 
‚Ç¶125,000/bag‚óΩ

‚úÖBeans (Patapsco) 
[W-A: 85kg]
ü™£: 26
‚Ç¶115,000/bag‚óΩ

‚úÖCassava Alabo(Fermented/Dried) 
[W-A: 60kg]
ü™£: N/A 
‚Ç¶34,000/bagüî∫

‚úÖCassava Chips (Dried)
[W-A: 50kg]
ü™£: N/A 
‚Ç¶27,000/bag‚óΩ",Sat Feb 15 06:52:25 +0000 2025,0,0
140,Soko Insights,"If you have Beans in your store, then it is time to make a killing because of the highest price. Beans farming in Kenya is not as common as maize. However, it is one of the most commonly grown crops in Kenya ~Soko Directory 

https://t.co/bpZHiPZjCG",Thu Feb 09 08:02:29 +0000 2023,0,0
141,Soko Insights,"Rosecoco is retailing at a uniform price of 8,820 shillings in both Nairobi and Mombasa.

Rosecoco (Nyayo) or Kenya‚Äôs kidney beans are the most preferred variety by consumers https://t.co/D1DZUAFlXI #SokoNews",Tue Jan 28 12:04:06 +0000 2020,0,0
142,Juma G üá∞üá™,"A kilogram of beans in 12 months to July went up by 32.7%. In most parts of the country, the product retailed between 300 and 500 shillings for a 2-kilogram tin. The price went down by 2 percent during the harvest but skyrocketed again. https://t.co/ybXcUZy017",Mon Sep 04 08:34:53 +0000 2023,0,0
143,L. J. Lucier,@JazzyJ87283918 This ü§° isn't doing jack about grocery prices. 8 oz Bush's beans at $2.19. 16 oz K's raisin bran at $5.49.,Thu Feb 13 00:45:58 +0000 2025,0,0
144,Kenyans.co.ke,"Once approved for commercialisation, the item will trade at Ksh35, factoring in the cost of producing a kilogram of the flour (Ksh23 per kilo) plus other expenses.

https://t.co/xoiqqUC988",Mon Apr 24 14:14:26 +0000 2023,200,1402
145,Iftiin FM Kenya,"High prices of food pushed up the rate of inflation to a five-year high of 8.3 percent. This month, there were notable increases in the price of carrots, maize, rice, beans, sukuma wiki and soap that contributed to the rate of inflation rising.",Sat Jul 30 06:55:39 +0000 2022,0,0
146,Songhai Advisory,"An interesting article by @NationAfrica on why coffee farmers in #Kenya have missed out on a global price boom. Key factors include operational inefficiencies, a lack of scale &amp; lower quality beans. A proposed law regulating the sector has yet to be passed https://t.co/WtmiAhDobP",Mon Jan 10 11:31:19 +0000 2022,0,0
147,Daniel Nyagwara,@ntvkenya So a kilo of coffee beans goes for about 324/= Kenya Shillings. Which other commodity has the highest price in Kenya per unit? Horticultural sector earned billions in 8 months. Why then can the government enhance agricultural production and stop these unnecessary loans?,Tue Nov 13 18:50:53 +0000 2018,0,0
148,Richard|#Payments#KOY#Politics inüá™üá∫üá¨üáßüá∞üá™üá∫üá¨,@Eyeswideopen69 In 2010 the airfreight costs for a kg of French beans from Kenya we're $3.50 plus handling charges.  The farm gate price was 18p a kilo.  Landed price we're in the region of $9.,Mon Feb 01 03:53:13 +0000 2021,0,3
149,Hatmah Nalugwa Ssekaaya,"100k;
Maize flour - 10kgs = 15k.
Dried beans - 5kgs = 14k.
Sugar - 5kgs = 15k.
Salt - 2kgs = 3600.
Charcoal = 40k.
Kimbo = 5k.
Onions = 3k.

Melt the Kimbo. Add the chopped onions and make ""Appeta"". Use the appeta to add to the boiled beans. Enjoy the 42 day lockdown!",Sun Jun 20 16:50:20 +0000 2021,84,551
150,Good_people.,"Rosecoco is retailing at a uniform price of 8,820 shillings in both Nairobi and Mombasa.

Rosecoco (Nyayo) or Kenya‚Äôs kidney beans are the most preferred variety by consumers.

#SokoNews 
https://t.co/6fShC5IHS8",Tue Jan 28 12:56:05 +0000 2020,0,0
151,Kingdom Rice Uganda,@nbstv Price of beans have increased. Major exports are happening to kenya as theres is a shortage there. The Govt should seriously consider a massive agriculture boost otherwise prices will get out of control in a few months time,Wed Apr 15 21:18:43 +0000 2020,0,1
152,Outside The Marginals,"That would highlight the scale of problems at an individual level!

What is the C price of
- getting me my runner beans from Kenya?
- scrapping my diesel car early and buying electric?

#askCCAG #CCAG",Thu Sep 30 11:24:16 +0000 2021,0,0
153,Major General Ezeaka Chidozie Ishola Buharideen,"This time last year, a bag of beans was N43,000 but today is N13,000.

A bag of Gari was N15,000 and today is N7000. It‚Äôs @MBuhari's doing!

#webelieve!üá≥üá¨

@Ayourb @Victoria_NGR @segilolaa @iyaboawokoya @Zahrahmusa @haruna_braimoh @OfficialAPCNg @SusanHenshaw50 @MrLekanAdigun",Wed May 22 21:37:38 +0000 2019,105,208
154,Soko Insights,"In Kenya, beans are not just beans. Consumers know their beans‚Äô variety and preference. If you have beans in your store, especially Rosecoco, this is the perfect time to make millions because the highest price of a 90-kg bag is averagely retailing at 11,600 shillings #SokoNews",Mon Oct 26 16:11:05 +0000 2020,0,0
155,OMOTAYO Of Lagos üí•,"A bag of beans is now 100k, 3 months ago, one derica of beans was 300, todays its 800 naira... if you are still among those who are using VPN to defend Buhari, is God that will punish you",Tue Oct 05 08:11:25 +0000 2021,197,404
156,Aremo Amororo,"@HAHayatu @SundayDareSD Bought two types of beans today at rate of N1,300 and N1,600 per derica in Lagos.

May the price of essential commodities keep crashing before Ramadan begins.",Fri Feb 14 21:14:52 +0000 2025,0,0
157,Career Roach,"If I was a representative of a coffee growing region in Kenya, I'd cap the price at atleast a 100 then from there put 85% percentage earning from auction price. Either that or make unga out of coffee beans or even feed the birds.",Thu Jan 03 17:38:05 +0000 2019,0,1
158,Ryan üî•,"This is how much a fine #breakfast costs for 4 in #Zimbabwe :

2 loaves of Bread : $2.80
1 tin of baked beans : $2.30
4 eggs : $2.00
1 onion : $0.45
3 tomatoes : $1.00
Potatoes : $2.60

Total : $11.15

Just for one mealüôåüôåüôåüôåüôå",Sat Nov 10 05:22:46 +0000 2018,36,183
159,Janet,"The price of food will go up soon but not because of #Brexit worked in wholesale fresh produce markets for many years, the hot weather will affect crop yields and we will import more, but onions from New Zealand, beans from Kenya etc. Just like we always have in hot years before",Sun Jul 29 02:30:58 +0000 2018,0,0
160,ELE PRESIDENTE,@jumaf3 What's the price of selling a 90kg sack of rose coco beans?,Sun Feb 12 10:12:42 +0000 2023,0,4
161,Robert Wakhu,"@zippoglisia Growing up I knew Kenya exported lots of flowers. In this future it has dawned on me that we export much more. Yes, a friend exports French beans. Told me it fetches a good price.",Thu May 07 20:10:52 +0000 2020,1,2
162,Jemedari. MaliYaMungu,"World Coffee prices are at $ 4.47/kilo! 

If Mt. Kenya Governors would come together and create policy that would enable coffee beans to be processed &amp; packaged locally such that, farmers will get a fair price of atleast Ksh 500/kg, 
Their economic fortunes would be epic!",Fri May 10 18:31:17 +0000 2024,0,0
163,Peace Ambassador,"The cost of a 2kg pack of maize flour has significantly dropped from Ksh 260 to Ksh 100-120, easing the burden on Kenyan households. #KaziBilaBreak Ruto Delivers",Mon Feb 17 09:22:16 +0000 2025,0,0
164,Shikoh Kihika,"Bread - Ksh 55-60
Milk - Ksh65 
Literally basic breakfast will cost  nothing less than 120 kenya shillings 

For most Kenyans the salaries are below minimum wage ... Surviving is becoming even harder in this country ! üò≠",Sun Apr 11 09:02:58 +0000 2021,67,194
165,Jayden,"Food security is no longer just a dream. Fertilizer prices dropped from KSh7,500 to KSh2,500, making farming more productive. With 95 million bags of maize available, Kenyans can expect a steady food supply. Ruto Must Go Forward #KaziBilaBreak",Tue Feb 11 10:47:31 +0000 2025,0,0
166,Nick Hobbs,@kimmojvs @EdnaMurphy12 @johnredwood so the pound losing value against the dollar hasn't made the relative price of anything More expensive than before the Kwasi budget? Or are you saying it's still inexpensive to buy green beans from Kenya compared to Spain despite being less cheap than 3 months ago?,Thu Nov 17 18:33:14 +0000 2022,0,0
167,Ayemojubar,"Bag of beans now N100,000.
Groundnut oil cost N27,000 for 50kg and N5,400 for 5kg. 
A bag of rice cost N30,000 and N4000 for ‚Äòplastic rubber‚Äô. 
A bag of garri was priced at N16,000.",Tue Oct 05 06:58:57 +0000 2021,324,399
168,ArewaMan,"AGRICULTURAL MARKET SURVEY‚úÖ

This is Funtuwa market, Katsina State.

1. Masara: ‚Ç¶50,000‚Äì‚Ç¶52,000

2. Dawa: ‚Ç¶50,000‚Äì‚Ç¶51,000

3.\n Suya beans: ‚Ç¶78,000 ‚Äì ‚Ç¶80,000

4.\n White Bean (Zapa): ‚Ç¶93,000‚Äì ‚Ç¶95,000

5 . 5 White Bean (Egypt): ‚Ç¶90,000 ‚Äì ‚Ç¶93,000

Cc.
@SenatorAKyari https://t.co/0vmAcC4qh2",Fri Feb 14 20:13:04 +0000 2025,21,36
169,Tyro samuel,"@Odrek_Rwabwogo @AfricanBizMag @paceidug STATISTICS Ofcourse, UBOS has no boots on ground. Kenya take ug as an economic colony. Trucks with their no. plates drive so deep as Kapchorwa, sironko, amuria, Katakwi to get what Ug shld export. But end of the day they pay a good price for the fruits, beans, maize, vegetables.",Sat Nov 04 17:27:56 +0000 2023,0,0
170,SlimSauce,@KuiKaringithi I‚Äôve been trying to get ahold of coffee farmers in Kenya. With an opportunity to sell their coffee beans outside t he country directly at a better price‚Ä¶ maybe I can help out?,Sat Aug 10 15:03:03 +0000 2024,0,0
171,Sokodirectory.com,"Beans Rosecoco emerged the most expensive type of bean with a 90 Kg bag retailing at an average price of 8,567 across markets. https://t.co/VUBVoXpJjF #SokoWeekend",Sat Mar 21 07:45:29 +0000 2020,0,0
172,ephraimnjegafan,"I recently bought a kg of yellow kidney beans at KShs 279 in a supermarket. This would put the price of a 90kg bag at KShs 25,110. These are mindboggling figures. 
THREAD üßµ",Tue Oct 18 16:15:13 +0000 2022,250,1119
173,Sokodirectory.com,"In other markets, mwitemania is retailing at 7,920 shillings in Nairobi, 7,200 shillings in Mombasa and 8,640 shillings in Eldoret.

Black beans, locally known as njahi, remains the most expensive type of beans with an average price of 12,420  https://t.co/wPXP43DzJI #SokoNews",Tue Jan 28 12:14:00 +0000 2020,0,0
174,Sokodirectory.com,"If you have Beans in your store, then it is time to make a killing because of the highest price. Beans farming in Kenya is not as common as maize. However, it is one of the most commonly grown crops in Kenya ~ Soko Directory https://t.co/TEMFGKvO6F",Thu Feb 09 09:04:15 +0000 2023,0,0
175,Aziz Mire,"Majority of coffee in Kenya is Arabica. The other variety is Robusta, which has a 30% higher yield, but price is 30% lower.

Kenyan coffee beans come in 5 varieties: SL 28, SL 34, K7, Ruiru 11 &amp; Batian.

Kenyan coffee is wet-processed - seperation of bean from fresh, moist fruit.",Fri Jul 14 06:15:49 +0000 2023,6,15
176,ephraimnjegafan,"A kg of packed Butterfly nyayo beans is selling at KSh 308 at Naivas. Meaning a 90kg bag is KSh 27,720. Is this supposed to be a joke or what?",Sat Apr 08 15:45:43 +0000 2023,290,1314
177,Dennis Itumbi CBS - Commentary,"Dear Kenyans,

 1Kg Sugar is Khs 110 frm 240

 Dollar is Khs 129 frm 160

 6kg Gas is Kshs 1000 frm 1500

 1L cooking oil is Kshs 200 frm 400

 2kg unga is Kshs 97 frm 230
        
 Fertilizer is Kshs 2500 frm 7000

Don't be mean to deny Our President a word of congratulations üëè",Thu Jan 30 17:46:49 +0000 2025,153,1370
178,Farmall Kenya,Support a farmer today! Buy rose coco beans at an affordable price on https://t.co/y9Bqb6hkbU. Contact the seller for shipment to any part of the country,Mon Aug 06 13:43:24 +0000 2018,0,0
179,Odysseus,"@thatGozi Looool, na so the matter be now na.

Food don cost.

A loaf of bread starts from 1300 and above.
Then, beans seller na from 300 upwards.
You go wan buy Ponmo or plantain too.
Ordinary beans and bread, I don spend close or more than 2k5.",Thu Feb 13 16:57:14 +0000 2025,0,0
180,Onye Nkuzi,"A bag of beans is now N100,000. Same bag of beans was around N25,714 in 2016.

When @sbmintelligence did a study on how terror/violence/insecurity would soon affect food prices, many of you dismissed/ignored/accused them of ""sensationalism"".",Tue Oct 05 08:56:07 +0000 2021,444,577
181,Shiki ‚ùÑÔ∏èüå∏ | Backlogs resumed!!!|,"Beans are available on Ko-Fi!

Only 10$ per bean~!
//pls take these slots I want to buy food ueeueue",Fri Feb 14 06:26:17 +0000 2025,3,2
182,Mwarim≈´ M≈´temi wa Kƒ´ama,"Dear Kenyan Farmer, a bag of maize  will fetch you about KES 3000/-, a bag of Miraa will give you about KES 400,000/-. Last but not least a bag of Bhangi will fetch you KES 3.5M. 

Whatever you do with this information is entirely up to you. Mi Leo najenga taifa hapa kwa ofisi üòÇ",Tue Feb 01 07:47:12 +0000 2022,785,2763
183,Spikey,"@munyaojr @FranklinChes1 @sakian_ @LecoleNR @Kakamega_pundit @NorahWakesho Big lie
This guy was interviewed in a Kikuyu station I guess in 2010 or sth, he was questioned on normal living in Kenya precisely the price of bread, nigga didn't know the price, I think he said the price was 300 or sth. Ati French beans seller total lie",Sat Oct 26 14:40:18 +0000 2019,0,1
184,Sokodirectory.com,"A 90 kg bag of yellow beans is retailing highest in Nairobi at an average price of 16,000 shillings, while 1kg is retailing at 190 shillings.

In Nairobi, a 90kg bag of Nyao is averagely retailing at 13,000 across the country while 1kg retailing at 250 https://t.co/TEMFGKvO6F",Thu Feb 09 09:10:03 +0000 2023,0,0
185,Inibehe Effiong,I just realized that a cup of beans is N200 in the market. Those who are still defending this disastrous regime should tell us whether they are not affected by the continuous sabotage and destruction of the economy by incompetent dictator called Buhari.,Wed Nov 24 17:02:44 +0000 2021,290,721
186,BRAVIN YURI,"The government of Kenya has ordered for  maize flour to drop to Ksh. 100 from Ksh. 230.  The price of 2Kgs Unga will be going for ksh. 100, 1 Kg for Ksh. 52, 5Kgs will be going for Ksh. 250 and 10Kgs for Ksh. 490.",Mon Jul 18 12:51:43 +0000 2022,329,2200
187,Musa Mabeya,@gismwas @reubenmuhindi @cobbo3 @DavidNdii By economic journalists did mean the segment where the journalist tells us the price of a bag of beans in different towns in Kenya?,Tue Aug 10 12:15:07 +0000 2021,0,0
188,kalungi Hope,"With this amount, he bought 60 kgs of beans at 2,500 shillings each, totaling 150,000 shillings. He also hired 2 acres of land for 150,000 shillings and employed 7 workers, paying each between 60,000 and 70,000 shillings to help with cultivation and planting.
#PDMChangingLives",Thu Feb 13 07:19:42 +0000 2025,0,0
189,Manro,"@VITO_G_Wagon @Julius_S_Malema Very cheap in Kenya.
Bo ma 6 thousand rand.",Sat Feb 15 18:24:14 +0000 2025,0,0
190,SokoAnalyst,"A normal family in Nairobi needs At least KES 1500 to have breakfast for a couple of days: 

1Ô∏è‚É£Sugar KES 130 
2Ô∏è‚É£Milk KES 120 
3Ô∏è‚É£Bread KES 70
4Ô∏è‚É£Blueband KES 300 
5Ô∏è‚É£Tea Leaves KES 120

How are we honestly surviving? Why isn‚Äôt anyone discussing this? The cost of living is crazy!",Sun Feb 20 18:19:13 +0000 2022,292,783
191,The Frugal Punter,"A fall in the price of vegetables, maize flour, beans, kerosene, and cooking gas resulted in a slight drop in Kenya‚Äôs monthly inflation rate to 4.2% in September. This is compared to a rate of 4.36% the previous month. https://t.co/GSueCPtIR8",Wed Sep 30 15:58:44 +0000 2020,0,0
192,TNS,"Kenya's government increased miraa prices: Grade 1, previously priced at Ksh700 per kilogram, now costs Ksh1,300; Grade 2 rose from Ksh350 to Ksh700; and Alele went from Ksh500 to Ksh1,000.",Sun Feb 16 09:33:46 +0000 2025,0,0
193,Juma G üá∞üá™,"Woke up to the news that a 2-kg packet of maize flour is now at Ksh 175. Some brands at Ksh 199. But we r told it will come down in August if we ""elect"" right... A 90-kg bag of maize, for the first time in history in Bungoma is at Ksh 7,600. Not the best time to be alive in Kenya",Wed Jun 15 04:54:16 +0000 2022,89,253
194,HDR. Moses,"@HEBabuOwino @denis_kariuki The day you will understand, Kenya is a feee trade country, you will know that, no government can control prices of any commodity. The only way out is to flood the market with maize ,beans and others necessary consumable foods. Automatically the price will come down.",Sat Jul 29 19:38:21 +0000 2023,0,0
195,BIKO ONDITI üá∞üá™,@DudespostingWs ü§£ü§£ü§£ü§£ In Kenya you get all that for about $3..,Thu Feb 13 11:16:23 +0000 2025,0,0
196,kalungi Hope,"After 4 months, he had harvested 6 sacks of beans, which he sold at 2,000 to 2,500 shillings per kilogram. Additionally, his pig produced 7 piglets. He hopes to earn 1.2 million shillings from the beans and the pigs, 
#PDMChangingLives",Thu Feb 13 07:19:44 +0000 2025,0,0
197,Mila ÿ¨ŸÖŸäŸÑÿ©,"@YayAreaNews No wonder our brothers/sisters were making crazy queues to purchase at 220$ .. thats about 30,000 Kes .. Awuoro.. anyways wacha tungoje za Kenya üòÖüòÖü§£ü§£ 

https://t.co/1RU0ZOqcag",Fri Feb 14 07:02:04 +0000 2025,0,0
198,Musa Dawa,"Musa selling beans is such an amazing thing for his family. He would have still been in the bush with @HQNigerianArmy but Peter Obi altered his mind to satisfy the needs of beans consumers. Musa still has Beans and it is the same price 3kg for 5k, perfect for family consumption. https://t.co/FmXIg7wKQl",Fri Feb 23 19:05:33 +0000 2024,114,263
199,Musa Dawa,The story of Musa selling beans is such a remarkable one. He would have been in the trench counting lost souls in the name of One Nigeria but changed his mind to satisfy the needs of people who don't have farmlands. His Beans is just 4k for 3kg and 25kg for 30k. https://t.co/i7hcdSqyZ8,Sun Jan 21 07:53:11 +0000 2024,266,618
200,Broski üá∞üá™üáÆüáπ,@DudespostingWs 7 dollars .. that is literally  1.2$ in Kenya ..,Thu Feb 13 15:59:56 +0000 2025,0,0
201,Comrade Deji Adeyanju,"Bag of beans now N100,000. We use to buy it under PDP corruption for N19,000.",Tue Oct 05 07:01:10 +0000 2021,143,352
202,Comrade Deji Adeyanju,"Full bag of beans that use to be N9,000 in 2015 under corruption is now about N56,000.",Wed Apr 14 15:01:47 +0000 2021,144,233
203,Mikky mowellüòàü§£ü§©ü§™,"@yabaleftonline E be like say nah for your dream this wan happen, bag of rice is still 95-100k, and beans still 190k",Tue Feb 11 16:45:26 +0000 2025,0,0
204,Chef's Delight,"For anybody who has the time to tweak their Christmas Menu, anything out of Kenya is either very expensive or non existent. Tenderstem price increasing daily, sugar snap and mange tout difficult to source, fine beans - now Egyptian. There - a tweet with no politics.",Fri Dec 13 19:39:47 +0000 2019,0,0
