1,Mwape Mapulanga,"So let me give you some REAL POTATO numbers 

Cost of Production: 120k/Ha 
Yield : 25t/Ha - 40t/Ha 
Producer Price : K8/kg - K13/kg 
Revenue at 25t/Ha at K8/kg = 200k | at K10/Kg = K250k | at K13/Kg = 325k https://t.co/gDu3xhWdlG",Wed Jun 28 13:40:13 +0000 2023,70,829
2,SAGCOT Centre Ltd.,"After harvesting, the potatoes are shunted to the collection centre, sorted &amp; packaged, ready for transportation.

The AMCOS has established a ready market in Kenya üá∞üá™ whereby 1kg of potatoes is sold at a very attractive price,thus competing successfully with the local varieties. https://t.co/6E1VIVqHGi",Thu Apr 15 13:57:43 +0000 2021,5,20
3,Njeke Silver,"Hey. I am selling vegetables. 

Potatoes- 55 per kg
Tomatoes- 80 per kg
Onions- 170 per kg.
Carrots-50 per kg.
 
Fresh produce from the farm. Fruits are available as well. 
Please retweet, my customer  might be on your TL 
Due to seasonality, prices fluctuate. https://t.co/T1lG0PnzEA",Tue Apr 28 15:32:49 +0000 2020,641,658
4,Self Help Africa,"Happy #NationalPotatoDay!
We've long promoted potatoes as an important alternate crop variety, a nutritious food source that grows well in various climates &amp; a crop that can fetch a good market price.
Here's  some of the potato farmers that we work with in Keringet, Kenya: https://t.co/lcUub80KEq",Fri Oct 05 16:50:08 +0000 2018,1,8
5,Mr_OrgaZimüáøüáº,"Uptown restaurants be like:

Potato la mpangara $45 https://t.co/C9JI7Uk5IP",Sun Oct 06 14:27:52 +0000 2024,59,666
6,Emmanuel Lumala Dombo,"Africans have since time immemorial survived on foods like cassava, yams, gonja, potatoes, balugu, etc. Such foods have sustained humanity irrespective of price of bread or wheat. In Kenya it is Ugali na Sukuma wiki. You can touch bread but if one wants peace don't touch Ugali. https://t.co/jFm57lcHRN",Tue May 03 12:54:07 +0000 2022,5,34
7,The Young Uncle || 21's Fro is Out. Go Stream,"With all Joy in my heart I'd love to announce. We don harvest potato! You know we sell the best potatoes!

Potato is N450/kg.
We don't sell in bags just determine the kg bag you need and multiply by 450. Thank you!

Call 08037054885 or send a dm

Ignore the wannabe Lecrae in bg https://t.co/0nidTZtO0Q",Sat Aug 05 08:09:49 +0000 2023,234,272
8,Business Watch,"Red Irish potatoes are retailing at an average price of 2,800 shillings for a 50 Kg bag across different markets in Kenya. https://t.co/28M35kgVfG #SokoNews 

üì∑ courtesy https://t.co/Rgm1EyEDtI",Wed Mar 25 11:57:55 +0000 2020,0,3
9,Improving Incomes,"In the first place, @MyGovKe has no #business trading in maize in a liberalized  #economy . There is price anarchy in the sector because of state meddling. GoK doesn't buy milk, potatoes, tomatoes, cabbages or Miraa from #farmers. It should be enabling farmers mill flour. #Kenya https://t.co/ZSzq9Ua6uj",Tue Jul 16 17:39:26 +0000 2019,0,0
10,Ziga,"Spinach = R12 
Onions  = R10
Cabbage = R10
Butternut = R10 
Tomatoes =R10
Lemons (x5) = R15 
Potatoes 10kg = R45
Peppers (Green x 2) = R8 https://t.co/fq7RpwPhZY",Sat Jun 10 05:46:56 +0000 2017,308,185
11,Farmula_,"Wed. 4th Mar. 
Shangi Potatoes Potato 50kg extended 
NRB Flag of Kenya

- Market price: Ksh 3200
- Farmula predicted price: Ksh 2252.13 
- Percentage error: 29.63%

You can test our predictor here https://t.co/OUqs4rEg3b

#Farmula #Nairobi #Agritech https://t.co/t6XMi8DlWT",Wed Mar 04 12:56:57 +0000 2020,2,2
12,Tai Ole Tai Ltd.,"The Tai ole Tai Sacco Patron visits the potato sacco team as they consolidate potatoes for the Nairobi market being dispatched tonight.The price of potatoes has gone up by 25% since the Sacco started buying potatoes.

Tai ole Tai üëâüëâ https://t.co/EPj9lSwq8l",Sat Jul 07 18:28:41 +0000 2018,1,1
13,U D A - Official Fans Page.,"Kenyans! A quick reminder...

UHURU: 6kg Gas was Kshs. 1500.
RUTO: 6kg Gas is Kshs. 1000. 

UHURU: 1L cooking oil was Kshs.400.
RUTO: 1L cooking oil is Kshs. 200.

UHURU: 2kg unga was Kshs. 230. 
RUTO: 2kg unga is Kshs. 97.

UHURU: 1kg sugar was Kshs. 250. 
RUTO: 1Kg sugar is https://t.co/XBhGLJxJsN",Wed Dec 04 05:44:44 +0000 2024,123,842
14,Soko Insights,"Red Irish potatoes are retailing at an average price of 2,800 shillings for a 50 Kg bag across different markets in Kenya https://t.co/yvvNa3N2yB #SokoWeekend https://t.co/9evcXVDsjh",Sat Mar 28 08:25:30 +0000 2020,0,0
15,EJIKEMEüá≥üá¥,"Live from Ikpa market Nsukka. 

Today‚Äôs Market Price

Basket of Tomatoes- N27k
Bag of Potatoes- N6k

Nsukka is fast becoming the Food Basket of SouthEast Nigeria. https://t.co/jzLcpRnDNV",Sat Jul 13 16:39:30 +0000 2024,575,2358
16,Good_people.,"Red Irish Potatoes Retailing at an Average Price of Ksh. 2,800 across Markets

Red Irish potatoes are retailing at an average price of 2,800 shillings for a 50 Kg bag across different markets in Kenya.

#SOKOWEEKEND 
https://t.co/69mfhaJqb8 https://t.co/dBSX0CthXQ",Sat Mar 28 08:03:11 +0000 2020,1,6
17,MikelKamaa,"@Tuko_co_ke  @citizentvkenya @tv47ke  @KBCChannel1 @KTNNewsKE  Cost of a 2kg container of potatoes has crossed Sh250 this week,the highest in Kenya's history on potatoes shortage.The price has doubled up by Sh150 in one week. https://t.co/bVtMMssFHt",Tue Oct 18 06:56:52 +0000 2022,1,2
18,Eyewitness News,Brace for potato shortage (and R200/10kg price) in coming weeks  https://t.co/NafPsYkodl,Tue Aug 27 10:53:25 +0000 2024,431,979
19,Getrude,Kenyan is facing a 1.7 million tonnes shortage of Irish potatoes thus pushing the price of the commodity up by at least 25 percent https://t.co/4rmpXWm26k #SokoWeekend https://t.co/nhsS90BXKM,Sat Feb 09 08:21:28 +0000 2019,0,0
20,Lolwe Tv Kenya,"Cabinet Secretary for Agriculture, Mwangi Kiunjuri‚Äôs move to standardize the price of potatoes to be sold per kilo at the retail and wholesale level has stirred different reactions from the citizens.

Read more https://t.co/2zGGDMd3hJ https://t.co/psbBMMDquE",Thu May 31 05:19:27 +0000 2018,0,0
21,Soko Insights,Kenyan is facing a 1.7 million tonnes shortage of Irish potatoes thus pushing the price of the commodity up by at least 25 percent https://t.co/bJH5jiUsWq #SokoWeekend https://t.co/1mJY6feEnD,Sat Feb 09 08:22:09 +0000 2019,0,0
22,RP Singh National Spokesperson BJP,"On @IndiaToday in @sardesairajdeep's show Potato price as on 25th May is ‚Çπ80 per Kg. I google checked it, Potatoes as on date is ‚Çπ18.50 per Kg. https://t.co/fN1XmBCnme",Fri May 26 20:01:44 +0000 2023,224,557
23,Ivy,Here is a summary of the prices for tubers across Kenya as provided by NAFIS: https://t.co/4dlykIK3lb #SokoNews https://t.co/3UJdmXfF2n,Thu Mar 26 12:09:00 +0000 2020,0,0
24,Mkulima Young,"1 acre of Shanki potatoes ready for harvesting available for sale 

Price: Ksh 1800
Location: Turbo, Kenya
Contacts: click on the link https://t.co/xay1QrM65y #mkulimayoung

#FridayThoughts #FridayThoughts #FridayVibes",Fri Jan 17 05:58:07 +0000 2020,5,10
25,K. Baffour¬Æ,"The price of 1kg of tomatoes is 110 shillings in Kenya.

110Kenyan Shillings = 13 cedis

Ghanaians are OK paying GH 20 cedis for 3-4 üôÉ https://t.co/LH3m7Z5nJ4",Tue Jun 25 17:11:37 +0000 2024,423,883
26,Kaka Daves Kariuki·Ö†·Ö†·Ö†·Ö†·Ö†·Ö†·Ö†·Ö†·Ö†·Ö†·Ö†·Ö†·Ö†·Ö†·Ö†·Ö†·Ö†·Ö†·Ö†·Ö†·Ö†·Ö†·Ö†·Ö†·Ö†·Ö†,"Farmers in this country are suffering ..real distress  yaani unalima viuuri,kisha your products have no market and even when they do they sell at a throw away price..e.g a bag of potatoes going at Ksh.300 ,at most 500,.surely what's happening in this Kenya. Everything going wrong https://t.co/lykkPuUucd",Mon Sep 20 04:46:55 +0000 2021,0,1
27,iSubira Kenya,"What's your favorite way to enjoy sweet potatoes? Packed with vitamins&amp; fiber. 

We do wholesale Supply of fresh sweet potatoes, local&amp;Export Market. Price/Kg depend on quantity. Contact +254701848902

#sweetpotatoes #supportfarmers #healthyeating #nutrition #foodie https://t.co/Icsu9w7hzH",Tue Apr 18 11:40:05 +0000 2023,0,2
28,mohammed~Gaza üáµüá∏,"This is no ordinary potato; it‚Äôs a symbol of how far out of reach even the simplest necessities have become in Gaza. In the north, one potato now costs nearly $30, and around $5 in other areas. Please, don‚Äôt let us suffer in silence. Help us in Gaza before it‚Äôs too late üíî. https://t.co/F3MreOUJQH",Wed Nov 06 10:40:39 +0000 2024,233,344
29,Mkulima Young,"Approximately 30 tonnes of potatoes; ü•î 20 tonnes (panamera) 10 tonnes Dutch robin varieties available for sale.

Price: Ksh 45
Location: Ndaragwa, Kenya
Contacts: click on the link https://t.co/d8MtSvJlEY #mkulimayoung #FridayMotivation #FridayThoughts #IkoKaziKE",Fri Feb 07 07:09:59 +0000 2020,10,9
30,Sokodirectory.com,"Red Irish potatoes are retailing at an average price of 2,800 shillings for a 50 Kg bag across different markets in Kenya. https://t.co/L6pTCraadg #SokoNews https://t.co/fIHwU967uP",Wed Mar 25 12:04:19 +0000 2020,0,0
31,Mkulima Young,"3 tonnes of fresh orange fleshed sweet potatoes available for sale.

Price: Ksh 50
Location: Ugenya, Siaya Kenya üá∞üá™

Buy or order sweet potatoes by Clicking this link to contact and connect with the farmer https://t.co/uZtn72bsOr #mkulimayoung",Tue Apr 21 06:04:11 +0000 2020,7,6
32,KTN News,"National potato council of Kenya, CEO Wachira Kaguongo says Kenya produces 62 variety of potatoes and with proper planning they can meet the demands for KFC https://t.co/rKKe4XbPto",Tue Jan 04 12:53:51 +0000 2022,248,747
33,Eritrean Press,"Some of the vegetables price in #Eritrea per kg.

Onion = 16 Nakfa (US$ 1.07)

Potato = 13 Nakfa (US$ 0.87)

Tomato = 9 Nakfa (US$ 0.6)

Carrot = 7 Nakfa (US$ 0.47)

Currency exchange rate: 1 United States Dollar = 15 Eritrean #Nakfa 

Photo: Vegetable and fruit market in #Asmara https://t.co/SLPVxjXmJ2",Wed Jul 27 21:49:12 +0000 2022,64,258
34,Chipo Dendere,You must absolutely watch this. Kenyans are boycotting @kfc because after they chain ran out of potatoes they then said they could only use imported potatoes (read western) because Kenyan potatoes don‚Äôt meet global standards (the F). These companies even do the same with cocoa üòÜ https://t.co/KVRgX0VVCJ,Wed Jan 05 14:03:23 +0000 2022,79,269
35,NTV Kenya,"William Ruto: Kenya is spending KSh. 360B to import food and food items.

'Every Kenyan knows that the price of a 2kg packet of unga is now KSh. 230, up from KSh. 75 in 2018.'

#KenyaKwanzaManifestoLaunch #Maamuzi2022 https://t.co/aYgtxmo4N7",Thu Jun 30 16:38:39 +0000 2022,106,503
36,Sir Cabonena Alfred,"Today I bought 6 Potatoes for R10, last year at this time 2 Potatoes from street hawkers were R10.

THE MOST HARDWORKING MINISTER I'VE EVER SEEN, the food prices are going down at a rapid pace. https://t.co/sK5UGwFdBZ",Mon Jul 08 17:12:29 +0000 2024,41,426
37,Covid-19 Food/Future,"#Kenya 

 ü•ïCarrots saw a price drop of 22.5%, spinach by 16.8 % drops &amp; Irish potatoes by 10.5% compared to prices before #COVID19

ü•ïhttps://t.co/zQsvHG7PBu

ü•ï#Covid19FoodFuture @sharonjcheboi",Fri Jun 05 13:49:22 +0000 2020,4,3
38,Ayodele Lawal Adio,"A bag of potatoes in Jos today is going for btw N150k and N180k. But the political elites are spending N14 billon to renovate VP residence, while govs are spending N34 billion in 3 months on travel expenses. 

There is fire on the mountain, but no one seems to be on the run. https://t.co/tDq6iTI0R3",Sat Jun 08 11:14:15 +0000 2024,586,797
39,Sokodirectory.com,"A medium bunch of cooking bananas weighing 22 Kgs is being sold at 600 shillings, which is the highest price across Kenya and well above the country‚Äôs average of 469 shillings. https://t.co/L6pTCraadg #SokoNews https://t.co/LvZnNUoc8Y",Wed Mar 25 12:06:09 +0000 2020,0,0
40,PropesaTV,"‚Ä¢One Bag of Potatoes right now is Ksh 500, Equivalent to two plates of Chips üò• https://t.co/uC3lYZX531",Wed Jul 28 08:02:28 +0000 2021,823,3103
41,Faye DSouza,"Onions are at Rs 100 per/kg and Potatoes are selling at Rs 40 per/kg.  

Job loss coupled with price rise is making this a terrible year for families",Sat Oct 31 04:34:29 +0000 2020,1020,7593
42,WISH FM KENYA,"KENYA
Potato prices rise, Unga prices drops as Kenya records 6.8% Inflation rate in September.
This means that 1Kg packet of  maize flour decreased from Ksh.84 to Ksh.80 and the price of Irish potatoes rose from Ksh.80 (1kg) to Ksh.101.
Akothee
Antony Manyara
Kesh
#Cryptocurency https://t.co/cXn6PO6dIX",Mon Oct 02 10:36:58 +0000 2023,0,2
43,Nyakalloüáøüá¶üá©üá™,@stats_feed You get 10kg of potatoes ü•î in South Africa üáøüá¶ for $ 3.61‚Ä¶ https://t.co/MMEfi7jJUj,Fri Feb 14 08:07:02 +0000 2025,0,0
44,POMPON MPUTU,"On a 8 tonnes de pomme de terre a' Kinshasa. Nous vendons en gros et en details a' bon prix. Je comprends pas pourquoi le super marche vend 1 kg a' plus de 2.5 dollars. En details, nous nous vendons 1 kg a' 1.9 dollars due au transport. https://t.co/1nVOK19uxF",Wed Sep 28 15:16:56 +0000 2022,96,371
45,Sanju Verma,".@sardesairajdeep is blissfully living in la la land

Average Price of Tomatoes is between Rs 15-18 per Kg currently

Average Price of Potatoes is between Rs 19-22 per Kg currently

Btw,last available Wholesale, Vegetable inflation number is just 1.5% 

Potato Inflation is minus https://t.co/cXWsfv2QnO",Sat May 27 18:33:25 +0000 2023,205,579
46,Halima Gikandi,The impact of inflation is being felt throughout the country. I heard that the price of buying a container of potatoes has nearly tripled in some parts of central Kenya.  #Kenya #Economy #inflation,Thu May 02 10:32:35 +0000 2019,0,0
47,NARCS MUCH,"Mt kenya farmers need job to give the cash,for this they surpport Hon Mudavid agendas on agriculture,improving the price of their commodities such coffee,tea,milk,potatoes,in doing so cash will be in their pocket
#MtKenyaNiUchumiBora https://t.co/NUFCMxpfGc",Sat Sep 11 03:51:09 +0000 2021,2,2
48,H.E President William Ruto (Commentary),"Dear Kenyans, here's a reminder: 

‚Ä¢ 1Kg Sugar is Khs 110 frm 240

‚Ä¢ Dollar is Khs 129 frm 160

‚Ä¢ 6kg Gas is Kshs 1000 frm 1500

‚Ä¢ 1L cooking oil is Kshs 200 frm 400

‚Ä¢ 2kg unga is Kshs 97 frm 230
        
‚Ä¢ Fertilizer is Kshs 2500 frm 7000

President Ruto listens to all. https://t.co/yJBAy8u3hl",Mon Feb 10 04:01:55 +0000 2025,116,1289
49,Sokodirectory.com,"In other towns, a 22 Kg bunch of cooking bananas is retailing at 575 shillings in Mombasa and 350 shillings in both Isiolo and Nakuru.

Here is a summary of the prices for tubers across Kenya as provided by¬†NAFIS: https://t.co/L6pTCraadg #SokoNews https://t.co/XPonBHPvgh",Wed Mar 25 12:06:48 +0000 2020,0,0
50,KABABA,"This double sack of potatoes is bought at ksh 1,500 from farmers.
It produces 10 buckets of chipped potatoes. Each bucket produces 25 plates of chips. Each plate retails at ksh 80. Final value of the bag is Ksh  20,000.

Our farmers deserve better! https://t.co/C8d3fGRPpX",Tue Jan 22 05:30:09 +0000 2019,505,653
51,WatsupAfrica,#Kenya: Traders will from July be required to price potatoes based on weight of the produce https://t.co/2nsfGcQfko,Wed May 30 20:46:20 +0000 2018,0,0
52,SokoAnalyst,Here is a summary of the prices for tubers across Kenya as provided by NAFIS: https://t.co/Rmvrqejxpm #SokoNews https://t.co/jntP0QdT96,Wed Mar 25 11:45:31 +0000 2020,0,2
53,SokoAnalyst,"Kenyan is facing a 1.7 million tonnes shortage of Irish potatoes thus pushing the price of the commodity up by at least 25 percent.
 https://t.co/OqK2C7eGfc #SokoWeekend https://t.co/tjnCwalB9J",Sat Feb 09 08:31:45 +0000 2019,0,1
54,TUKO.co.ke | The Heartbeat of Kenya,"The prices of basic commodities have dropped.

Between July and August 2023, the cost of maize grains reduced by 8.3%, while the price of potatoes dropped by 3.5%.

#tukonews #inflation 

https://t.co/819WQqNsc9",Fri Sep 01 06:16:52 +0000 2023,0,4
55,Lord Abraham Mutai,Get in touch with my friend @rodgers_kirwa. Ksh60 per Kilogramme. Kuna nyanya. Kuna tomeitos! Agriculture is a lucrative business. https://t.co/63eETrX279,Wed May 12 11:12:21 +0000 2021,43,281
56,Bill Redefined,"KFC imports potatoes from Egypt, a desert country,  huku Kenya a sack of potatoes ni the same price as a plate of chips ya KFC,
Why shouldn't they use the available resources?
#BoycottKFC",Tue Jan 04 08:03:25 +0000 2022,0,3
57,Balasundram Ravindran,"@wambugukingori1 @DavidNdii I am with you. In a developing Kenya, the govt must assist farmers who are largely small hold, to produce quality and earn good profits. In the 70s we learned, the US govt bought the surplus produce of potatoes from farmers and destroyed them in the sea inorder to maintain price.",Sat Jan 08 07:34:56 +0000 2022,0,0
58,Kenyan Facts üá∞üá™,"These type of sacks are the reason I stopped growing potatoes for sale. They are giant-size, then the farm gate price is as low as Kshs. 900. Potatoe farming can be heartbreaking. https://t.co/ogqirMglzx",Sat May 26 19:36:49 +0000 2018,153,185
59,Mutahi Ngunyi,Riggy's PLAN is to UPROOT all elected GEMA leaders and REPLACE them with his OWN. But Kikuyus are TRADERS. They do NOT tell you the price of their POTATOES two years to the ELECTION. This GREEN HORN politician will be surprised when Kikuyus BETRAY him and JOIN the rest of Kenya.,Sat Jan 04 18:50:21 +0000 2025,225,1664
60,Breaking News,[BUSINESS] Price of consumer products rises: Prices of many agricultural products like tomatoes and potatoes have shot up over the past one month in the North Rift. https://t.co/JTLcRPhJki,Tue Aug 28 06:09:04 +0000 2018,0,0
61,iSubira Kenya,"Komboka Rice: A High-Yielding and Profitable Crop for Kenyan Farmers.
&gt;&gt;   https://t.co/Sp6CULOVam    &lt;&lt;

We do wholesale Supply of Rice and fresh sweet potatoes from the farm, local&amp;Export Market. Price/Kg depend on quantity. Contact +254701848902 

#KombokaRiceVariety #Rice https://t.co/r3W0tbzk8f",Mon Apr 17 09:18:02 +0000 2023,0,2
62,Juma G üá∞üá™,Here is a summary of the prices for tubers across Kenya as provided by NAFIS https://t.co/MNMBd6NtlH #SokoNews https://t.co/cYmXmxGd2G,Wed Mar 25 09:08:14 +0000 2020,0,0
63,Onoruoyiza,"To all commodity traders and all round enthusiasts of the power of price prediction for fresh produce.

We are bringing the knowledge of how our price prediction works. Currently centered on potatoes in Kenyaüá∞üá™

#Farmula",Mon Feb 17 10:07:13 +0000 2020,1,2
64,Mark Amaza,A friend is selling potatoes from his farm in Jos. Bigger than Shoprite's. N500 per kg to Abuja including home delivery. DM if interested https://t.co/8SfPj5GCCa,Thu Feb 23 07:25:31 +0000 2017,687,167
65,National potato council of Kenya,NPCK is working closely with Viazi Kings in linking farmers to markets. The partnership is meant to promote the 2019 Irish potato regulations by purchasing potatoes from farmers in price per Kg.,Thu Jul 16 14:05:13 +0000 2020,2,7
66,The Standard Digital,"National potato council of Kenya, CEO Wachira Kaguongo says Kenya produces 62 variety of potatoes and with proper planning they can meet the demands for KFC https://t.co/UpECwxFU03",Tue Jan 04 12:54:02 +0000 2022,68,217
67,Itishree Panda,From ‚Çπ40 to ‚Çπ50/kg for potatoes‚Äîprices fluctuate wildly while BJP‚Äôs Odisha govt watches silently. #BjpFailInOdisha https://t.co/zzjb7pOxBZ,Thu Feb 13 07:45:10 +0000 2025,0,0
68,Breaking News,"[BUSINESS] Eggs, onions price relief on plan to shelve EA taxes: 
Treasury CS has proposed the removal of the 25 percent excise duty introduced on potatoes, eggs and onions. https://t.co/iVBInlMfdo",Fri Jun 14 07:41:11 +0000 2024,0,0
69,Breaking News,[BUSINESS] Linturi tells Kenyans to replace ugali with rice and potatoes: Agriculture CS Mithinka Linturi has told the House Committee on Agriculture and Livestock that the price of maize and rice will come down.. https://t.co/hdCVCK164a,Wed Mar 22 16:15:27 +0000 2023,0,0
70,Warehouse Receipt System Council - Kenya,"In his remarks, the CS, stated that Farmers will be able to store their #potatoes in cold storage and sell them when the price is favorable. In exchange, the farmer will receive a #Warehouse Receipt, which serves as confirmation of ownership.",Fri Mar 04 20:56:52 +0000 2022,0,2
71,Livingstone Muiruri,"The price of potatoes at the farm is 10ksh/kg...the price of DAP is 4200ksh/50kg.
The Kenya we are in ..are farmers even going to survive, presumably all other crops are also cheap and cost of production is unsustainable to most farmers now. @kilimoKE @WamutegoJnr @annie_nyagah",Wed Sep 29 13:39:42 +0000 2021,0,2
72,Aliyu ATK,"2 December 2024
Pambegua Market, Kubau LG, Kaduna state.

Commodities and price per bag

Cereal Maize (garan-gajiya) ‚Ç¶57,000
Maize Hybrid ‚Ç¶64,000 
Red Maize ‚Ç¶62,000 
Guinea corn (Dawa)  ‚Ç¶61,000 
Soybeans  ‚Ç¶108,000 
White beans (ZAFA): ‚Ç¶115,000
White beans (Iron): ‚Ç¶125,000 https://t.co/2VTxzVzUAI",Mon Dec 02 14:57:32 +0000 2024,120,316
73,Amit Misra,"@spectatorindex Meanwhile, the price of a kilogram of potatoes in India is $0.35! https://t.co/5zCDtEYmfZ",Thu Feb 13 12:09:23 +0000 2025,1,26
74,Top Kenyan Blogs,"Potatoes, Sugar and other goods that pushed October inflation to 9.6 percent: The average market price of a kilo of Irish potatoes surged by 12.5 percent to retail at Kes90.78 at the end of October co.. https://t.co/y1A6MKVxLl via @MaudhuiHouse",Tue Nov 01 09:54:00 +0000 2022,0,0
75,Shumi Love,"The approximate price for Kenya Potatoes is 35.37 shillings per kg while that of a 50Kg bag goes at an average of 3000 shillings.

https://t.co/NvgaXOZtm3‚Ä¶ 
#SokoNews",Tue May 31 06:25:33 +0000 2022,0,0
76,Nation Breaking News,PRESIDENT KENYATTA orders Agriculture CS Munya to increase price of unprocessed rice from Sh45 to Sh85 per kg after complaints by farmers. https://t.co/R8uJ0wbRTN,Sat Feb 01 14:01:15 +0000 2020,172,763
77,Ivy,"Red Irish potatoes are retailing at an average price of 2,800 shillings for a 50 Kg bag across different markets in Kenya. https://t.co/4dlykIK3lb #SokoNews",Thu Mar 26 11:34:00 +0000 2020,0,0
78,Ivy,"The price of potatoes today varies with the cost of living. A sack of Irish potatoes is sold for 5,000 shillings in different markets in Kenya.
~Soko Directory https://t.co/hkFqL4Ujec",Tue Nov 08 06:13:10 +0000 2022,0,0
79,Tatyana Nicol Khalfani Kipchoge-Both,"@Nothingman002 Get a regular job so you can go to university. I live in Kenya in Nairobi, we have a monthly salary of 100-150 dollars and people live without complaining. Although the price of 1 kg of potatoes is 1 dollar 0.50 cents.",Sun May 28 17:23:04 +0000 2023,0,0
80,Hakainde Hichilema,"On value addition. I stopped by in Serenje on our way to Lukashya. I asked the women how much they sell their potatoes. They told me, K5 per kg. Serenje produces the best Irish potatoes in Zambia. #aThread",Sun Oct 25 12:47:58 +0000 2020,20,391
81,420,"The cost of production of potatoes in Kenya is very expensive. Look at the price of fertilizer now, you will be shocked. Anyway tano tena!",Tue Jan 04 08:28:32 +0000 2022,0,0
82,Dorine Igaga,"The price of potatoes today varies with the cost of living. A sack of Irish potatoes is sold for 5,000 shillings in different markets in Kenya.
https://t.co/L393Umk9O4 
Soko-directory",Tue Nov 15 07:40:12 +0000 2022,0,0
83,Ivy,"Meanwhile, the price of arrowroots has held at 6,000 shillings for a 90-100-kilogram bag for the better part of the year.

The approximate price for Kenya Potatoes is 35.37 shillings per kg while that of a 50Kg bag goes at an average of 3000 shillings. #SokoNews",Tue May 31 06:56:40 +0000 2022,0,0
84,Juma G üá∞üá™,"The way middlemen in Kenya modify sacks of Irish potatoes, tomatoes, onions, cabbages and green maizes so that they can hold double the normal capacity while paying a third of the normal price, the small-scale farmer will always remain poor.",Sat Sep 26 10:54:58 +0000 2020,1,20
85,CandyManCan,@davethewoodsman @Bowen85AI @BladeoftheS They seem more concerned with the price rather than the fact that we are importing food from the other side of the planet. Pay farmers decent prices and they will grow more. New potatoes from Egypt? Peas from Kenya? Beef from Australia? Madness.,Sat Aug 24 18:42:04 +0000 2024,0,2
86,Shi Mutaleüáøüá≤,"Mwisho, the cost of eating potatoes has escalated from K99.99 in January to an astonishing K219 in May.

This is for a 10kg kasaka.

How will people feed families and manage to make salads by december on christmas day? https://t.co/WpyyGRXR6r",Wed May 15 11:31:52 +0000 2024,48,405
87,U D A - Official Fans Page.,"Kenyans! #ResultsYouCanSee

UHURU: 6kg Gas was Kshs. 1500.
RUTO: 6kg Gas is Kshs. 1000. 

UHURU: 1L cooking oil was Kshs.400.
RUTO: 1L cooking oil is Kshs. 200.

UHURU: 2kg unga was Kshs. 230. 
RUTO: 2kg unga is Kshs. 97.

UHURU: 1kg sugar was Kshs. 250. 
RUTO: 1Kg sugar is Kshs. https://t.co/cmW3zH6bf9",Wed Dec 18 06:40:55 +0000 2024,58,457
88,Kimuzi,"Yooh mnakumbuka nkiwashw narudi back to potato business? Well, I am back. Location, Kaptagat
 Price 2200 a sack.

If it is possible, naeza taka msee anachukua zote
 One and half acres. Roughly 100 bags itatoka hapa.

Kindly RT. My customer nko sure ako TL yako. https://t.co/MW6RQcAAEc",Sun Jul 10 17:27:37 +0000 2022,1121,2136
89,Mwape Mapulanga,"With all due respect; we don‚Äôt appreciate that kind of language here, you could just ask kindly. It‚Äôs 80 ZMW
Tell me something though, where can I get a 10Kg bag of potato for 80 MWK (1.5 ZMW)? 
Grow up, I don‚Äôt need your business.",Thu Oct 13 04:38:38 +0000 2022,42,355
90,Ivy,"A medium bunch of cooking bananas weighing 22 Kgs is being sold at 600 shillings, which is the highest price across Kenya and well above the country‚Äôs average of 469 shillings. https://t.co/4dlykIK3lb #SokoNews",Thu Mar 26 11:59:00 +0000 2020,0,0
91,State House Spokesperson - Kenya,"Unga prices have started going down just as President @WilliamsRuto had assured Kenyans over the weekend. Prices have dropped to Ksh159 and Ksh 160, depending on the millers. When the President assumed office last year, a 2kg packet was retailing at approximately Ksh230. https://t.co/9eJh45CTBM",Mon Apr 17 12:28:47 +0000 2023,78,307
92,muihwa jnr,"Besides Unga and sugar high prices in Kenya third on the price list is a most favourite people's choice of food - The Irish Potatoes. It's a common meal on many Kenyan plates and it's method of preparation varies from one person/region to the other. 

https://t.co/B5nofCVm6r",Thu Jun 08 18:05:12 +0000 2023,0,0
93,U D A - Official Fans Page.,"A man on a mission, with no luxury to surrender.

Just a quick scan:

1. 6kg Gas is now between 900-1050/- today 

2. 1L of cooking oil is retailing at 200 - 250/-

3. 2kg of Unga is retailing at 109-130/-

4. 1kg of sugar is now at Ksh. 110-160/-

5. Bei ya mafuta nayo inashuka. https://t.co/MVGjUoO4Nb",Sun May 12 13:32:02 +0000 2024,52,595
94,WriterKenya,"@sngatia @CalebKaruga @KephisKe Let me ask a simple question, Why would KFC be buying potatoes if they can get the quality of the product here in Kenya at a very competitive price? If you answer that question honestly you will know this boycott hashtag you are pushing is just pure BS",Tue Jan 04 16:55:54 +0000 2022,0,2
95,"Et tu,","@iamkathambi imagine if we had such storage facilities for potatoes in kenya. The price fluctuation would stabilise. I wonder if theres anyone with the capacity to do it. Buy up during times of glut and release them regularly in the market. 
https://t.co/w3HYVrDtnt",Fri May 19 16:21:42 +0000 2023,0,0
96,The Standard Digital,"With the recent headlines of skyrocketing prices of maize flour and an entire sack of irish potatoes selling at the price of two plates of chips, it is increasingly becoming imperative for farmers and consumers to rethink.

 https://t.co/ZUFgZkL7NJ",Sun Oct 30 07:00:42 +0000 2022,3,11
97,Kigen Kiplimo,"Spot on!

Fruits of liberalization this one. KFC are probably growing potatoes at a much cheaper price in Netherlands thanks to advanced agricultural technology. Why should they buy from Kenya or Africa is they can get it for a cheaper price elsewhere? It's business not charity!",Tue Jan 04 09:42:10 +0000 2022,0,0
98,FARMINGPORTAL-AGRI NEWS NET-LANDBOU NUUSNET,"The average national price of potatoes dropped again by 9% to R57.82 per 10kg and was due to 9% more volumes sold on the markets. Last week, large potatoes traded at R67, medium potatoes at R54, and smalls at R36 per 10kg. https://t.co/CB4wGWWHSk",Sun Feb 16 04:21:03 +0000 2025,0,1
99,juma ogai,"@cobbo3 The international price of wheat has gone up by 80% percent. There may soon be a boom in rice and sweet potatoes. Good news for rice growing areas like my shaggs, the Kano plains of Kenya!ü§≠",Fri Mar 18 15:25:14 +0000 2022,0,0
100,Dhr Mude,"@WilliamsMkenya Everything you talk about is unga! Unga! Unga &amp; nothing else! Is unga the only meal in Kenya? I have never seen you posting about the other common commodities in Kenya like cooking oil,rice,pasta,vegetables,price of potatoes!No sane Kenyan will buy your cheap excuses! #RutoMutsGo",Fri Nov 15 15:36:33 +0000 2024,0,1
101,Masta,"Leo nimefanya shopping ya;
-Omena gorogoro moja at ksh 380
-Ndizi at ksh 550
-Sweet potatoes at ksh 100
-Cabbage at ksh 60
-Kitunguu at ksh 150
-Tissue at ksh 70 https://t.co/wAg1PcQYcv",Tue Mar 05 15:28:57 +0000 2024,143,1360
102,Notaflix Parody,@stats_feed In india potatoes costs üí≤0.16 ( kilograms),Fri Feb 14 06:23:38 +0000 2025,0,1
103,Lynnü•∞,"Meanwhile, the price of arrowroots has held at 6,000 shillings for a 90-100-kilogram bag for the better part of the year.

The approximate price for Kenya Potatoes is 35.37 shillings per kg while that of a 50Kg bag goes at an average of 3000 shillings.

#SokoNews",Mon May 30 17:55:01 +0000 2022,0,0
104,Bianca‚Ñ¢,"President William Ruto has performed exceptionally well, but if you're clouded by HATE , you can't see. The price of fertiliser went from KES 7500 to KES 2500; Unga went from KES 240 to less than KES 140; and the Kenyan shilling that many expected to hit KES 200 against the https://t.co/zppJ2l45Ja",Sun Jun 30 13:58:15 +0000 2024,97,461
105,NetworkOfNews Kenya,"With the price of maize and potatoes going south, Kenyan farmers can begin growing the little-known fruit if they want to reap big as... - https://t.co/vslS9RmATY",Sat May 11 09:39:12 +0000 2019,0,0
106,Soko TV,"Meanwhile, the price of arrowroots has held at 6,000 shillings for a 90-100-kilogram bag for the better part of the year.

The approximate price for Kenya Potatoes is 35.37 shillings per kg while that of a 50Kg bag goes at an average of 3000 shillings. #SokoNews",Tue May 31 07:34:53 +0000 2022,0,0
107,Mr. Kinuthia Pius.,"I promised to do a live video inside a supermarket showing prices of various commodities. 

Several supermarkets have declined to authorise that.

However, I managed to take some photos..

‚úÖÔ∏è2KG Unga=Ksh. 149 from Ksh. 230
‚úÖÔ∏è5Ltrs of Cooking oil=Ksh. 1245 from Ksh 2300 https://t.co/EMJ8XpuLec",Thu Sep 14 16:20:00 +0000 2023,88,522
108,NetworkOfNews Kenya,"Price of consumer products rises Prices of many agricultural products like tomatoes and potatoes have shot up over the past one month in the North Rift.
 https://t.co/66MUhWnmNc",Tue Aug 28 14:41:45 +0000 2018,0,0
109,Meshack,@speke_farms Here in Kenya one sack of potatoes Ksh 6500 ($65) but the price will depend with your location.,Fri Apr 28 10:37:43 +0000 2023,0,3
110,misheck mwangi,"@StateHouseKenya @UN Farm produce like potatoes and tea etc farmer are throwing them coz low price , while cost of living is going up every day,  farmers in kenya are dying of poverty  yet our president is making stories, shame on our president!",Fri Sep 24 16:39:58 +0000 2021,0,2
111,SokoAnalyst,"Red Irish potatoes are retailing at an average price of 2,800 shillings for a 50 Kg bag across different markets in Kenya. https://t.co/yuCGK8xth6 #SokoNews",Wed Mar 25 11:16:33 +0000 2020,0,0
112,NetworkOfNews Kenya,"Prices of tomatoes, potatoes soar as fl oods cut off roads 

The ongoing heavy
rains have driven up the prices of some food stuffs increasing the
cost of living among Kenyans.
The price... https://t.co/qKr5a0CQs0",Thu May 10 21:43:38 +0000 2018,0,0
113,Yoko,Btw nikipata mtu tutafanya business ya potatoes na yeye it will catch up easily. Twende tutoe Kuresoi ndani. Price goes as low as 1400-2k only. Na twende tuuze 4k plus per sack in Nairobi or any part,Mon May 13 09:21:42 +0000 2024,54,317
114,GetEmRiches,"@AfricaFactsZone Apparently there's 1 guy who controls the price of potatoes in SA. Prices of potatoes more than doubled in 2021, thanks to Kenya, SA will be over supplied therefore prices will be lower in SA, helping alot of small businesses.",Fri Jan 07 22:05:36 +0000 2022,0,3
115,Mark Sirma,@citizentvkenya Because maize is stable food in Kenya. Have you ever heard Kenyans complain of lack of potatoes or high price? I know of Unga and Ugali revolution.,Thu Aug 02 21:05:22 +0000 2018,0,0
116,Reuben Wambuiüèáüèø,"Kenya CPI June 2023

In the month that just ended the price of certain food items dropped: potatoes, cabbages &amp; sukuma. And items whose prices increased include carrots, tomatoes, sugar &amp; unga. Inflation was 7.9%

In the next months, the highest price increase is expected in fuel",Thu Jul 06 07:43:34 +0000 2023,0,0
117,.,"I want us to speak about the cost of potatoes. A 3kg bag of potatoes is R72,99 at Woolies. Remember that 4 for R125 combo? It‚Äôs now close to R200 (depending on combo you choose because it‚Äôs now buy 4 pay for 3).

Please bare with me, I will come every day and complain.",Tue Oct 03 18:16:55 +0000 2023,292,1006
118,Edwin Alex Wamalwaüá∞üá™üáªüá¶,Tanzania bringing loads of trucks with fresh potatoes in Kenya. Lower the price of fries/chips now.,Wed Apr 26 09:56:26 +0000 2023,1,0
119,Kai Olelengis,"100 gunia of Potatoes straight from A farm in Nyandarua available for sale... price per sack is 2900.
RT widely the buyer might be on your TL..... https://t.co/xExHV4uKNu",Fri Apr 17 16:20:23 +0000 2020,509,350
120,Soko TV,"According to new data from the Central Bank of Kenya (CBK) and the Kenya National Bureau of Statistics (KNBS), cooking oil, wheat flour, sifted maize flour and potatoes have led to the foodstuffs price surge.

https://t.co/baGAe00VBt 
~Soko directory",Wed Aug 03 13:19:38 +0000 2022,0,0
121,SokoAnalyst,"A medium bunch of cooking bananas weighing 22 Kgs is being sold at 600 shillings, which is the highest price across Kenya and well above the country‚Äôs average of 469 shillings. https://t.co/Rmvrqejxpm #SokoNews",Wed Mar 25 11:42:44 +0000 2020,0,0
122,Doktari Optimist,"In Feb 2022, 20L cooking oil was Ksh 3,100. A 50Kg bag of Irish potatoes was Ksh 2,200. Today Cooking oil is Ksh 5,900 and waru is Ksh 4,200. At a fast food location, we adjusted price to meet this cost from 100 to 150 and sales tumbled nearly 30%. Kenya ni machos tupu.",Sat Apr 09 19:44:15 +0000 2022,2,7
123,Sokodirectory.com,Potato is the second most important crop in Kenya after maize in terms of consumption. Its production in some parts of the country has increased as the price fall to the lowest in years. #SokoNews https://t.co/MZKFU0qWEa,Thu Jul 29 13:09:35 +0000 2021,0,0
124,SokoAnalyst,"The price of potatoes today varies with the cost of living. A sack of Irish potatoes is sold for 5,000 shillings in different markets in Kenya.
~Soko Directory 
https://t.co/XjhuqFuxvu",Mon Nov 07 12:55:37 +0000 2022,0,1
125,Emperor Mwahu WaJehovah,"@ntvkenya Development, but at Mt Kenya he will be telling us about Raila and God. I see demonstrating ""to seduce the price of potatoes climb down""",Sat Apr 29 22:04:34 +0000 2023,0,0
126,Sokodirectory.com,"According to new data from the Central Bank of Kenya (CBK) and the Kenya National Bureau of Statistics (KNBS), cooking oil, wheat flour, sifted maize flour and potatoes have led to the foodstuffs price surge ~ Soko Directory https://t.co/VZLOIVUUzD",Thu Aug 04 07:14:34 +0000 2022,0,0
127,Vicky,"@stats_feed India - $0.40 üòÜüòÜ
If any country wants cheaper potatoes, contact India.",Fri Feb 14 03:21:17 +0000 2025,0,5
128,Dr A S Kassim HSC,"@ephraimnjegafan Our country Kenya is sick, we are already importing potatoes and onions and any war in our neighboring country will make the price of this simple and basic products to sky rocket. Forget Palm oil",Sun Mar 13 03:00:58 +0000 2022,0,0
129,Vijaita Singh,Onion selling at Rs 70/kg and potato at Rs 50/kg.,Sun Nov 01 14:32:56 +0000 2020,29,291
130,PASTOR LAWRANCE MARANGO,"@KIMANIICHUNGWAH Sometimes don't think that we are fools .it you people in the government that borrowed money from foreign countries and sabotage Kenya as the nation that's y the price of commodities hike now that we have planted potatoes, cassava &amp; etc you have noticed that we are not purchasing",Mon Apr 15 15:21:12 +0000 2024,0,1
131,oseni rufai,"Our correspondent who went Makurdi town reports that a cup of corn now sells for between N250 and N300 depending on the sizes while five tomatoes go for N1000.
Also, a custard bucket of garri currently sells between N3000 and N3400 as against its former price of between N400 and",Sun Jun 02 14:16:57 +0000 2024,971,2158
132,Trollmaster254,"@DavidNdii No dactari, they are producing more than they can eat, I know that idea is foreign to you, seeing that you are a Kenyan üòÇ, president of Kenya should buy those potatoes at discount price come and sell here, or give for free, we have the reverse problem.",Fri Apr 24 13:28:38 +0000 2020,0,6
133,Devinder Sharma,"From Rs 1,200 to Rs 1,250 per quintal a week ago, potato prices in Punjab have crashed to Rs 500-700 per quintal. Likely to go down still further. With this kind of volatility in markets how do we expect farmers to earn profit, maintain a sustainable livelihood?  #FarmersProtest",Sun Mar 21 02:39:08 +0000 2021,505,1217
134,Oliver Mathenge,"Prices of food items such as avocado, irish potatoes and tomatoes decreased by 4.50, 3.58 and 3.0 per cent respectively https://t.co/vAKmnuwld4",Sat May 30 06:03:17 +0000 2020,4,13
135,Senator Kiprotich Arap Cherargei,"UNGA PRICES
Handshake govt 2020-2022(Uhuru + Raila) =280/= per 2kg
H.E Ruto govt = 150/= per 2kg eventually cost of living will come down &amp; affordable to all Kenyans.

 The master stroke is subsidising the production over consumption thro farming / food security. https://t.co/fq7Yh7UdeC",Mon Apr 17 13:01:46 +0000 2023,96,699
136,Moe,"Maize prices in Kenya have increased by 9.9% to Sh57 per kg, and wheat by 10.9% to Sh106 per kg since August.

This is due to the implementation of a new 2% tax on cereal imports and a 0.3% tax on exports",Wed Sep 18 05:00:42 +0000 2024,152,407
137,Juma G üá∞üá™,"These Irish potatoes here are Ksh 40 üò≠üò≠üò≠. Few months ago they went for Ksh 10. This is like 300% increase in price. ""Huku sai tuko mbaya kabisa!"" https://t.co/8pMHKWsdQa",Sun Feb 12 10:04:58 +0000 2023,18,244
138,Sir Cabonena Alfred,"The bag of Potatoes is R180 in Qwaqwa. 

Serves the people of Qwaqwa very well, they deserve it. 

There have been over 5,000 abandoned farms or farming fields inside Qwaqwa since 1994.

The people of Qwaqwa have plenty of land, but they chose to lick the ass of the ANC gov!",Tue Oct 03 11:53:51 +0000 2023,91,324
139,Bogonkev,"@Hussein_Omondi @ItsMutai Also, the price of potatoes in kenya is so high, you would rather import. Washenzi kama @ItsMutai niko sure they import even their mobile phones from other countries. #BoycottKFC",Tue Jan 04 07:55:15 +0000 2022,1,4
140,Florence Marangu,@mohammedhersi @njorogep @HKRotich @PeterMunya @KEPSA_KENYA @KTF_Kenya Tell them. we have them rotting in the Shamba. Esp price of potatoes is very poor. I visited meru and cabbages are being feed to the cows.,Thu Jan 31 00:02:06 +0000 2019,1,1
141,Ferengi Rules of Acquisition,"Dear @npckkenya,

on your website there is a scroller showing the price of potatoes in various markets in Kenya.

Is this data available historically that is, can I, as an example, get the price for the last 12 months for Kisumu?",Fri Oct 25 20:28:33 +0000 2019,0,0
142,Yegon,@JaneMarriottUK @ElgeyoMarakwetC @rotichwisley @SuedKenya @Trade_Kenya This will in return boost the price of potatoes in the entire north Rift,Tue Jan 31 12:32:27 +0000 2023,0,0
143,Uncle Tony,"Kana uchida kuona kuti 5 Am masikati enda kuMbare,

I actually believe Mbare is the current economic hub of Zimbabwe,yes kumaTuckshop kunofamba mari asi Mbare mahwaniüí™üí™

Went to meet this mudhara who does potatoes,(I met him here)his truck of 1700 potatoes was emptied by two",Fri Apr 12 03:48:44 +0000 2024,182,1265
144,JUSTINA WAMAE,"There is  leaf I used to  buy at Githurai maket but I no longer see it, the name Royco Dhania. A Dhania with the taste of Royco ü§§ü§§

Waaa that leaf made mukimo slap different. 

Yote Tisa NOW
1. 10kg ndoo of  potatoes @ sh380
2. 2 kg Kasuku peas (minji)  sh 80
3. 2 Kg Unga Ugali",Sat Aug 05 05:29:39 +0000 2023,29,276
145,Arundhati Roy ‚ô¶ Parody,"Potato : 60 ‚Çπ/kg
Onion : 100 ‚Çπ/kg
Gram Flour : 140 ‚Çπ/kg

It means, now he will snatch Pakoda-Rojgar also.",Tue Oct 27 10:12:48 +0000 2020,78,280
146,Ogara Ondwasi,"@WMMartha Now that your favorite Mauti Kenya region is selling their potatoes at throw away price of sh2400 er bag down from sh8K per bag, macadamia is almost sh25 per kg down from 120 per kg,  what happened to guaranteed minimum returns which Riggy G was singing daily? Is that  your GMR?",Tue Jul 11 14:57:00 +0000 2023,0,0
147,Jaber is Jaber,Order fresh groceries hapo Centeva fresh and green on the @SafeBoda_Kenya app..Warus(potatoes) are being sold at a discounted price of 45 bob from 75bob. Watu wa kilimani na kileleshwa kuna free offers (BOGOF) at Cripsy bites for the next 30 days. Thanksüòä,Fri Aug 14 09:02:13 +0000 2020,5,6
148,HAKIM ZIYECH Champions of Europe üíôüíôüí™üí™.,"Sam Gituku: Sir the price of Unga is still high despite your promises..

Moses kuria: Why don't you ask about price of potatoes Sam? This habit of measuring Kenya economy with luhya appetite must end!

We Thank God For El Nino.
@gabrieloguda @edwinsifuna @PolycarpHinga @AzimioTv",Thu Sep 14 04:11:59 +0000 2023,2,2
149,Citizen TV Kenya,"Unga proces to drop below Ksh.100, CS Linturi says, claims current price is Ksh.130 per kg https://t.co/4QBLZjxsiM",Sat Dec 16 17:19:55 +0000 2023,40,582
150,Malcom XX,"@GideonMungaroM Any form of food from Mt Kenya regions or any kind of trade, price should be doubled for Kilifi and Mombasa counties. The price for potatoes going down to Kilifi and Mombasa should be doubled.",Mon May 27 20:37:17 +0000 2024,1,5
151,KABABA,"Kenyatta family is desperate for Mt. Kenya votes.
Our leaders should capitalize on it and come up with irreducible minimum:
1. Resettle squatters
2. Coffe price must be 200+/kg
3. Better prices for tea
4. Ksh70 per litre of milk
5. Set the minimum price for potatoes &amp; veges
Etc",Sun Apr 03 09:19:39 +0000 2022,13,23
152,Peter Gitau,"@waluwande Really? Why can't the price of potatoes be pegged to weight...say Kes. 20/- per Kilogramme. Hii maneno ya bags no upuzi mtupu. 

One would think that this should not be rocket science but then again...this is Kenya.",Fri Jan 22 01:43:46 +0000 2021,2,2
153,TheActivist,"@Samiah_Kenya @JohnNgeru @DonKoechG @Kokwet_KE imagine ndoo moja kubwa (20 ltrs) ya potatoes ni like sh 200-300 mashinani, which is the price of a plate of chipo Kanairo",Wed Sep 08 08:15:49 +0000 2021,0,0
154,kenn Mishek,"Sam Gituku: Sir the price of Unga is still high despite your promises..
Moses kuria: Why don't you ask about price of potatoes Sam? This habit of measuring Kenya economy with luhya appetite must end!
üòÖüòÖüòÖ",Wed Sep 13 20:03:25 +0000 2023,1,1
155,Kenyans.co.ke,"Once approved for commercialisation, the item will trade at Ksh35, factoring in the cost of producing a kilogram of the flour (Ksh23 per kilo) plus other expenses.

https://t.co/xoiqqUC988",Mon Apr 24 14:14:26 +0000 2023,200,1402
156,Metropol TV Kenya,"@KNBStats But food and non-alcoholic drinks‚Äô index decreased by 1.04% mainly to decreases in price of potatoes, sukuma wiki, tomatoes, cabbages and milk, whose prices however remained well above the July 2018 prices. #MetropolTVKEUpdates",Wed Jul 31 16:15:49 +0000 2019,0,0
157,Ngina wa Kenyatta,"Look at the case for potatoes for instance. Does Government regulate it? Is there a Potato Regulatory Authority in Kenya? Ofcourse not.

But the price of chips, and by extent the cost of potatoes have remained relatively stable, as the market isn‚Äôt interfered with by Government.",Sun May 21 05:32:06 +0000 2023,0,4
158,JOYLYN-JOJOüá∞üá™üá®üá≥,"@ItsMutai I agree.  We have plenty of potatoes in mau narok, nyandarua. No wonder the price of medium chips equals a whole bag of potatoes.     We need to support ourselves much better . We have plenty of food in Kenya ,",Tue Jan 04 10:35:22 +0000 2022,0,0
159,Anuoluwa,"Is Buhari aware that a mudu of beans is now N700 &amp; a mudu of corn is N300? A basket of Irish potato, usually btw N400 - N500 is now N1800! üò≠",Wed Mar 24 20:11:19 +0000 2021,109,174
160,Rufaro Hozheri,"One potato and 2 pieces of chicken went from $2 to $2.50 to $2.75 then $3, from there to $3.5 and to $4
Now it costs $4.50

....and I am thinking when will it stop, at $6.50?
$7 maybeü§î

When did we fall in love with potatoes that much?

A concerned sadza eater!",Thu Apr 25 05:06:25 +0000 2024,65,373
161,Peter Koima‚Ñ¢,A 50kg bag of potatoes is now retailing at KES 400 while a plate of French fries goes for around KES 200. What a tragedy to our farmers!,Tue Jul 20 05:05:01 +0000 2021,118,249
162,Goddie,"President Ruto and Deputy President Rigathi

 13kgs gas Ksh.1400 from kshs 3100.

6kgs gas Ksh.800 from kshs 1500.

Unga Ksh. 140 from kshs 230. Less than a year in office. 

Fertilizer Ksh 3500 in 2 weeks' time it will be kshs 2500 all the way from kshs 6500.",Mon Jul 24 13:20:45 +0000 2023,85,574
163,Moe,"Kenya's Food Inflation increased to 15.8% in October.

This is crazy:

Sugar ‚¨ÜÔ∏è36.3%
Cooking Oil ‚¨ÜÔ∏è33.6%
Unga ‚¨ÜÔ∏è33.5%
Potatoes ‚¨ÜÔ∏è32.6%",Tue Nov 01 05:36:12 +0000 2022,460,1098
164,Sugandh Gupta,"@IndianTechGuide Onion is 80 per kg, Tamato is 120 per kg, Potato is 40 per kg... But Govt says inflation under control.",Fri Oct 04 11:31:41 +0000 2024,14,293
165,Mohan Sinha üáÆüá≥,Where do you buggers shop? Lutyens Mall? Just asked my maid and she said: Potato and tomato are Rs 20 each and onion Rs 35. Per kg.,Thu Feb 13 05:09:46 +0000 2020,185,703
166,TheStarKenya,"Farmers are rushing immature yield to market while good prices last
https://t.co/nh2aN9mHAk",Wed Jun 14 03:10:00 +0000 2023,13,196
167,Karumba Wanjanja,"@MarthaKarua @ICC @KarimKhanQC @MountKenyaUni @WilliamsRuto @Azimio__Kenya Should he come at your invitation? He is around. Look for him and hand over your letters. FYI this is the correct address...@IntlCrimCourt . Have you checked the price of Potatoes, Tomatoes, Green maize lately?",Sun Aug 06 14:10:47 +0000 2023,0,0
168,Nelson Havi,"State of collapsed Kenyan economy as experienced by the farmer is disturbing. A 100kg bag of maize is selling at Ksh 800, a gorogoro at Ksh 20, fish at Ksh 1,000 and a jogoo at Ksh 1,000. In 1995, a gorogoro sold at Ksh 20, fish at Ksh 100 and a jogoo at Ksh 100. Who do we blame?",Fri Oct 26 16:15:53 +0000 2018,203,522
169,Mutaikibetüá∞üá™,"The Kenya National Bureau of Statistics (KNBS) said the food and alcoholic segment, which accounts for 36.04 per cent of the consumer price index (CPI) weight, decreased by 1.04 per cent on cheaper July potatoes and vegetables compared to the previous month..",Fri Aug 02 12:41:25 +0000 2019,0,1
170,Mungai Kihanya,"@irdafrica_Kenya @WilliamsRuto @HusseinMohamedg @DavidNdii @Mutahi__Kagwe @DrRonohpaul OK.
Chips cost about sh1000/kg. Potatoes cost about sh80/kg at the farm gate.

BTW, I will never tire of reminding people that ""The price of an item has absolutely no relationship to the cost of producing it. None whatsoever!""",Sun Feb 16 13:22:19 +0000 2025,0,5
171,James Opere,"@Nashonodhiambo @RobertAlai South nyanza is the largest producer of sweet potatoes in Kenya,which they sell at thow away price to middlemen who arrive with big trucks and bring them to nrb for good market Priceüëå",Sun Mar 14 11:25:56 +0000 2021,0,0
172,Sanjay Kumar,"Has anyone noticed the increasing prices, Potato 50 rs, Onion 60 rs, most other green vegetables between 80-120 rs per kg. Is this not pinching the people or have we got used to this? No hue and cry about rising prices.",Sat Oct 24 05:18:53 +0000 2020,113,459
173,Ruto Stop Deforestation,"@TonyMurega Boss I wish you visit Nyandarua County, current The price of 1Litre Milk is Ksh.19, Potatoes No Market, Kenya is the worst Country to be a Farmer",Mon Feb 14 17:38:59 +0000 2022,0,0
174,Eric,"You can afford Ksh 100 daily to buy daly 1GB bundles for 1 month ( Ksh 3,000) to come whine on Twitter,

But cannot afford Ksh 2,000 to buy 40 Kgs of sweet potatoes, clean them, package them well and hawk in residential estates of Nairobi?

STOP SIMPING.

#MasculinitySaturday",Sat Oct 03 17:55:45 +0000 2020,66,429
175,Ja Loka,"President Ruto has tried and is still trying. Turning around an economy that was in a dilapidated state when KK took over cannot be microwaved overnight. It will take time:
Inflation has come down from 9% to 2.7%
Unga is 95 bob from 230 bob
Fuel from 217 to 180
Dollar from 160 to",Thu Nov 07 10:16:43 +0000 2024,81,585
176,Moe,"Fast food franchises operating in Kenya have been slapped with 30% duty on imports of potatoes. 

Duty applies on crop coming outside the EAC.

‚Äî Business Daily",Wed Jun 16 03:04:35 +0000 2021,192,426
177,Mnyore Joseph,Riggy's PLAN is to UPROOT all elected GEMA leaders and REPLACE them with his OWN. But Kikuyus are TRADERS. They do NOT tell you the price of their POTATOES two years to the ELECTION. This GREEN HORN politician will be surprised when Kikuyus BETRAY him and JOIN the rest of Kenya.,Sun Jan 05 03:27:18 +0000 2025,0,1
178,Moe,"Kenya's inflation hit 7-month high of 6.47% in April 

Commodities whose prices have risen most year on year include:

Cooking oil up 41%
Cooking gas up 38%
Wheat flour up 24%
Soap up 23%
Potatoes up 22%
Maize flour up 14%
Beef up 14%

‚Äî Business Daily",Fri Apr 29 03:40:00 +0000 2022,255,384
179,Mwalimu Muthisya,"Does AYUB ABDIKADIR live in Kenya? Did he buy unga during Uhuru's regime? Does he know the price of unga now? He should know that the price of cabbage,sukuma wiki, tomatoes,potatoes etc is down than before.",Tue Feb 11 04:56:26 +0000 2025,1,5
180,Ndi Kato,"1 basket of onions 4000
Kilo of meat 3300
Basket of sweet potato 1200
Basket of Irish potato 4000
5 pieces of yam 6500

I nearly craze for market today...",Wed Nov 01 18:32:39 +0000 2023,69,265
181,Cowgirl,"My brother is doing groceries deliveries in Nairobi for the following items :-
Tomatoes-  Ksh70/kg
Potatoes-    Ksh900/20kg crate
Onions-        Ksh120/kg

Call  0723100100 for delivery services in Nairobi.
Please retweet for a customer on your TL",Thu Apr 09 10:25:20 +0000 2020,314,271
182,Mutichilo Mike,"In Nyandarua,50KG bag of potatoes is going for 400 = 
Meaning a kilo of potatoes is going for Ksh9.
In,Carrefour Kenya,Two Rivers Mall,a kilo of potatoes is going for Ksh185.
Ruaka and Nyandarua are less than 100KM apart. 
This is wrong.
We need to streamline our agriculture...",Sun Aug 11 06:59:37 +0000 2019,272,529
183,Dennis Itumbi CBS - Commentary,"Dear Kenyans,

 1Kg Sugar is Khs 110 frm 240

 Dollar is Khs 129 frm 160

 6kg Gas is Kshs 1000 frm 1500

 1L cooking oil is Kshs 200 frm 400

 2kg unga is Kshs 97 frm 230
        
 Fertilizer is Kshs 2500 frm 7000

Don't be mean to deny Our President a word of congratulations üëè",Thu Jan 30 17:46:49 +0000 2025,153,1370
184,Shreenivas Doddapaneni,"@stats_feed In India $0.60 but of inferior quality. 
Good quality potatoes are rare to find these days. 
Shelf life has gone down from months to days.",Fri Feb 14 04:46:42 +0000 2025,0,1
185,Rishi Bagree,"Potato retail prices are down to Rs 10/kg from Rs 50/kg in November. 

Potato has a good weightage on vegetable basket in the inflation index. 
This will help in containing overall inflation below 5% for some time to come.",Thu Feb 18 03:52:22 +0000 2021,129,916
186,Juma,"Wueh bwana, grocery prices are on the floor, a full big cabbage is literally 50/-, hizi sahii zinatoka shamba na 10 bob, nahurumia wakulimaü•πü•πüíîüíî",Thu Feb 13 08:38:37 +0000 2025,0,1
187,Ô∏é Ô∏é Ô∏é Ô∏éÔ∏é Ô∏éÔ∏é Ô∏éÔ∏é Ô∏é Ô∏é Ô∏éÔ∏é Ô∏éÔ∏é Ô∏éÔ∏é Ô∏é Ô∏é Ô∏éÔ∏é Ô∏éÔ∏é Ô∏éÔ∏é Ô∏ékig3n,"I am selling potatoes that go for kes 2,200 per sack(tolgos).

my customer might be on your TL 

RT WIDELY.",Fri Jan 03 07:13:43 +0000 2025,282,314
188,Hon. Wakili Edward M√∫r√≠u.,"KK Goverment Agenda is to Subsidize Production and Not Consumption.
It brought fertiliser Prizes from 7,000, to 3,500.
The Impact is as Follows.
1kg Potatoes- from 250/= to 30/=
Cabbages-From 100/=-20/=.
Miji Kasuku-From 200-40/=.
Next season Fertiliser will be at 2,500/=.",Thu Aug 03 09:34:58 +0000 2023,47,202
189,WMM,Even the gods are against Raila Odinga. Food prices are coming down by themselves. Potatoes are now retailing at 400 per bucket from 1000. This will force maize flour  prices to go down. The cost of living msee wa maandamano is talking about will soon be a thing of the past.,Mon Jul 10 18:23:50 +0000 2023,40,229
190,SokoAnalyst,"One tomato is going for KES 50 in Mombasa. This is bound to increase to KES 75 each.

In Nairobi,  the price is KES 30 per tomato. This is increasing each day. 

Food prices are about to skyrocket,  it will be crazy. Mark this tweet. Too much rain, poor policies.",Thu Feb 13 19:55:51 +0000 2020,108,210
191,Juma G üá∞üá™,"Woke up to the news that a 2-kg packet of maize flour is now at Ksh 175. Some brands at Ksh 199. But we r told it will come down in August if we ""elect"" right... A 90-kg bag of maize, for the first time in history in Bungoma is at Ksh 7,600. Not the best time to be alive in Kenya",Wed Jun 15 04:54:16 +0000 2022,89,253
192,Padmaja üáÆüá≥,"@RkMishraEr @ValaAfshar Mishraji, Cost of Living and inflation also matter 
Cost of 1 Kg Potato,
India  INR 23 
Pakistan  PKR 124  = INR 36
USA  $ 3.58 = INR 286
Please stop misleading people for whatever reason.",Mon Apr 24 05:06:48 +0000 2023,124,426
193,mrs.quagmire,But have you guys noticed how expensive things have become?! 1 kg of tomatoes is 120 Bob. 1 cabbage is 150 Bob. Ndoo ya waru ni 800. How are people surviving Aki? üôÜüôÜüôÜüôÜüôÜüôÜ,Wed Apr 17 08:41:16 +0000 2019,228,431
194,David Ndii,"What do we have now? A Kenyatta cartel. When Uhuru took over as president, farmers were paid Sh30-35 per kg, consumers were paying Sh60. Where are we now. Farmers are paid Sh20-25 take it or leaving, consumers are paying Sh120.",Mon Jan 18 10:03:19 +0000 2021,193,538
195,Rocky A. Gofamodimo,"@Jebba11 Price of potatoes ga ya oketswa ke push local. Potato shortage is global. The price rise has been affected by many factors including shortage of inputs such as fertilizers. Ga se matapole hela a a oketsegileng price..
https://t.co/d18So6IwYF",Sun Apr 03 16:35:29 +0000 2022,0,0
196,FCPA Billow Kerrow,"Nairobi food prices this week...

Sugar  1 kg...sh 150
Wheatflour 2kg...sh 185
Milk O.5L...sh 70
Potatoes 10kg..sh 800
Meat mbuzu 1kg...sh 600
Chicken boneless 1kg....sh 70
Egg 1 tray....sh 400
Cooking oil 1L...sh 345
Maize flour 2kg...sh 177

All prices headed South!",Mon Apr 18 09:28:20 +0000 2022,43,188
197,Harambee,"@DavidNdii @DavidWanjiru @FrankHook Now I'm really interested to know at what price they import a kg of potatoes and if storing 600 ""gunias"" per month makes sense. This should be a contract for 1 farmer grows, processes, and supplies, making his millions quietly every month",Thu Jan 06 12:12:44 +0000 2022,0,0
198,üáØüá≤ Co-operative Textile Mill ‚ò≠,"The price of potatoes in Jamaica soared to 220 JMD per pound last month, while this is happening...",Wed Jul 01 06:10:17 +0000 2020,311,924
199,Kemalist,Fast food frachises like KFC that import potatoes are slapped with a 30% duty on imports of potatoes. Yet they still insist on importing potatoes. This can only mean the potatoes produced in Kenya are either too expensive or not upto their standards.,Tue Jan 04 07:47:00 +0000 2022,66,185
200,Juma G üá∞üá™,A crate of eggs (ya Kizungu) is now between Ksh 600 and Ksh 650 with an egg going for at least Ksh 20. A crate of Kienyeji eggs is now more than that of a live and kicking mature chicken.,Mon Jan 23 11:34:31 +0000 2023,50,323
201,BIKO ONDITI üá∞üá™,@DudespostingWs ü§£ü§£ü§£ü§£ In Kenya you get all that for about $3..,Thu Feb 13 11:16:23 +0000 2025,0,0
202,SARAHA DEVELOPERS,@queen_subie Kwani pia wewe ulishika ka acre pale sambulaiüòÖ? mazee hizo rains did me dirty. Nliwekeza over 120k with 50% of it ikitoka kwa shylock for 1 acre of potatoes late December 2023. Hadi wa Leo as am speaking sijawai recover. Ilibidi tuende na shylock hio Narok. Ata mbegu sikupataüò≠,Mon Jan 06 06:37:59 +0000 2025,12,230
203,SON OF ALKEBULAN üí™,"@Abdulhakim1100M @Kenyans Do you eat stones ü§î, unless you are from Somaliland, u should be aware that Kenya has faced drought since those konyagi brothers made an handshake. Just like potatoes price going down after harvest that's how everything will behave once we have harvested",Mon Jul 17 17:45:53 +0000 2023,0,0
204,J K Nzuki MCIPS üí≠üá∞üá™ ü•ëüêùüçØ üßÖ,"@mungaikihanya Potatoes and Onions from Kenya are of higher quality compared to the ones from Tz, I always buy Kenyan ones at a premium price cause of good quality. Talk to older traders in the market and they‚Äôll confirm this to you.",Sat Oct 21 10:54:14 +0000 2023,0,1
